Year,Persons in low income,Geography,GeoCode,Value
2015,,,,14.3
2016,,,,13.0
2017,,,,12.6
2018,,,,12.4
2019,,,,12.2
2020,,,,9.3
2021,,,,10.6
2022,,,,12.0
2023,,,,12.1
2024,,,,12.5
2015,Persons under 18 years,Canada,,15.3
2015,Persons 18 to 64 years,Canada,,13.9
2015,Persons 65 years and over,Canada,,14.6
2015,Men+,Canada,,13.7
2015,"Men+, under 18 years",Canada,,15.2
2015,"Men+, 18 to 64 years",Canada,,13.6
2015,"Men+, 65 years and over",Canada,,12.2
2015,Women+,Canada,,14.8
2015,"Women+, under 18 years",Canada,,15.5
2015,"Women+, 18 to 64 years",Canada,,14.1
2015,"Women+, 65 years and over",Canada,,16.6
2015,All persons,Atlantic provinces,,16.9
2015,Persons under 18 years,Atlantic provinces,,17.8
2015,Persons 18 to 64 years,Atlantic provinces,,15.0
2015,Persons 65 years and over,Atlantic provinces,,22.3
2015,Men+,Atlantic provinces,,15.7
2015,"Men+, under 18 years",Atlantic provinces,,17.1
2015,"Men+, 18 to 64 years",Atlantic provinces,,14.5
2015,"Men+, 65 years and over",Atlantic provinces,,18.3
2015,Women+,Atlantic provinces,,18.0
2015,"Women+, under 18 years",Atlantic provinces,,18.5
2015,"Women+, 18 to 64 years",Atlantic provinces,,15.5
2015,"Women+, 65 years and over",Atlantic provinces,,25.8
2015,All persons,Newfoundland and Labrador,10,15.9
2015,Persons under 18 years,Newfoundland and Labrador,,16.5
2015,Persons 18 to 64 years,Newfoundland and Labrador,,12.3
2015,Persons 65 years and over,Newfoundland and Labrador,,27.8
2015,Men+,Newfoundland and Labrador,,13.6
2015,"Men+, under 18 years",Newfoundland and Labrador,,15.6
2015,"Men+, 18 to 64 years",Newfoundland and Labrador,,10.5
2015,"Men+, 65 years and over",Newfoundland and Labrador,,23.1
2015,Women+,Newfoundland and Labrador,,18.1
2015,"Women+, under 18 years",Newfoundland and Labrador,,17.6
2015,"Women+, 18 to 64 years",Newfoundland and Labrador,,14.1
2015,"Women+, 65 years and over",Newfoundland and Labrador,,32.0
2015,All persons,Prince Edward Island,11,16.8
2015,Persons under 18 years,Prince Edward Island,,18.0
2015,Persons 18 to 64 years,Prince Edward Island,,15.1
2015,Persons 65 years and over,Prince Edward Island,,21.3
2015,Men+,Prince Edward Island,,15.2
2015,"Men+, under 18 years",Prince Edward Island,,16.0
2015,"Men+, 18 to 64 years",Prince Edward Island,,15.4
2015,"Men+, 65 years and over",Prince Edward Island,,13.9
2015,Women+,Prince Edward Island,,18.3
2015,"Women+, under 18 years",Prince Edward Island,,19.9
2015,"Women+, 18 to 64 years",Prince Edward Island,,14.9
2015,"Women+, 65 years and over",Prince Edward Island,,27.7
2015,All persons,Nova Scotia,12,17.3
2015,Persons under 18 years,Nova Scotia,,18.1
2015,Persons 18 to 64 years,Nova Scotia,,16.0
2015,Persons 65 years and over,Nova Scotia,,20.8
2015,Men+,Nova Scotia,,16.2
2015,"Men+, under 18 years",Nova Scotia,,16.4
2015,"Men+, 18 to 64 years",Nova Scotia,,15.8
2015,"Men+, 65 years and over",Nova Scotia,,17.1
2015,Women+,Nova Scotia,,18.4
2015,"Women+, under 18 years",Nova Scotia,,20.0
2015,"Women+, 18 to 64 years",Nova Scotia,,16.3
2015,"Women+, 65 years and over",Nova Scotia,,24.0
2015,All persons,New Brunswick,13,17.1
2015,Persons under 18 years,New Brunswick,,18.2
2015,Persons 18 to 64 years,New Brunswick,,15.7
2015,Persons 65 years and over,New Brunswick,,20.5
2015,Men+,New Brunswick,,16.7
2015,"Men+, under 18 years",New Brunswick,,19.3
2015,"Men+, 18 to 64 years",New Brunswick,,15.8
2015,"Men+, 65 years and over",New Brunswick,,17.2
2015,Women+,New Brunswick,,17.5
2015,"Women+, under 18 years",New Brunswick,,16.9
2015,"Women+, 18 to 64 years",New Brunswick,,15.7
2015,"Women+, 65 years and over",New Brunswick,,23.4
2015,All persons,Quebec,24,16.1
2015,Persons under 18 years,Quebec,,16.0
2015,Persons 18 to 64 years,Quebec,,15.5
2015,Persons 65 years and over,Quebec,,18.5
2015,Men+,Quebec,,15.3
2015,"Men+, under 18 years",Quebec,,15.4
2015,"Men+, 18 to 64 years",Quebec,,15.1
2015,"Men+, 65 years and over",Quebec,,15.8
2015,Women+,Quebec,,16.9
2015,"Women+, under 18 years",Quebec,,16.5
2015,"Women+, 18 to 64 years",Quebec,,15.9
2015,"Women+, 65 years and over",Quebec,,20.8
2015,All persons,Ontario,35,14.2
2015,Persons under 18 years,Ontario,,15.6
2015,Persons 18 to 64 years,Ontario,,14.1
2015,Persons 65 years and over,Ontario,,12.7
2015,Men+,Ontario,,13.7
2015,"Men+, under 18 years",Ontario,,16.5
2015,"Men+, 18 to 64 years",Ontario,,13.7
2015,"Men+, 65 years and over",Ontario,,10.2
2015,Women+,Ontario,,14.6
2015,"Women+, under 18 years",Ontario,,14.6
2015,"Women+, 18 to 64 years",Ontario,,14.5
2015,"Women+, 65 years and over",Ontario,,14.8
2015,All persons,Prairie provinces,,9.5
2015,Persons under 18 years,Prairie provinces,,14.1
2015,Persons 18 to 64 years,Prairie provinces,,8.3
2015,Persons 65 years and over,Prairie provinces,,8.0
2015,Men+,Prairie provinces,,9.1
2015,"Men+, under 18 years",Prairie provinces,,13.4
2015,"Men+, 18 to 64 years",Prairie provinces,,8.1
2015,"Men+, 65 years and over",Prairie provinces,,6.3
2015,Women+,Prairie provinces,,9.9
2015,"Women+, under 18 years",Prairie provinces,,15.0
2015,"Women+, 18 to 64 years",Prairie provinces,,8.4
2015,"Women+, 65 years and over",Prairie provinces,,9.4
2015,All persons,Manitoba,46,16.0
2015,Persons under 18 years,Manitoba,,23.1
2015,Persons 18 to 64 years,Manitoba,,14.1
2015,Persons 65 years and over,Manitoba,,13.4
2015,Men+,Manitoba,,16.4
2015,"Men+, under 18 years",Manitoba,,26.9
2015,"Men+, 18 to 64 years",Manitoba,,14.3
2015,"Men+, 65 years and over",Manitoba,,8.9
2015,Women+,Manitoba,,15.6
2015,"Women+, under 18 years",Manitoba,,19.3
2015,"Women+, 18 to 64 years",Manitoba,,13.9
2015,"Women+, 65 years and over",Manitoba,,17.2
2015,All persons,Saskatchewan,47,12.4
2015,Persons under 18 years,Saskatchewan,,17.8
2015,Persons 18 to 64 years,Saskatchewan,,10.4
2015,Persons 65 years and over,Saskatchewan,,12.6
2015,Men+,Saskatchewan,,10.9
2015,"Men+, under 18 years",Saskatchewan,,16.9
2015,"Men+, 18 to 64 years",Saskatchewan,,8.9
2015,"Men+, 65 years and over",Saskatchewan,,10.3
2015,Women+,Saskatchewan,,13.9
2015,"Women+, under 18 years",Saskatchewan,,18.6
2015,"Women+, 18 to 64 years",Saskatchewan,,12.0
2015,"Women+, 65 years and over",Saskatchewan,,14.6
2015,All persons,Alberta,48,6.9
2015,Persons under 18 years,Alberta,,10.5
2015,Persons 18 to 64 years,Alberta,,6.1
2015,Persons 65 years and over,Alberta,,4.3
2015,Men+,Alberta,,6.5
2015,"Men+, under 18 years",Alberta,,8.6
2015,"Men+, 18 to 64 years",Alberta,,6.2
2015,"Men+, 65 years and over",Alberta,,4.0
2015,Women+,Alberta,,7.2
2015,"Women+, under 18 years",Alberta,,12.6
2015,"Women+, 18 to 64 years",Alberta,,5.9
2015,"Women+, 65 years and over",Alberta,,4.6
2015,All persons,British Columbia,59,16.6
2015,Persons under 18 years,British Columbia,,14.1
2015,Persons 18 to 64 years,British Columbia,,17.7
2015,Persons 65 years and over,British Columbia,,15.0
2015,Men+,British Columbia,,16.4
2015,"Men+, under 18 years",British Columbia,,12.6
2015,"Men+, 18 to 64 years",British Columbia,,18.2
2015,"Men+, 65 years and over",British Columbia,,13.5
2015,Women+,British Columbia,,16.8
2015,"Women+, under 18 years",British Columbia,,15.7
2015,"Women+, 18 to 64 years",British Columbia,,17.3
2015,"Women+, 65 years and over",British Columbia,,16.4
2015,All persons,"Québec, Quebec",,10.2
2015,Persons 18 to 64 years,"Québec, Quebec",,9.2
2015,Persons 65 years and over,"Québec, Quebec",,17.8
2015,Men+,"Québec, Quebec",,10.6
2015,"Men+, 18 to 64 years","Québec, Quebec",,10.0
2015,"Men+, 65 years and over","Québec, Quebec",,15.6
2015,Women+,"Québec, Quebec",,9.8
2015,"Women+, 18 to 64 years","Québec, Quebec",,8.5
2015,"Women+, 65 years and over","Québec, Quebec",,19.5
2015,All persons,"Montréal, Quebec",,18.6
2015,Persons under 18 years,"Montréal, Quebec",,21.1
2015,Persons 18 to 64 years,"Montréal, Quebec",,18.6
2015,Persons 65 years and over,"Montréal, Quebec",,15.9
2015,Men+,"Montréal, Quebec",,17.9
2015,"Men+, under 18 years","Montréal, Quebec",,20.6
2015,"Men+, 18 to 64 years","Montréal, Quebec",,17.9
2015,"Men+, 65 years and over","Montréal, Quebec",,14.3
2015,Women+,"Montréal, Quebec",,19.3
2015,"Women+, under 18 years","Montréal, Quebec",,21.4
2015,"Women+, 18 to 64 years","Montréal, Quebec",,19.2
2015,"Women+, 65 years and over","Montréal, Quebec",,17.3
2015,All persons,"Ottawa-Gatineau, Ontario/Quebec",,10.7
2015,Persons under 18 years,"Ottawa-Gatineau, Ontario/Quebec",,10.5
2015,Persons 18 to 64 years,"Ottawa-Gatineau, Ontario/Quebec",,11.3
2015,Persons 65 years and over,"Ottawa-Gatineau, Ontario/Quebec",,8.3
2015,Men+,"Ottawa-Gatineau, Ontario/Quebec",,9.8
2015,"Men+, 18 to 64 years","Ottawa-Gatineau, Ontario/Quebec",,10.5
2015,Women+,"Ottawa-Gatineau, Ontario/Quebec",,11.6
2015,"Women+, 18 to 64 years","Ottawa-Gatineau, Ontario/Quebec",,12.0
2015,"Women+, 65 years and over","Ottawa-Gatineau, Ontario/Quebec",,8.8
2015,All persons,"Toronto, Ontario",,16.3
2015,Persons under 18 years,"Toronto, Ontario",,18.5
2015,Persons 18 to 64 years,"Toronto, Ontario",,15.6
2015,Persons 65 years and over,"Toronto, Ontario",,16.0
2015,Men+,"Toronto, Ontario",,15.9
2015,"Men+, under 18 years","Toronto, Ontario",,20.1
2015,"Men+, 18 to 64 years","Toronto, Ontario",,15.0
2015,"Men+, 65 years and over","Toronto, Ontario",,13.1
2015,Women+,"Toronto, Ontario",,16.6
2015,"Women+, under 18 years","Toronto, Ontario",,16.9
2015,"Women+, 18 to 64 years","Toronto, Ontario",,16.1
2015,"Women+, 65 years and over","Toronto, Ontario",,18.4
2015,All persons,"Winnipeg, Manitoba",,16.4
2015,Persons under 18 years,"Winnipeg, Manitoba",,23.9
2015,Persons 18 to 64 years,"Winnipeg, Manitoba",,15.2
2015,Persons 65 years and over,"Winnipeg, Manitoba",,10.9
2015,Men+,"Winnipeg, Manitoba",,16.3
2015,"Men+, under 18 years","Winnipeg, Manitoba",,28.4
2015,"Men+, 18 to 64 years","Winnipeg, Manitoba",,14.6
2015,"Men+, 65 years and over","Winnipeg, Manitoba",,4.9
2015,Women+,"Winnipeg, Manitoba",,16.6
2015,"Women+, under 18 years","Winnipeg, Manitoba",,19.6
2015,"Women+, 18 to 64 years","Winnipeg, Manitoba",,15.7
2015,"Women+, 65 years and over","Winnipeg, Manitoba",,15.7
2015,All persons,"Calgary, Alberta",,7.5
2015,Persons 18 to 64 years,"Calgary, Alberta",,6.4
2015,Persons 65 years and over,"Calgary, Alberta",,5.6
2015,Men+,"Calgary, Alberta",,7.3
2015,"Men+, 18 to 64 years","Calgary, Alberta",,6.9
2015,Women+,"Calgary, Alberta",,7.7
2015,"Women+, 18 to 64 years","Calgary, Alberta",,5.8
2015,All persons,"Edmonton, Alberta",,6.7
2015,Persons under 18 years,"Edmonton, Alberta",,11.1
2015,Persons 18 to 64 years,"Edmonton, Alberta",,6.0
2015,Men+,"Edmonton, Alberta",,6.5
2015,"Men+, 18 to 64 years","Edmonton, Alberta",,6.5
2015,Women+,"Edmonton, Alberta",,6.9
2015,"Women+, 18 to 64 years","Edmonton, Alberta",,5.5
2015,All persons,"Vancouver, British Columbia",,17.0
2015,Persons under 18 years,"Vancouver, British Columbia",,15.3
2015,Persons 18 to 64 years,"Vancouver, British Columbia",,17.6
2015,Persons 65 years and over,"Vancouver, British Columbia",,16.7
2015,Men+,"Vancouver, British Columbia",,17.1
2015,"Men+, under 18 years","Vancouver, British Columbia",,14.9
2015,"Men+, 18 to 64 years","Vancouver, British Columbia",,17.8
2015,"Men+, 65 years and over","Vancouver, British Columbia",,16.8
2015,Women+,"Vancouver, British Columbia",,17.0
2015,"Women+, under 18 years","Vancouver, British Columbia",,15.7
2015,"Women+, 18 to 64 years","Vancouver, British Columbia",,17.5
2015,"Women+, 65 years and over","Vancouver, British Columbia",,16.6
2016,Persons under 18 years,Canada,,13.8
2016,Persons 18 to 64 years,Canada,,12.3
2016,Persons 65 years and over,Canada,,14.6
2016,Men+,Canada,,12.2
2016,"Men+, under 18 years",Canada,,13.5
2016,"Men+, 18 to 64 years",Canada,,11.7
2016,"Men+, 65 years and over",Canada,,12.3
2016,Women+,Canada,,13.8
2016,"Women+, under 18 years",Canada,,14.2
2016,"Women+, 18 to 64 years",Canada,,13.0
2016,"Women+, 65 years and over",Canada,,16.6
2016,All persons,Atlantic provinces,,15.7
2016,Persons under 18 years,Atlantic provinces,,18.1
2016,Persons 18 to 64 years,Atlantic provinces,,13.6
2016,Persons 65 years and over,Atlantic provinces,,20.3
2016,Men+,Atlantic provinces,,14.6
2016,"Men+, under 18 years",Atlantic provinces,,19.3
2016,"Men+, 18 to 64 years",Atlantic provinces,,12.2
2016,"Men+, 65 years and over",Atlantic provinces,,18.3
2016,Women+,Atlantic provinces,,16.8
2016,"Women+, under 18 years",Atlantic provinces,,17.0
2016,"Women+, 18 to 64 years",Atlantic provinces,,15.0
2016,"Women+, 65 years and over",Atlantic provinces,,22.2
2016,All persons,Newfoundland and Labrador,10,15.8
2016,Persons under 18 years,Newfoundland and Labrador,,16.2
2016,Persons 18 to 64 years,Newfoundland and Labrador,,12.8
2016,Persons 65 years and over,Newfoundland and Labrador,,25.6
2016,Men+,Newfoundland and Labrador,,14.0
2016,"Men+, under 18 years",Newfoundland and Labrador,,16.7
2016,"Men+, 18 to 64 years",Newfoundland and Labrador,,9.9
2016,"Men+, 65 years and over",Newfoundland and Labrador,,25.3
2016,Women+,Newfoundland and Labrador,,17.6
2016,"Women+, under 18 years",Newfoundland and Labrador,,15.6
2016,"Women+, 18 to 64 years",Newfoundland and Labrador,,15.6
2016,"Women+, 65 years and over",Newfoundland and Labrador,,25.9
2016,All persons,Prince Edward Island,11,16.3
2016,Persons under 18 years,Prince Edward Island,,22.6
2016,Persons 18 to 64 years,Prince Edward Island,,13.3
2016,Persons 65 years and over,Prince Edward Island,,19.7
2016,Men+,Prince Edward Island,,13.5
2016,"Men+, under 18 years",Prince Edward Island,,19.4
2016,"Men+, 18 to 64 years",Prince Edward Island,,11.6
2016,"Men+, 65 years and over",Prince Edward Island,,13.7
2016,Women+,Prince Edward Island,,18.9
2016,"Women+, under 18 years",Prince Edward Island,,25.9
2016,"Women+, 18 to 64 years",Prince Edward Island,,14.9
2016,"Women+, 65 years and over",Prince Edward Island,,25.0
2016,All persons,Nova Scotia,12,16.2
2016,Persons under 18 years,Nova Scotia,,19.1
2016,Persons 18 to 64 years,Nova Scotia,,15.5
2016,Persons 65 years and over,Nova Scotia,,15.9
2016,Men+,Nova Scotia,,16.1
2016,"Men+, under 18 years",Nova Scotia,,20.4
2016,"Men+, 18 to 64 years",Nova Scotia,,15.3
2016,"Men+, 65 years and over",Nova Scotia,,14.3
2016,Women+,Nova Scotia,,16.3
2016,"Women+, under 18 years",Nova Scotia,,17.7
2016,"Women+, 18 to 64 years",Nova Scotia,,15.7
2016,"Women+, 65 years and over",Nova Scotia,,17.3
2016,All persons,New Brunswick,13,15.0
2016,Persons under 18 years,New Brunswick,,17.4
2016,Persons 18 to 64 years,New Brunswick,,12.0
2016,Persons 65 years and over,New Brunswick,,22.3
2016,Men+,New Brunswick,,13.5
2016,"Men+, under 18 years",New Brunswick,,19.6
2016,"Men+, 18 to 64 years",New Brunswick,,10.1
2016,"Men+, 65 years and over",New Brunswick,,19.1
2016,Women+,New Brunswick,,16.4
2016,"Women+, under 18 years",New Brunswick,,15.1
2016,"Women+, 18 to 64 years",New Brunswick,,13.8
2016,"Women+, 65 years and over",New Brunswick,,25.1
2016,All persons,Quebec,24,13.8
2016,Persons under 18 years,Quebec,,12.9
2016,Persons 18 to 64 years,Quebec,,12.6
2016,Persons 65 years and over,Quebec,,19.1
2016,Men+,Quebec,,13.2
2016,"Men+, under 18 years",Quebec,,13.3
2016,"Men+, 18 to 64 years",Quebec,,12.4
2016,"Men+, 65 years and over",Quebec,,16.2
2016,Women+,Quebec,,14.4
2016,"Women+, under 18 years",Quebec,,12.5
2016,"Women+, 18 to 64 years",Quebec,,12.8
2016,"Women+, 65 years and over",Quebec,,21.5
2016,All persons,Ontario,35,13.7
2016,Persons under 18 years,Ontario,,16.0
2016,Persons 18 to 64 years,Ontario,,13.2
2016,Persons 65 years and over,Ontario,,13.0
2016,Men+,Ontario,,12.2
2016,"Men+, under 18 years",Ontario,,14.8
2016,"Men+, 18 to 64 years",Ontario,,11.7
2016,"Men+, 65 years and over",Ontario,,10.8
2016,Women+,Ontario,,15.1
2016,"Women+, under 18 years",Ontario,,17.3
2016,"Women+, 18 to 64 years",Ontario,,14.6
2016,"Women+, 65 years and over",Ontario,,14.9
2016,All persons,Prairie provinces,,9.2
2016,Persons under 18 years,Prairie provinces,,10.1
2016,Persons 18 to 64 years,Prairie provinces,,8.9
2016,Persons 65 years and over,Prairie provinces,,9.5
2016,Men+,Prairie provinces,,9.1
2016,"Men+, under 18 years",Prairie provinces,,10.4
2016,"Men+, 18 to 64 years",Prairie provinces,,8.6
2016,"Men+, 65 years and over",Prairie provinces,,9.0
2016,Women+,Prairie provinces,,9.4
2016,"Women+, under 18 years",Prairie provinces,,9.7
2016,"Women+, 18 to 64 years",Prairie provinces,,9.2
2016,"Women+, 65 years and over",Prairie provinces,,9.9
2016,All persons,Manitoba,46,13.3
2016,Persons under 18 years,Manitoba,,17.3
2016,Persons 18 to 64 years,Manitoba,,11.8
2016,Persons 65 years and over,Manitoba,,14.1
2016,Men+,Manitoba,,13.0
2016,"Men+, under 18 years",Manitoba,,18.6
2016,"Men+, 18 to 64 years",Manitoba,,11.3
2016,"Men+, 65 years and over",Manitoba,,11.5
2016,Women+,Manitoba,,13.7
2016,"Women+, under 18 years",Manitoba,,15.8
2016,"Women+, 18 to 64 years",Manitoba,,12.3
2016,"Women+, 65 years and over",Manitoba,,16.3
2016,All persons,Saskatchewan,47,11.4
2016,Persons under 18 years,Saskatchewan,,12.9
2016,Persons 18 to 64 years,Saskatchewan,,9.8
2016,Persons 65 years and over,Saskatchewan,,15.8
2016,Men+,Saskatchewan,,10.4
2016,"Men+, under 18 years",Saskatchewan,,12.0
2016,"Men+, 18 to 64 years",Saskatchewan,,8.9
2016,"Men+, 65 years and over",Saskatchewan,,14.5
2016,Women+,Saskatchewan,,12.5
2016,"Women+, under 18 years",Saskatchewan,,13.8
2016,"Women+, 18 to 64 years",Saskatchewan,,10.8
2016,"Women+, 65 years and over",Saskatchewan,,17.0
2016,All persons,Alberta,48,7.4
2016,Persons under 18 years,Alberta,,7.2
2016,Persons 18 to 64 years,Alberta,,7.9
2016,Persons 65 years and over,Alberta,,5.6
2016,Men+,Alberta,,7.5
2016,"Men+, under 18 years",Alberta,,7.4
2016,"Men+, 18 to 64 years",Alberta,,7.8
2016,"Men+, 65 years and over",Alberta,,6.2
2016,Women+,Alberta,,7.4
2016,"Women+, under 18 years",Alberta,,7.0
2016,"Women+, 18 to 64 years",Alberta,,8.0
2016,"Women+, 65 years and over",Alberta,,5.1
2016,All persons,British Columbia,59,13.4
2016,Persons under 18 years,British Columbia,,13.0
2016,Persons 18 to 64 years,British Columbia,,13.5
2016,Persons 65 years and over,British Columbia,,13.2
2016,Men+,British Columbia,,13.3
2016,"Men+, under 18 years",British Columbia,,12.2
2016,"Men+, 18 to 64 years",British Columbia,,14.5
2016,"Men+, 65 years and over",British Columbia,,9.9
2016,Women+,British Columbia,,13.4
2016,"Women+, under 18 years",British Columbia,,13.9
2016,"Women+, 18 to 64 years",British Columbia,,12.6
2016,"Women+, 65 years and over",British Columbia,,16.1
2016,All persons,"Québec, Quebec",,10.9
2016,Persons under 18 years,"Québec, Quebec",,7.7
2016,Persons 18 to 64 years,"Québec, Quebec",,9.0
2016,Persons 65 years and over,"Québec, Quebec",,20.0
2016,Men+,"Québec, Quebec",,8.6
2016,"Men+, 18 to 64 years","Québec, Quebec",,8.1
2016,"Men+, 65 years and over","Québec, Quebec",,13.6
2016,Women+,"Québec, Quebec",,12.9
2016,"Women+, 18 to 64 years","Québec, Quebec",,9.9
2016,"Women+, 65 years and over","Québec, Quebec",,25.1
2016,All persons,"Montréal, Quebec",,14.6
2016,Persons under 18 years,"Montréal, Quebec",,15.6
2016,Persons 18 to 64 years,"Montréal, Quebec",,13.6
2016,Persons 65 years and over,"Montréal, Quebec",,17.2
2016,Men+,"Montréal, Quebec",,14.4
2016,"Men+, under 18 years","Montréal, Quebec",,15.7
2016,"Men+, 18 to 64 years","Montréal, Quebec",,13.4
2016,"Men+, 65 years and over","Montréal, Quebec",,17.1
2016,Women+,"Montréal, Quebec",,14.7
2016,"Women+, under 18 years","Montréal, Quebec",,15.4
2016,"Women+, 18 to 64 years","Montréal, Quebec",,13.8
2016,"Women+, 65 years and over","Montréal, Quebec",,17.4
2016,All persons,"Ottawa-Gatineau, Ontario/Quebec",,9.1
2016,Persons under 18 years,"Ottawa-Gatineau, Ontario/Quebec",,10.6
2016,Persons 18 to 64 years,"Ottawa-Gatineau, Ontario/Quebec",,9.1
2016,Persons 65 years and over,"Ottawa-Gatineau, Ontario/Quebec",,7.2
2016,Men+,"Ottawa-Gatineau, Ontario/Quebec",,8.1
2016,"Men+, under 18 years","Ottawa-Gatineau, Ontario/Quebec",,9.1
2016,"Men+, 18 to 64 years","Ottawa-Gatineau, Ontario/Quebec",,8.7
2016,Women+,"Ottawa-Gatineau, Ontario/Quebec",,10.1
2016,"Women+, under 18 years","Ottawa-Gatineau, Ontario/Quebec",,12.0
2016,"Women+, 18 to 64 years","Ottawa-Gatineau, Ontario/Quebec",,9.6
2016,"Women+, 65 years and over","Ottawa-Gatineau, Ontario/Quebec",,9.8
2016,All persons,"Toronto, Ontario",,15.7
2016,Persons under 18 years,"Toronto, Ontario",,19.2
2016,Persons 18 to 64 years,"Toronto, Ontario",,14.6
2016,Persons 65 years and over,"Toronto, Ontario",,15.3
2016,Men+,"Toronto, Ontario",,13.9
2016,"Men+, under 18 years","Toronto, Ontario",,16.8
2016,"Men+, 18 to 64 years","Toronto, Ontario",,12.8
2016,"Men+, 65 years and over","Toronto, Ontario",,15.1
2016,Women+,"Toronto, Ontario",,17.3
2016,"Women+, under 18 years","Toronto, Ontario",,21.5
2016,"Women+, 18 to 64 years","Toronto, Ontario",,16.4
2016,"Women+, 65 years and over","Toronto, Ontario",,15.5
2016,All persons,"Winnipeg, Manitoba",,13.3
2016,Persons under 18 years,"Winnipeg, Manitoba",,18.6
2016,Persons 18 to 64 years,"Winnipeg, Manitoba",,12.1
2016,Persons 65 years and over,"Winnipeg, Manitoba",,11.0
2016,Men+,"Winnipeg, Manitoba",,13.1
2016,"Men+, under 18 years","Winnipeg, Manitoba",,19.9
2016,"Men+, 18 to 64 years","Winnipeg, Manitoba",,11.6
2016,"Men+, 65 years and over","Winnipeg, Manitoba",,9.5
2016,Women+,"Winnipeg, Manitoba",,13.4
2016,"Women+, under 18 years","Winnipeg, Manitoba",,17.3
2016,"Women+, 18 to 64 years","Winnipeg, Manitoba",,12.5
2016,"Women+, 65 years and over","Winnipeg, Manitoba",,12.3
2016,All persons,"Calgary, Alberta",,6.3
2016,Persons under 18 years,"Calgary, Alberta",,5.4
2016,Persons 18 to 64 years,"Calgary, Alberta",,6.6
2016,Men+,"Calgary, Alberta",,6.5
2016,"Men+, under 18 years","Calgary, Alberta",,6.2
2016,"Men+, 18 to 64 years","Calgary, Alberta",,5.9
2016,Women+,"Calgary, Alberta",,6.2
2016,"Women+, 18 to 64 years","Calgary, Alberta",,7.3
2016,All persons,"Edmonton, Alberta",,6.0
2016,Persons 18 to 64 years,"Edmonton, Alberta",,7.3
2016,Men+,"Edmonton, Alberta",,6.4
2016,"Men+, 18 to 64 years","Edmonton, Alberta",,8.0
2016,Women+,"Edmonton, Alberta",,5.6
2016,"Women+, 18 to 64 years","Edmonton, Alberta",,6.6
2016,All persons,"Vancouver, British Columbia",,12.8
2016,Persons under 18 years,"Vancouver, British Columbia",,11.8
2016,Persons 18 to 64 years,"Vancouver, British Columbia",,13.0
2016,Persons 65 years and over,"Vancouver, British Columbia",,13.0
2016,Men+,"Vancouver, British Columbia",,12.4
2016,"Men+, under 18 years","Vancouver, British Columbia",,11.4
2016,"Men+, 18 to 64 years","Vancouver, British Columbia",,13.6
2016,"Men+, 65 years and over","Vancouver, British Columbia",,8.7
2016,Women+,"Vancouver, British Columbia",,13.2
2016,"Women+, under 18 years","Vancouver, British Columbia",,12.3
2016,"Women+, 18 to 64 years","Vancouver, British Columbia",,12.4
2016,"Women+, 65 years and over","Vancouver, British Columbia",,17.2
2017,Persons under 18 years,Canada,,11.8
2017,Persons 18 to 64 years,Canada,,12.1
2017,Persons 65 years and over,Canada,,15.4
2017,Men+,Canada,,11.8
2017,"Men+, under 18 years",Canada,,11.3
2017,"Men+, 18 to 64 years",Canada,,11.8
2017,"Men+, 65 years and over",Canada,,12.2
2017,Women+,Canada,,13.4
2017,"Women+, under 18 years",Canada,,12.4
2017,"Women+, 18 to 64 years",Canada,,12.4
2017,"Women+, 65 years and over",Canada,,18.2
2017,All persons,Atlantic provinces,,16.3
2017,Persons under 18 years,Atlantic provinces,,16.8
2017,Persons 18 to 64 years,Atlantic provinces,,15.0
2017,Persons 65 years and over,Atlantic provinces,,19.7
2017,Men+,Atlantic provinces,,15.0
2017,"Men+, under 18 years",Atlantic provinces,,16.3
2017,"Men+, 18 to 64 years",Atlantic provinces,,14.0
2017,"Men+, 65 years and over",Atlantic provinces,,17.4
2017,Women+,Atlantic provinces,,17.4
2017,"Women+, under 18 years",Atlantic provinces,,17.4
2017,"Women+, 18 to 64 years",Atlantic provinces,,16.0
2017,"Women+, 65 years and over",Atlantic provinces,,21.7
2017,All persons,Newfoundland and Labrador,10,15.0
2017,Persons under 18 years,Newfoundland and Labrador,,12.7
2017,Persons 18 to 64 years,Newfoundland and Labrador,,13.3
2017,Persons 65 years and over,Newfoundland and Labrador,,22.5
2017,Men+,Newfoundland and Labrador,,13.8
2017,"Men+, under 18 years",Newfoundland and Labrador,,13.0
2017,"Men+, 18 to 64 years",Newfoundland and Labrador,,12.2
2017,"Men+, 65 years and over",Newfoundland and Labrador,,20.1
2017,Women+,Newfoundland and Labrador,,16.2
2017,"Women+, under 18 years",Newfoundland and Labrador,,12.4
2017,"Women+, 18 to 64 years",Newfoundland and Labrador,,14.4
2017,"Women+, 65 years and over",Newfoundland and Labrador,,24.7
2017,All persons,Prince Edward Island,11,16.4
2017,Persons under 18 years,Prince Edward Island,,15.8
2017,Persons 18 to 64 years,Prince Edward Island,,15.4
2017,Persons 65 years and over,Prince Edward Island,,20.3
2017,Men+,Prince Edward Island,,16.3
2017,"Men+, under 18 years",Prince Edward Island,,17.8
2017,"Men+, 18 to 64 years",Prince Edward Island,,15.1
2017,"Men+, 65 years and over",Prince Edward Island,,18.7
2017,Women+,Prince Edward Island,,16.5
2017,"Women+, under 18 years",Prince Edward Island,,13.5
2017,"Women+, 18 to 64 years",Prince Edward Island,,15.6
2017,"Women+, 65 years and over",Prince Edward Island,,21.8
2017,All persons,Nova Scotia,12,17.5
2017,Persons under 18 years,Nova Scotia,,19.9
2017,Persons 18 to 64 years,Nova Scotia,,16.8
2017,Persons 65 years and over,Nova Scotia,,17.8
2017,Men+,Nova Scotia,,16.0
2017,"Men+, under 18 years",Nova Scotia,,17.7
2017,"Men+, 18 to 64 years",Nova Scotia,,15.6
2017,"Men+, 65 years and over",Nova Scotia,,15.8
2017,Women+,Nova Scotia,,19.0
2017,"Women+, under 18 years",Nova Scotia,,22.3
2017,"Women+, 18 to 64 years",Nova Scotia,,17.9
2017,"Women+, 65 years and over",Nova Scotia,,19.4
2017,All persons,New Brunswick,13,15.5
2017,Persons under 18 years,New Brunswick,,16.1
2017,Persons 18 to 64 years,New Brunswick,,13.9
2017,Persons 65 years and over,New Brunswick,,20.0
2017,Men+,New Brunswick,,14.3
2017,"Men+, under 18 years",New Brunswick,,16.3
2017,"Men+, 18 to 64 years",New Brunswick,,12.9
2017,"Men+, 65 years and over",New Brunswick,,17.1
2017,Women+,New Brunswick,,16.6
2017,"Women+, under 18 years",New Brunswick,,15.8
2017,"Women+, 18 to 64 years",New Brunswick,,14.8
2017,"Women+, 65 years and over",New Brunswick,,22.5
2017,All persons,Quebec,24,14.2
2017,Persons under 18 years,Quebec,,10.5
2017,Persons 18 to 64 years,Quebec,,12.9
2017,Persons 65 years and over,Quebec,,22.4
2017,Men+,Quebec,,12.9
2017,"Men+, under 18 years",Quebec,,10.5
2017,"Men+, 18 to 64 years",Quebec,,12.5
2017,"Men+, 65 years and over",Quebec,,17.2
2017,Women+,Quebec,,15.5
2017,"Women+, under 18 years",Quebec,,10.5
2017,"Women+, 18 to 64 years",Quebec,,13.4
2017,"Women+, 65 years and over",Quebec,,27.0
2017,All persons,Ontario,35,12.7
2017,Persons under 18 years,Ontario,,12.7
2017,Persons 18 to 64 years,Ontario,,12.8
2017,Persons 65 years and over,Ontario,,12.4
2017,Men+,Ontario,,12.3
2017,"Men+, under 18 years",Ontario,,11.7
2017,"Men+, 18 to 64 years",Ontario,,13.1
2017,"Men+, 65 years and over",Ontario,,9.8
2017,Women+,Ontario,,13.1
2017,"Women+, under 18 years",Ontario,,13.8
2017,"Women+, 18 to 64 years",Ontario,,12.5
2017,"Women+, 65 years and over",Ontario,,14.5
2017,All persons,Prairie provinces,,9.3
2017,Persons under 18 years,Prairie provinces,,10.8
2017,Persons 18 to 64 years,Prairie provinces,,8.9
2017,Persons 65 years and over,Prairie provinces,,8.8
2017,Men+,Prairie provinces,,8.4
2017,"Men+, under 18 years",Prairie provinces,,9.7
2017,"Men+, 18 to 64 years",Prairie provinces,,8.2
2017,"Men+, 65 years and over",Prairie provinces,,6.9
2017,Women+,Prairie provinces,,10.3
2017,"Women+, under 18 years",Prairie provinces,,11.9
2017,"Women+, 18 to 64 years",Prairie provinces,,9.6
2017,"Women+, 65 years and over",Prairie provinces,,10.4
2017,All persons,Manitoba,46,14.6
2017,Persons under 18 years,Manitoba,,19.1
2017,Persons 18 to 64 years,Manitoba,,13.0
2017,Persons 65 years and over,Manitoba,,14.9
2017,Men+,Manitoba,,13.3
2017,"Men+, under 18 years",Manitoba,,17.1
2017,"Men+, 18 to 64 years",Manitoba,,12.3
2017,"Men+, 65 years and over",Manitoba,,11.8
2017,Women+,Manitoba,,15.9
2017,"Women+, under 18 years",Manitoba,,21.1
2017,"Women+, 18 to 64 years",Manitoba,,13.7
2017,"Women+, 65 years and over",Manitoba,,17.6
2017,All persons,Saskatchewan,47,12.8
2017,Persons under 18 years,Saskatchewan,,15.1
2017,Persons 18 to 64 years,Saskatchewan,,11.2
2017,Persons 65 years and over,Saskatchewan,,15.5
2017,Men+,Saskatchewan,,12.0
2017,"Men+, under 18 years",Saskatchewan,,14.7
2017,"Men+, 18 to 64 years",Saskatchewan,,10.9
2017,"Men+, 65 years and over",Saskatchewan,,12.6
2017,Women+,Saskatchewan,,13.5
2017,"Women+, under 18 years",Saskatchewan,,15.6
2017,"Women+, 18 to 64 years",Saskatchewan,,11.6
2017,"Women+, 65 years and over",Saskatchewan,,18.0
2017,All persons,Alberta,48,6.9
2017,Persons under 18 years,Alberta,,7.2
2017,Persons 18 to 64 years,Alberta,,7.2
2017,Persons 65 years and over,Alberta,,4.4
2017,Men+,Alberta,,6.0
2017,"Men+, under 18 years",Alberta,,6.2
2017,"Men+, 18 to 64 years",Alberta,,6.4
2017,"Men+, 65 years and over",Alberta,,3.4
2017,Women+,Alberta,,7.7
2017,"Women+, under 18 years",Alberta,,8.2
2017,"Women+, 18 to 64 years",Alberta,,8.0
2017,"Women+, 65 years and over",Alberta,,5.3
2017,All persons,British Columbia,59,12.3
2017,Persons under 18 years,British Columbia,,10.7
2017,Persons 18 to 64 years,British Columbia,,11.8
2017,Persons 65 years and over,British Columbia,,15.6
2017,Men+,British Columbia,,11.4
2017,"Men+, under 18 years",British Columbia,,12.0
2017,"Men+, 18 to 64 years",British Columbia,,11.0
2017,"Men+, 65 years and over",British Columbia,,12.2
2017,Women+,British Columbia,,13.1
2017,"Women+, under 18 years",British Columbia,,9.3
2017,"Women+, 18 to 64 years",British Columbia,,12.6
2017,"Women+, 65 years and over",British Columbia,,18.7
2017,All persons,"Québec, Quebec",,8.7
2017,Persons 18 to 64 years,"Québec, Quebec",,7.0
2017,Persons 65 years and over,"Québec, Quebec",,18.2
2017,Men+,"Québec, Quebec",,7.6
2017,"Men+, 18 to 64 years","Québec, Quebec",,6.3
2017,"Men+, 65 years and over","Québec, Quebec",,14.2
2017,Women+,"Québec, Quebec",,9.8
2017,"Women+, 18 to 64 years","Québec, Quebec",,7.6
2017,"Women+, 65 years and over","Québec, Quebec",,22.1
2017,All persons,"Montréal, Quebec",,15.4
2017,Persons under 18 years,"Montréal, Quebec",,12.6
2017,Persons 18 to 64 years,"Montréal, Quebec",,14.5
2017,Persons 65 years and over,"Montréal, Quebec",,22.6
2017,Men+,"Montréal, Quebec",,14.4
2017,"Men+, under 18 years","Montréal, Quebec",,13.2
2017,"Men+, 18 to 64 years","Montréal, Quebec",,14.2
2017,"Men+, 65 years and over","Montréal, Quebec",,17.2
2017,Women+,"Montréal, Quebec",,16.3
2017,"Women+, under 18 years","Montréal, Quebec",,11.9
2017,"Women+, 18 to 64 years","Montréal, Quebec",,14.8
2017,"Women+, 65 years and over","Montréal, Quebec",,26.9
2017,All persons,"Ottawa-Gatineau, Ontario/Quebec",,10.8
2017,Persons under 18 years,"Ottawa-Gatineau, Ontario/Quebec",,10.9
2017,Persons 18 to 64 years,"Ottawa-Gatineau, Ontario/Quebec",,10.4
2017,Persons 65 years and over,"Ottawa-Gatineau, Ontario/Quebec",,12.3
2017,Men+,"Ottawa-Gatineau, Ontario/Quebec",,10.6
2017,"Men+, under 18 years","Ottawa-Gatineau, Ontario/Quebec",,11.8
2017,"Men+, 18 to 64 years","Ottawa-Gatineau, Ontario/Quebec",,10.4
2017,"Men+, 65 years and over","Ottawa-Gatineau, Ontario/Quebec",,9.7
2017,Women+,"Ottawa-Gatineau, Ontario/Quebec",,11.0
2017,"Women+, under 18 years","Ottawa-Gatineau, Ontario/Quebec",,10.0
2017,"Women+, 18 to 64 years","Ottawa-Gatineau, Ontario/Quebec",,10.4
2017,"Women+, 65 years and over","Ottawa-Gatineau, Ontario/Quebec",,14.4
2017,All persons,"Toronto, Ontario",,12.3
2017,Persons under 18 years,"Toronto, Ontario",,12.2
2017,Persons 18 to 64 years,"Toronto, Ontario",,12.5
2017,Persons 65 years and over,"Toronto, Ontario",,11.5
2017,Men+,"Toronto, Ontario",,12.2
2017,"Men+, under 18 years","Toronto, Ontario",,10.5
2017,"Men+, 18 to 64 years","Toronto, Ontario",,13.1
2017,"Men+, 65 years and over","Toronto, Ontario",,10.0
2017,Women+,"Toronto, Ontario",,12.4
2017,"Women+, under 18 years","Toronto, Ontario",,14.0
2017,"Women+, 18 to 64 years","Toronto, Ontario",,11.9
2017,"Women+, 65 years and over","Toronto, Ontario",,12.9
2017,All persons,"Winnipeg, Manitoba",,14.6
2017,Persons under 18 years,"Winnipeg, Manitoba",,18.5
2017,Persons 18 to 64 years,"Winnipeg, Manitoba",,13.4
2017,Persons 65 years and over,"Winnipeg, Manitoba",,14.4
2017,Men+,"Winnipeg, Manitoba",,13.4
2017,"Men+, under 18 years","Winnipeg, Manitoba",,15.4
2017,"Men+, 18 to 64 years","Winnipeg, Manitoba",,13.2
2017,"Men+, 65 years and over","Winnipeg, Manitoba",,11.7
2017,Women+,"Winnipeg, Manitoba",,15.7
2017,"Women+, under 18 years","Winnipeg, Manitoba",,21.4
2017,"Women+, 18 to 64 years","Winnipeg, Manitoba",,13.6
2017,"Women+, 65 years and over","Winnipeg, Manitoba",,16.7
2017,All persons,"Calgary, Alberta",,6.1
2017,Persons under 18 years,"Calgary, Alberta",,7.8
2017,Persons 18 to 64 years,"Calgary, Alberta",,6.3
2017,Men+,"Calgary, Alberta",,5.4
2017,"Men+, under 18 years","Calgary, Alberta",,4.8
2017,"Men+, 18 to 64 years","Calgary, Alberta",,6.1
2017,Women+,"Calgary, Alberta",,6.9
2017,"Women+, under 18 years","Calgary, Alberta",,10.2
2017,"Women+, 18 to 64 years","Calgary, Alberta",,6.4
2017,All persons,"Edmonton, Alberta",,6.6
2017,Persons under 18 years,"Edmonton, Alberta",,6.5
2017,Persons 18 to 64 years,"Edmonton, Alberta",,6.8
2017,Persons 65 years and over,"Edmonton, Alberta",,5.5
2017,Men+,"Edmonton, Alberta",,5.9
2017,"Men+, 18 to 64 years","Edmonton, Alberta",,5.9
2017,Women+,"Edmonton, Alberta",,7.2
2017,"Women+, 18 to 64 years","Edmonton, Alberta",,7.6
2017,"Women+, 65 years and over","Edmonton, Alberta",,7.0
2017,All persons,"Vancouver, British Columbia",,13.2
2017,Persons under 18 years,"Vancouver, British Columbia",,10.9
2017,Persons 18 to 64 years,"Vancouver, British Columbia",,12.6
2017,Persons 65 years and over,"Vancouver, British Columbia",,18.4
2017,Men+,"Vancouver, British Columbia",,12.2
2017,"Men+, under 18 years","Vancouver, British Columbia",,13.1
2017,"Men+, 18 to 64 years","Vancouver, British Columbia",,11.7
2017,"Men+, 65 years and over","Vancouver, British Columbia",,13.9
2017,Women+,"Vancouver, British Columbia",,14.1
2017,"Women+, 18 to 64 years","Vancouver, British Columbia",,13.6
2017,"Women+, 65 years and over","Vancouver, British Columbia",,22.1
2018,Persons under 18 years,Canada,,12.0
2018,Persons 18 to 64 years,Canada,,11.9
2018,Persons 65 years and over,Canada,,14.9
2018,Men+,Canada,,11.9
2018,"Men+, under 18 years",Canada,,12.7
2018,"Men+, 18 to 64 years",Canada,,11.6
2018,"Men+, 65 years and over",Canada,,12.2
2018,Women+,Canada,,12.9
2018,"Women+, under 18 years",Canada,,11.2
2018,"Women+, 18 to 64 years",Canada,,12.2
2018,"Women+, 65 years and over",Canada,,17.3
2018,All persons,Atlantic provinces,,15.6
2018,Persons under 18 years,Atlantic provinces,,15.7
2018,Persons 18 to 64 years,Atlantic provinces,,13.6
2018,Persons 65 years and over,Atlantic provinces,,21.3
2018,Men+,Atlantic provinces,,14.9
2018,"Men+, under 18 years",Atlantic provinces,,16.8
2018,"Men+, 18 to 64 years",Atlantic provinces,,13.4
2018,"Men+, 65 years and over",Atlantic provinces,,17.8
2018,Women+,Atlantic provinces,,16.2
2018,"Women+, under 18 years",Atlantic provinces,,14.5
2018,"Women+, 18 to 64 years",Atlantic provinces,,13.8
2018,"Women+, 65 years and over",Atlantic provinces,,24.4
2018,All persons,Newfoundland and Labrador,10,16.6
2018,Persons under 18 years,Newfoundland and Labrador,,14.8
2018,Persons 18 to 64 years,Newfoundland and Labrador,,14.5
2018,Persons 65 years and over,Newfoundland and Labrador,,24.3
2018,Men+,Newfoundland and Labrador,,16.4
2018,"Men+, under 18 years",Newfoundland and Labrador,,16.1
2018,"Men+, 18 to 64 years",Newfoundland and Labrador,,15.1
2018,"Men+, 65 years and over",Newfoundland and Labrador,,20.5
2018,Women+,Newfoundland and Labrador,,16.7
2018,"Women+, under 18 years",Newfoundland and Labrador,,13.5
2018,"Women+, 18 to 64 years",Newfoundland and Labrador,,13.8
2018,"Women+, 65 years and over",Newfoundland and Labrador,,27.8
2018,All persons,Prince Edward Island,11,15.0
2018,Persons under 18 years,Prince Edward Island,,16.0
2018,Persons 18 to 64 years,Prince Edward Island,,12.1
2018,Persons 65 years and over,Prince Edward Island,,23.3
2018,Men+,Prince Edward Island,,14.2
2018,"Men+, under 18 years",Prince Edward Island,,17.3
2018,"Men+, 18 to 64 years",Prince Edward Island,,11.8
2018,"Men+, 65 years and over",Prince Edward Island,,19.1
2018,Women+,Prince Edward Island,,15.7
2018,"Women+, under 18 years",Prince Edward Island,,14.7
2018,"Women+, 18 to 64 years",Prince Edward Island,,12.4
2018,"Women+, 65 years and over",Prince Edward Island,,26.9
2018,All persons,Nova Scotia,12,16.3
2018,Persons under 18 years,Nova Scotia,,17.7
2018,Persons 18 to 64 years,Nova Scotia,,14.5
2018,Persons 65 years and over,Nova Scotia,,20.6
2018,Men+,Nova Scotia,,15.5
2018,"Men+, under 18 years",Nova Scotia,,19.0
2018,"Men+, 18 to 64 years",Nova Scotia,,13.9
2018,"Men+, 65 years and over",Nova Scotia,,17.3
2018,Women+,Nova Scotia,,17.1
2018,"Women+, under 18 years",Nova Scotia,,16.4
2018,"Women+, 18 to 64 years",Nova Scotia,,15.0
2018,"Women+, 65 years and over",Nova Scotia,,23.5
2018,All persons,New Brunswick,13,14.0
2018,Persons under 18 years,New Brunswick,,13.7
2018,Persons 18 to 64 years,New Brunswick,,12.2
2018,Persons 65 years and over,New Brunswick,,19.7
2018,Men+,New Brunswick,,13.2
2018,"Men+, under 18 years",New Brunswick,,14.5
2018,"Men+, 18 to 64 years",New Brunswick,,11.9
2018,"Men+, 65 years and over",New Brunswick,,16.3
2018,Women+,New Brunswick,,14.8
2018,"Women+, under 18 years",New Brunswick,,12.9
2018,"Women+, 18 to 64 years",New Brunswick,,12.6
2018,"Women+, 65 years and over",New Brunswick,,22.6
2018,All persons,Quebec,24,14.3
2018,Persons under 18 years,Quebec,,11.8
2018,Persons 18 to 64 years,Quebec,,12.9
2018,Persons 65 years and over,Quebec,,21.6
2018,Men+,Quebec,,13.1
2018,"Men+, under 18 years",Quebec,,11.6
2018,"Men+, 18 to 64 years",Quebec,,12.5
2018,"Men+, 65 years and over",Quebec,,17.4
2018,Women+,Quebec,,15.4
2018,"Women+, under 18 years",Quebec,,12.1
2018,"Women+, 18 to 64 years",Quebec,,13.3
2018,"Women+, 65 years and over",Quebec,,25.2
2018,All persons,Ontario,35,12.2
2018,Persons under 18 years,Ontario,,12.8
2018,Persons 18 to 64 years,Ontario,,12.2
2018,Persons 65 years and over,Ontario,,11.8
2018,Men+,Ontario,,11.8
2018,"Men+, under 18 years",Ontario,,13.8
2018,"Men+, 18 to 64 years",Ontario,,11.7
2018,"Men+, 65 years and over",Ontario,,9.6
2018,Women+,Ontario,,12.6
2018,"Women+, under 18 years",Ontario,,11.7
2018,"Women+, 18 to 64 years",Ontario,,12.6
2018,"Women+, 65 years and over",Ontario,,13.6
2018,All persons,Prairie provinces,,9.8
2018,Persons under 18 years,Prairie provinces,,11.1
2018,Persons 18 to 64 years,Prairie provinces,,9.4
2018,Persons 65 years and over,Prairie provinces,,9.3
2018,Men+,Prairie provinces,,9.4
2018,"Men+, under 18 years",Prairie provinces,,11.5
2018,"Men+, 18 to 64 years",Prairie provinces,,9.0
2018,"Men+, 65 years and over",Prairie provinces,,7.6
2018,Women+,Prairie provinces,,10.2
2018,"Women+, under 18 years",Prairie provinces,,10.7
2018,"Women+, 18 to 64 years",Prairie provinces,,9.9
2018,"Women+, 65 years and over",Prairie provinces,,10.9
2018,All persons,Manitoba,46,13.8
2018,Persons under 18 years,Manitoba,,18.2
2018,Persons 18 to 64 years,Manitoba,,11.9
2018,Persons 65 years and over,Manitoba,,15.1
2018,Men+,Manitoba,,12.8
2018,"Men+, under 18 years",Manitoba,,18.7
2018,"Men+, 18 to 64 years",Manitoba,,11.3
2018,"Men+, 65 years and over",Manitoba,,10.6
2018,Women+,Manitoba,,14.7
2018,"Women+, under 18 years",Manitoba,,17.6
2018,"Women+, 18 to 64 years",Manitoba,,12.5
2018,"Women+, 65 years and over",Manitoba,,18.9
2018,All persons,Saskatchewan,47,13.0
2018,Persons under 18 years,Saskatchewan,,14.7
2018,Persons 18 to 64 years,Saskatchewan,,12.3
2018,Persons 65 years and over,Saskatchewan,,13.6
2018,Men+,Saskatchewan,,12.1
2018,"Men+, under 18 years",Saskatchewan,,13.5
2018,"Men+, 18 to 64 years",Saskatchewan,,11.9
2018,"Men+, 65 years and over",Saskatchewan,,11.1
2018,Women+,Saskatchewan,,14.0
2018,"Women+, under 18 years",Saskatchewan,,16.0
2018,"Women+, 18 to 64 years",Saskatchewan,,12.7
2018,"Women+, 65 years and over",Saskatchewan,,15.8
2018,All persons,Alberta,48,7.8
2018,Persons under 18 years,Alberta,,8.1
2018,Persons 18 to 64 years,Alberta,,8.0
2018,Persons 65 years and over,Alberta,,5.9
2018,Men+,Alberta,,7.6
2018,"Men+, under 18 years",Alberta,,8.8
2018,"Men+, 18 to 64 years",Alberta,,7.6
2018,"Men+, 65 years and over",Alberta,,5.5
2018,Women+,Alberta,,7.9
2018,"Women+, under 18 years",Alberta,,7.4
2018,"Women+, 18 to 64 years",Alberta,,8.5
2018,"Women+, 65 years and over",Alberta,,6.2
2018,All persons,British Columbia,59,11.8
2018,Persons under 18 years,British Columbia,,9.1
2018,Persons 18 to 64 years,British Columbia,,11.9
2018,Persons 65 years and over,British Columbia,,14.1
2018,Men+,British Columbia,,12.1
2018,"Men+, under 18 years",British Columbia,,11.1
2018,"Men+, 18 to 64 years",British Columbia,,12.4
2018,"Men+, 65 years and over",British Columbia,,11.8
2018,Women+,British Columbia,,11.5
2018,"Women+, under 18 years",British Columbia,,7.0
2018,"Women+, 18 to 64 years",British Columbia,,11.4
2018,"Women+, 65 years and over",British Columbia,,16.2
2018,All persons,Territories,,12.3
2018,Persons under 18 years,Territories,,15.8
2018,Persons 18 to 64 years,Territories,,10.0
2018,Persons 65 years and over,Territories,,18.7
2018,Men+,Territories,,12.5
2018,"Men+, under 18 years",Territories,,14.4
2018,"Men+, 18 to 64 years",Territories,,10.5
2018,"Men+, 65 years and over",Territories,,22.1
2018,Women+,Territories,,12.1
2018,"Women+, under 18 years",Territories,,17.2
2018,"Women+, 18 to 64 years",Territories,,9.6
2018,"Women+, 65 years and over",Territories,,15.0
2018,All persons,Yukon,60,6.7
2018,Persons 18 to 64 years,Yukon,,5.1
2018,Persons 65 years and over,Yukon,,19.2
2018,Men+,Yukon,,7.1
2018,"Men+, 18 to 64 years",Yukon,,6.0
2018,"Men+, 65 years and over",Yukon,,22.3
2018,Women+,Yukon,,6.1
2018,"Women+, 18 to 64 years",Yukon,,4.2
2018,All persons,Northwest Territories,61,10.9
2018,Persons under 18 years,Northwest Territories,,12.1
2018,Persons 18 to 64 years,Northwest Territories,,9.5
2018,Persons 65 years and over,Northwest Territories,,17.9
2018,Men+,Northwest Territories,,11.1
2018,"Men+, 18 to 64 years",Northwest Territories,,10.1
2018,Women+,Northwest Territories,,10.6
2018,"Women+, 18 to 64 years",Northwest Territories,,9.0
2018,All persons,Nunavut,62,20.1
2018,Persons under 18 years,Nunavut,,25.4
2018,Persons 18 to 64 years,Nunavut,,16.8
2018,Persons 65 years and over,Nunavut,,19.3
2018,Men+,Nunavut,,20.0
2018,"Men+, under 18 years",Nunavut,,25.8
2018,"Men+, 18 to 64 years",Nunavut,,16.3
2018,Women+,Nunavut,,20.2
2018,"Women+, under 18 years",Nunavut,,25.0
2018,"Women+, 18 to 64 years",Nunavut,,17.3
2018,All persons,"Québec, Quebec",,11.6
2018,Persons under 18 years,"Québec, Quebec",,9.6
2018,Persons 18 to 64 years,"Québec, Quebec",,10.5
2018,Persons 65 years and over,"Québec, Quebec",,18.2
2018,Men+,"Québec, Quebec",,11.5
2018,"Men+, under 18 years","Québec, Quebec",,12.0
2018,"Men+, 18 to 64 years","Québec, Quebec",,9.8
2018,"Men+, 65 years and over","Québec, Quebec",,18.0
2018,Women+,"Québec, Quebec",,11.6
2018,"Women+, 18 to 64 years","Québec, Quebec",,11.2
2018,"Women+, 65 years and over","Québec, Quebec",,18.3
2018,All persons,"Montréal, Quebec",,13.9
2018,Persons under 18 years,"Montréal, Quebec",,13.2
2018,Persons 18 to 64 years,"Montréal, Quebec",,13.1
2018,Persons 65 years and over,"Montréal, Quebec",,18.1
2018,Men+,"Montréal, Quebec",,12.4
2018,"Men+, under 18 years","Montréal, Quebec",,12.7
2018,"Men+, 18 to 64 years","Montréal, Quebec",,12.4
2018,"Men+, 65 years and over","Montréal, Quebec",,11.6
2018,Women+,"Montréal, Quebec",,15.5
2018,"Women+, under 18 years","Montréal, Quebec",,13.6
2018,"Women+, 18 to 64 years","Montréal, Quebec",,13.8
2018,"Women+, 65 years and over","Montréal, Quebec",,23.3
2018,All persons,"Ottawa-Gatineau, Ontario/Quebec",,11.8
2018,Persons under 18 years,"Ottawa-Gatineau, Ontario/Quebec",,11.0
2018,Persons 18 to 64 years,"Ottawa-Gatineau, Ontario/Quebec",,12.0
2018,Persons 65 years and over,"Ottawa-Gatineau, Ontario/Quebec",,12.0
2018,Men+,"Ottawa-Gatineau, Ontario/Quebec",,11.9
2018,"Men+, under 18 years","Ottawa-Gatineau, Ontario/Quebec",,11.1
2018,"Men+, 18 to 64 years","Ottawa-Gatineau, Ontario/Quebec",,12.8
2018,"Men+, 65 years and over","Ottawa-Gatineau, Ontario/Quebec",,8.9
2018,Women+,"Ottawa-Gatineau, Ontario/Quebec",,11.7
2018,"Women+, under 18 years","Ottawa-Gatineau, Ontario/Quebec",,11.0
2018,"Women+, 18 to 64 years","Ottawa-Gatineau, Ontario/Quebec",,11.2
2018,"Women+, 65 years and over","Ottawa-Gatineau, Ontario/Quebec",,14.7
2018,All persons,"Toronto, Ontario",,12.9
2018,Persons under 18 years,"Toronto, Ontario",,13.6
2018,Persons 18 to 64 years,"Toronto, Ontario",,12.9
2018,Persons 65 years and over,"Toronto, Ontario",,12.0
2018,Men+,"Toronto, Ontario",,12.8
2018,"Men+, under 18 years","Toronto, Ontario",,14.9
2018,"Men+, 18 to 64 years","Toronto, Ontario",,12.6
2018,"Men+, 65 years and over","Toronto, Ontario",,10.4
2018,Women+,"Toronto, Ontario",,13.0
2018,"Women+, under 18 years","Toronto, Ontario",,12.1
2018,"Women+, 18 to 64 years","Toronto, Ontario",,13.1
2018,"Women+, 65 years and over","Toronto, Ontario",,13.4
2018,All persons,"Winnipeg, Manitoba",,13.4
2018,Persons under 18 years,"Winnipeg, Manitoba",,19.0
2018,Persons 18 to 64 years,"Winnipeg, Manitoba",,11.8
2018,Persons 65 years and over,"Winnipeg, Manitoba",,12.8
2018,Men+,"Winnipeg, Manitoba",,12.5
2018,"Men+, under 18 years","Winnipeg, Manitoba",,19.1
2018,"Men+, 18 to 64 years","Winnipeg, Manitoba",,11.1
2018,"Men+, 65 years and over","Winnipeg, Manitoba",,9.4
2018,Women+,"Winnipeg, Manitoba",,14.3
2018,"Women+, under 18 years","Winnipeg, Manitoba",,18.9
2018,"Women+, 18 to 64 years","Winnipeg, Manitoba",,12.6
2018,"Women+, 65 years and over","Winnipeg, Manitoba",,15.6
2018,All persons,"Calgary, Alberta",,8.7
2018,Persons 18 to 64 years,"Calgary, Alberta",,9.2
2018,Persons 65 years and over,"Calgary, Alberta",,4.9
2018,Men+,"Calgary, Alberta",,8.9
2018,"Men+, 18 to 64 years","Calgary, Alberta",,8.8
2018,Women+,"Calgary, Alberta",,8.6
2018,"Women+, 18 to 64 years","Calgary, Alberta",,9.5
2018,All persons,"Edmonton, Alberta",,6.1
2018,Persons under 18 years,"Edmonton, Alberta",,5.8
2018,Persons 18 to 64 years,"Edmonton, Alberta",,6.4
2018,Persons 65 years and over,"Edmonton, Alberta",,5.4
2018,Men+,"Edmonton, Alberta",,5.4
2018,"Men+, under 18 years","Edmonton, Alberta",,6.1
2018,"Men+, 18 to 64 years","Edmonton, Alberta",,5.2
2018,Women+,"Edmonton, Alberta",,6.8
2018,"Women+, under 18 years","Edmonton, Alberta",,5.6
2018,"Women+, 18 to 64 years","Edmonton, Alberta",,7.6
2018,"Women+, 65 years and over","Edmonton, Alberta",,5.2
2018,All persons,"Vancouver, British Columbia",,11.7
2018,Persons under 18 years,"Vancouver, British Columbia",,8.2
2018,Persons 18 to 64 years,"Vancouver, British Columbia",,12.1
2018,Persons 65 years and over,"Vancouver, British Columbia",,13.9
2018,Men+,"Vancouver, British Columbia",,12.5
2018,"Men+, under 18 years","Vancouver, British Columbia",,11.1
2018,"Men+, 18 to 64 years","Vancouver, British Columbia",,13.0
2018,"Men+, 65 years and over","Vancouver, British Columbia",,12.1
2018,Women+,"Vancouver, British Columbia",,10.9
2018,"Women+, 18 to 64 years","Vancouver, British Columbia",,11.2
2018,"Women+, 65 years and over","Vancouver, British Columbia",,15.4
2019,Persons under 18 years,Canada,,11.1
2019,Persons 18 to 64 years,Canada,,11.5
2019,Persons 65 years and over,Canada,,15.7
2019,Men+,Canada,,11.3
2019,"Men+, under 18 years",Canada,,11.0
2019,"Men+, 18 to 64 years",Canada,,11.0
2019,"Men+, 65 years and over",Canada,,12.9
2019,Women+,Canada,,13.0
2019,"Women+, under 18 years",Canada,,11.2
2019,"Women+, 18 to 64 years",Canada,,12.0
2019,"Women+, 65 years and over",Canada,,18.1
2019,All persons,Atlantic provinces,,15.4
2019,Persons under 18 years,Atlantic provinces,,16.1
2019,Persons 18 to 64 years,Atlantic provinces,,13.0
2019,Persons 65 years and over,Atlantic provinces,,21.9
2019,Men+,Atlantic provinces,,14.0
2019,"Men+, under 18 years",Atlantic provinces,,16.4
2019,"Men+, 18 to 64 years",Atlantic provinces,,12.3
2019,"Men+, 65 years and over",Atlantic provinces,,17.2
2019,Women+,Atlantic provinces,,16.8
2019,"Women+, under 18 years",Atlantic provinces,,15.9
2019,"Women+, 18 to 64 years",Atlantic provinces,,13.7
2019,"Women+, 65 years and over",Atlantic provinces,,26.1
2019,All persons,Newfoundland and Labrador,10,16.0
2019,Persons under 18 years,Newfoundland and Labrador,,14.3
2019,Persons 18 to 64 years,Newfoundland and Labrador,,12.3
2019,Persons 65 years and over,Newfoundland and Labrador,,28.1
2019,Men+,Newfoundland and Labrador,,14.8
2019,"Men+, under 18 years",Newfoundland and Labrador,,15.9
2019,"Men+, 18 to 64 years",Newfoundland and Labrador,,11.1
2019,"Men+, 65 years and over",Newfoundland and Labrador,,24.7
2019,Women+,Newfoundland and Labrador,,17.3
2019,"Women+, under 18 years",Newfoundland and Labrador,,12.6
2019,"Women+, 18 to 64 years",Newfoundland and Labrador,,13.4
2019,"Women+, 65 years and over",Newfoundland and Labrador,,31.2
2019,All persons,Prince Edward Island,11,15.1
2019,Persons under 18 years,Prince Edward Island,,19.7
2019,Persons 18 to 64 years,Prince Edward Island,,13.3
2019,Persons 65 years and over,Prince Edward Island,,16.6
2019,Men+,Prince Edward Island,,14.1
2019,"Men+, under 18 years",Prince Edward Island,,19.6
2019,"Men+, 18 to 64 years",Prince Edward Island,,12.8
2019,"Men+, 65 years and over",Prince Edward Island,,12.4
2019,Women+,Prince Edward Island,,16.1
2019,"Women+, under 18 years",Prince Edward Island,,19.9
2019,"Women+, 18 to 64 years",Prince Edward Island,,13.7
2019,"Women+, 65 years and over",Prince Edward Island,,20.2
2019,All persons,Nova Scotia,12,15.4
2019,Persons under 18 years,Nova Scotia,,15.3
2019,Persons 18 to 64 years,Nova Scotia,,13.8
2019,Persons 65 years and over,Nova Scotia,,20.2
2019,Men+,Nova Scotia,,14.1
2019,"Men+, under 18 years",Nova Scotia,,16.2
2019,"Men+, 18 to 64 years",Nova Scotia,,13.1
2019,"Men+, 65 years and over",Nova Scotia,,15.5
2019,Women+,Nova Scotia,,16.5
2019,"Women+, under 18 years",Nova Scotia,,14.3
2019,"Women+, 18 to 64 years",Nova Scotia,,14.4
2019,"Women+, 65 years and over",Nova Scotia,,24.3
2019,All persons,New Brunswick,13,15.1
2019,Persons under 18 years,New Brunswick,,17.6
2019,Persons 18 to 64 years,New Brunswick,,12.4
2019,Persons 65 years and over,New Brunswick,,20.6
2019,Men+,New Brunswick,,13.3
2019,"Men+, under 18 years",New Brunswick,,16.2
2019,"Men+, 18 to 64 years",New Brunswick,,11.9
2019,"Men+, 65 years and over",New Brunswick,,14.8
2019,Women+,New Brunswick,,16.8
2019,"Women+, under 18 years",New Brunswick,,19.0
2019,"Women+, 18 to 64 years",New Brunswick,,12.9
2019,"Women+, 65 years and over",New Brunswick,,25.8
2019,All persons,Quebec,24,13.5
2019,Persons under 18 years,Quebec,,8.6
2019,Persons 18 to 64 years,Quebec,,12.1
2019,Persons 65 years and over,Quebec,,23.3
2019,Men+,Quebec,,13.0
2019,"Men+, under 18 years",Quebec,,10.3
2019,"Men+, 18 to 64 years",Quebec,,12.3
2019,"Men+, 65 years and over",Quebec,,18.2
2019,Women+,Quebec,,14.0
2019,"Women+, under 18 years",Quebec,,6.8
2019,"Women+, 18 to 64 years",Quebec,,11.8
2019,"Women+, 65 years and over",Quebec,,27.7
2019,All persons,Ontario,35,12.1
2019,Persons under 18 years,Ontario,,13.2
2019,Persons 18 to 64 years,Ontario,,11.4
2019,Persons 65 years and over,Ontario,,13.6
2019,Men+,Ontario,,10.8
2019,"Men+, under 18 years",Ontario,,12.0
2019,"Men+, 18 to 64 years",Ontario,,10.4
2019,"Men+, 65 years and over",Ontario,,11.4
2019,Women+,Ontario,,13.3
2019,"Women+, under 18 years",Ontario,,14.3
2019,"Women+, 18 to 64 years",Ontario,,12.4
2019,"Women+, 65 years and over",Ontario,,15.5
2019,All persons,Prairie provinces,,9.9
2019,Persons under 18 years,Prairie provinces,,10.6
2019,Persons 18 to 64 years,Prairie provinces,,9.9
2019,Persons 65 years and over,Prairie provinces,,8.4
2019,Men+,Prairie provinces,,9.7
2019,"Men+, under 18 years",Prairie provinces,,10.5
2019,"Men+, 18 to 64 years",Prairie provinces,,9.8
2019,"Men+, 65 years and over",Prairie provinces,,8.3
2019,Women+,Prairie provinces,,10.0
2019,"Women+, under 18 years",Prairie provinces,,10.7
2019,"Women+, 18 to 64 years",Prairie provinces,,10.1
2019,"Women+, 65 years and over",Prairie provinces,,8.6
2019,All persons,Manitoba,46,15.1
2019,Persons under 18 years,Manitoba,,19.0
2019,Persons 18 to 64 years,Manitoba,,13.6
2019,Persons 65 years and over,Manitoba,,16.1
2019,Men+,Manitoba,,14.8
2019,"Men+, under 18 years",Manitoba,,19.9
2019,"Men+, 18 to 64 years",Manitoba,,13.2
2019,"Men+, 65 years and over",Manitoba,,13.9
2019,Women+,Manitoba,,15.5
2019,"Women+, under 18 years",Manitoba,,18.1
2019,"Women+, 18 to 64 years",Manitoba,,13.9
2019,"Women+, 65 years and over",Manitoba,,17.9
2019,All persons,Saskatchewan,47,13.3
2019,Persons under 18 years,Saskatchewan,,13.2
2019,Persons 18 to 64 years,Saskatchewan,,13.0
2019,Persons 65 years and over,Saskatchewan,,14.9
2019,Men+,Saskatchewan,,13.7
2019,"Men+, under 18 years",Saskatchewan,,14.1
2019,"Men+, 18 to 64 years",Saskatchewan,,13.3
2019,"Men+, 65 years and over",Saskatchewan,,14.6
2019,Women+,Saskatchewan,,12.9
2019,"Women+, under 18 years",Saskatchewan,,12.2
2019,"Women+, 18 to 64 years",Saskatchewan,,12.6
2019,"Women+, 65 years and over",Saskatchewan,,15.1
2019,All persons,Alberta,48,7.4
2019,Persons under 18 years,Alberta,,7.5
2019,Persons 18 to 64 years,Alberta,,8.1
2019,Persons 65 years and over,Alberta,,3.7
2019,Men+,Alberta,,7.2
2019,"Men+, under 18 years",Alberta,,6.8
2019,"Men+, 18 to 64 years",Alberta,,7.9
2019,"Men+, 65 years and over",Alberta,,4.3
2019,Women+,Alberta,,7.6
2019,"Women+, under 18 years",Alberta,,8.2
2019,"Women+, 18 to 64 years",Alberta,,8.4
2019,"Women+, 65 years and over",Alberta,,3.1
2019,All persons,British Columbia,59,11.6
2019,Persons under 18 years,British Columbia,,7.3
2019,Persons 18 to 64 years,British Columbia,,12.6
2019,Persons 65 years and over,British Columbia,,12.2
2019,Men+,British Columbia,,10.6
2019,"Men+, under 18 years",British Columbia,,7.0
2019,"Men+, 18 to 64 years",British Columbia,,11.8
2019,"Men+, 65 years and over",British Columbia,,10.0
2019,Women+,British Columbia,,12.6
2019,"Women+, under 18 years",British Columbia,,7.6
2019,"Women+, 18 to 64 years",British Columbia,,13.3
2019,"Women+, 65 years and over",British Columbia,,14.3
2019,All persons,Territories,,11.4
2019,Persons under 18 years,Territories,,15.2
2019,Persons 18 to 64 years,Territories,,9.6
2019,Persons 65 years and over,Territories,,12.3
2019,Men+,Territories,,11.2
2019,"Men+, under 18 years",Territories,,13.4
2019,"Men+, 18 to 64 years",Territories,,10.1
2019,"Men+, 65 years and over",Territories,,11.9
2019,Women+,Territories,,11.6
2019,"Women+, under 18 years",Territories,,17.0
2019,"Women+, 18 to 64 years",Territories,,9.1
2019,"Women+, 65 years and over",Territories,,12.7
2019,All persons,Yukon,60,7.4
2019,Persons 18 to 64 years,Yukon,,7.3
2019,Persons 65 years and over,Yukon,,10.2
2019,Men+,Yukon,,9.7
2019,"Men+, 18 to 64 years",Yukon,,9.8
2019,Women+,Yukon,,5.1
2019,"Women+, 18 to 64 years",Yukon,,4.8
2019,All persons,Northwest Territories,61,10.2
2019,Persons 18 to 64 years,Northwest Territories,,7.3
2019,Persons 65 years and over,Northwest Territories,,17.3
2019,Men+,Northwest Territories,,8.7
2019,"Men+, 18 to 64 years",Northwest Territories,,5.6
2019,Women+,Northwest Territories,,11.9
2019,"Women+, 18 to 64 years",Northwest Territories,,9.0
2019,All persons,Nunavut,62,16.9
2019,Persons under 18 years,Nunavut,,20.0
2019,Persons 18 to 64 years,Nunavut,,15.6
2019,Men+,Nunavut,,15.7
2019,"Men+, under 18 years",Nunavut,,15.4
2019,"Men+, 18 to 64 years",Nunavut,,16.4
2019,Women+,Nunavut,,18.2
2019,"Women+, under 18 years",Nunavut,,24.8
2019,"Women+, 18 to 64 years",Nunavut,,14.8
2019,All persons,"Québec, Quebec",,10.8
2019,Persons 18 to 64 years,"Québec, Quebec",,9.8
2019,Persons 65 years and over,"Québec, Quebec",,22.9
2019,Men+,"Québec, Quebec",,8.8
2019,"Men+, 18 to 64 years","Québec, Quebec",,8.8
2019,"Men+, 65 years and over","Québec, Quebec",,14.7
2019,Women+,"Québec, Quebec",,12.5
2019,"Women+, 18 to 64 years","Québec, Quebec",,10.7
2019,"Women+, 65 years and over","Québec, Quebec",,30.6
2019,All persons,"Montréal, Quebec",,14.5
2019,Persons under 18 years,"Montréal, Quebec",,11.6
2019,Persons 18 to 64 years,"Montréal, Quebec",,13.1
2019,Persons 65 years and over,"Montréal, Quebec",,23.0
2019,Men+,"Montréal, Quebec",,14.3
2019,"Men+, under 18 years","Montréal, Quebec",,13.7
2019,"Men+, 18 to 64 years","Montréal, Quebec",,13.7
2019,"Men+, 65 years and over","Montréal, Quebec",,17.6
2019,Women+,"Montréal, Quebec",,14.7
2019,"Women+, under 18 years","Montréal, Quebec",,9.4
2019,"Women+, 18 to 64 years","Montréal, Quebec",,12.5
2019,"Women+, 65 years and over","Montréal, Quebec",,27.2
2019,All persons,"Ottawa-Gatineau, Ontario/Quebec",,8.4
2019,Persons under 18 years,"Ottawa-Gatineau, Ontario/Quebec",,7.6
2019,Persons 18 to 64 years,"Ottawa-Gatineau, Ontario/Quebec",,7.9
2019,Persons 65 years and over,"Ottawa-Gatineau, Ontario/Quebec",,11.4
2019,Men+,"Ottawa-Gatineau, Ontario/Quebec",,8.2
2019,"Men+, under 18 years","Ottawa-Gatineau, Ontario/Quebec",,8.7
2019,"Men+, 18 to 64 years","Ottawa-Gatineau, Ontario/Quebec",,8.1
2019,"Men+, 65 years and over","Ottawa-Gatineau, Ontario/Quebec",,8.1
2019,Women+,"Ottawa-Gatineau, Ontario/Quebec",,8.5
2019,"Women+, 18 to 64 years","Ottawa-Gatineau, Ontario/Quebec",,7.6
2019,"Women+, 65 years and over","Ottawa-Gatineau, Ontario/Quebec",,14.2
2019,All persons,"Toronto, Ontario",,12.7
2019,Persons under 18 years,"Toronto, Ontario",,15.7
2019,Persons 18 to 64 years,"Toronto, Ontario",,10.7
2019,Persons 65 years and over,"Toronto, Ontario",,17.6
2019,Men+,"Toronto, Ontario",,11.4
2019,"Men+, under 18 years","Toronto, Ontario",,13.9
2019,"Men+, 18 to 64 years","Toronto, Ontario",,9.5
2019,"Men+, 65 years and over","Toronto, Ontario",,17.3
2019,Women+,"Toronto, Ontario",,13.9
2019,"Women+, under 18 years","Toronto, Ontario",,17.4
2019,"Women+, 18 to 64 years","Toronto, Ontario",,11.9
2019,"Women+, 65 years and over","Toronto, Ontario",,17.8
2019,All persons,"Winnipeg, Manitoba",,14.9
2019,Persons under 18 years,"Winnipeg, Manitoba",,19.9
2019,Persons 18 to 64 years,"Winnipeg, Manitoba",,13.3
2019,Persons 65 years and over,"Winnipeg, Manitoba",,15.3
2019,Men+,"Winnipeg, Manitoba",,14.5
2019,"Men+, under 18 years","Winnipeg, Manitoba",,21.1
2019,"Men+, 18 to 64 years","Winnipeg, Manitoba",,12.7
2019,"Men+, 65 years and over","Winnipeg, Manitoba",,14.0
2019,Women+,"Winnipeg, Manitoba",,15.2
2019,"Women+, under 18 years","Winnipeg, Manitoba",,18.6
2019,"Women+, 18 to 64 years","Winnipeg, Manitoba",,13.9
2019,"Women+, 65 years and over","Winnipeg, Manitoba",,16.4
2019,All persons,"Calgary, Alberta",,5.2
2019,Persons under 18 years,"Calgary, Alberta",,5.7
2019,Persons 18 to 64 years,"Calgary, Alberta",,5.6
2019,Men+,"Calgary, Alberta",,4.5
2019,"Men+, 18 to 64 years","Calgary, Alberta",,4.7
2019,Women+,"Calgary, Alberta",,5.9
2019,"Women+, 18 to 64 years","Calgary, Alberta",,6.5
2019,All persons,"Edmonton, Alberta",,8.3
2019,Persons 18 to 64 years,"Edmonton, Alberta",,9.4
2019,Men+,"Edmonton, Alberta",,8.3
2019,"Men+, 18 to 64 years","Edmonton, Alberta",,9.4
2019,Women+,"Edmonton, Alberta",,8.4
2019,"Women+, 18 to 64 years","Edmonton, Alberta",,9.3
2019,All persons,"Vancouver, British Columbia",,10.4
2019,Persons 18 to 64 years,"Vancouver, British Columbia",,12.4
2019,Persons 65 years and over,"Vancouver, British Columbia",,9.3
2019,Men+,"Vancouver, British Columbia",,9.9
2019,"Men+, 18 to 64 years","Vancouver, British Columbia",,12.2
2019,"Men+, 65 years and over","Vancouver, British Columbia",,7.3
2019,Women+,"Vancouver, British Columbia",,11.0
2019,"Women+, 18 to 64 years","Vancouver, British Columbia",,12.7
2019,"Women+, 65 years and over","Vancouver, British Columbia",,11.2
2020,Persons under 18 years,Canada,,7.5
2020,Persons 18 to 64 years,Canada,,8.4
2020,Persons 65 years and over,Canada,,14.4
2020,Men+,Canada,,8.5
2020,"Men+, under 18 years",Canada,,7.4
2020,"Men+, 18 to 64 years",Canada,,8.1
2020,"Men+, 65 years and over",Canada,,11.5
2020,Women+,Canada,,10.0
2020,"Women+, under 18 years",Canada,,7.6
2020,"Women+, 18 to 64 years",Canada,,8.7
2020,"Women+, 65 years and over",Canada,,16.9
2020,All persons,Atlantic provinces,,12.5
2020,Persons under 18 years,Atlantic provinces,,9.5
2020,Persons 18 to 64 years,Atlantic provinces,,10.4
2020,Persons 65 years and over,Atlantic provinces,,20.7
2020,Men+,Atlantic provinces,,10.7
2020,"Men+, under 18 years",Atlantic provinces,,9.0
2020,"Men+, 18 to 64 years",Atlantic provinces,,9.1
2020,"Men+, 65 years and over",Atlantic provinces,,17.1
2020,Women+,Atlantic provinces,,14.2
2020,"Women+, under 18 years",Atlantic provinces,,10.0
2020,"Women+, 18 to 64 years",Atlantic provinces,,11.6
2020,"Women+, 65 years and over",Atlantic provinces,,24.0
2020,All persons,Newfoundland and Labrador,10,12.2
2020,Persons under 18 years,Newfoundland and Labrador,,8.1
2020,Persons 18 to 64 years,Newfoundland and Labrador,,9.3
2020,Persons 65 years and over,Newfoundland and Labrador,,23.1
2020,Men+,Newfoundland and Labrador,,10.8
2020,"Men+, under 18 years",Newfoundland and Labrador,,7.1
2020,"Men+, 18 to 64 years",Newfoundland and Labrador,,8.8
2020,"Men+, 65 years and over",Newfoundland and Labrador,,19.2
2020,Women+,Newfoundland and Labrador,,13.6
2020,"Women+, under 18 years",Newfoundland and Labrador,,9.2
2020,"Women+, 18 to 64 years",Newfoundland and Labrador,,9.8
2020,"Women+, 65 years and over",Newfoundland and Labrador,,26.5
2020,All persons,Prince Edward Island,11,12.1
2020,Persons under 18 years,Prince Edward Island,,12.5
2020,Persons 18 to 64 years,Prince Edward Island,,10.0
2020,Persons 65 years and over,Prince Edward Island,,18.3
2020,Men+,Prince Edward Island,,11.0
2020,"Men+, under 18 years",Prince Edward Island,,10.7
2020,"Men+, 18 to 64 years",Prince Edward Island,,9.3
2020,"Men+, 65 years and over",Prince Edward Island,,17.0
2020,Women+,Prince Edward Island,,13.1
2020,"Women+, under 18 years",Prince Edward Island,,14.4
2020,"Women+, 18 to 64 years",Prince Edward Island,,10.6
2020,"Women+, 65 years and over",Prince Edward Island,,19.5
2020,All persons,Nova Scotia,12,12.4
2020,Persons under 18 years,Nova Scotia,,10.0
2020,Persons 18 to 64 years,Nova Scotia,,10.5
2020,Persons 65 years and over,Nova Scotia,,20.1
2020,Men+,Nova Scotia,,10.3
2020,"Men+, under 18 years",Nova Scotia,,8.8
2020,"Men+, 18 to 64 years",Nova Scotia,,8.7
2020,"Men+, 65 years and over",Nova Scotia,,16.8
2020,Women+,Nova Scotia,,14.4
2020,"Women+, under 18 years",Nova Scotia,,11.2
2020,"Women+, 18 to 64 years",Nova Scotia,,12.2
2020,"Women+, 65 years and over",Nova Scotia,,22.9
2020,All persons,New Brunswick,13,12.8
2020,Persons under 18 years,New Brunswick,,9.1
2020,Persons 18 to 64 years,New Brunswick,,11.1
2020,Persons 65 years and over,New Brunswick,,20.4
2020,Men+,New Brunswick,,11.2
2020,"Men+, under 18 years",New Brunswick,,10.0
2020,"Men+, 18 to 64 years",New Brunswick,,9.9
2020,"Men+, 65 years and over",New Brunswick,,15.9
2020,Women+,New Brunswick,,14.4
2020,"Women+, under 18 years",New Brunswick,,8.1
2020,"Women+, 18 to 64 years",New Brunswick,,12.4
2020,"Women+, 65 years and over",New Brunswick,,24.4
2020,All persons,Quebec,24,10.2
2020,Persons under 18 years,Quebec,,6.9
2020,Persons 18 to 64 years,Quebec,,8.3
2020,Persons 65 years and over,Quebec,,19.6
2020,Men+,Quebec,,9.0
2020,"Men+, under 18 years",Quebec,,6.3
2020,"Men+, 18 to 64 years",Quebec,,8.2
2020,"Men+, 65 years and over",Quebec,,14.9
2020,Women+,Quebec,,11.5
2020,"Women+, under 18 years",Quebec,,7.6
2020,"Women+, 18 to 64 years",Quebec,,8.5
2020,"Women+, 65 years and over",Quebec,,23.8
2020,All persons,Ontario,35,8.8
2020,Persons under 18 years,Ontario,,7.7
2020,Persons 18 to 64 years,Ontario,,8.1
2020,Persons 65 years and over,Ontario,,12.5
2020,Men+,Ontario,,8.2
2020,"Men+, under 18 years",Ontario,,7.5
2020,"Men+, 18 to 64 years",Ontario,,7.7
2020,"Men+, 65 years and over",Ontario,,10.8
2020,Women+,Ontario,,9.5
2020,"Women+, under 18 years",Ontario,,7.8
2020,"Women+, 18 to 64 years",Ontario,,8.6
2020,"Women+, 65 years and over",Ontario,,14.1
2020,All persons,Prairie provinces,,8.2
2020,Persons under 18 years,Prairie provinces,,7.7
2020,Persons 18 to 64 years,Prairie provinces,,7.7
2020,Persons 65 years and over,Prairie provinces,,10.7
2020,Men+,Prairie provinces,,7.9
2020,"Men+, under 18 years",Prairie provinces,,7.7
2020,"Men+, 18 to 64 years",Prairie provinces,,7.8
2020,"Men+, 65 years and over",Prairie provinces,,8.5
2020,Women+,Prairie provinces,,8.4
2020,"Women+, under 18 years",Prairie provinces,,7.6
2020,"Women+, 18 to 64 years",Prairie provinces,,7.7
2020,"Women+, 65 years and over",Prairie provinces,,12.6
2020,All persons,Manitoba,46,11.2
2020,Persons under 18 years,Manitoba,,12.0
2020,Persons 18 to 64 years,Manitoba,,10.6
2020,Persons 65 years and over,Manitoba,,12.3
2020,Men+,Manitoba,,10.7
2020,"Men+, under 18 years",Manitoba,,13.3
2020,"Men+, 18 to 64 years",Manitoba,,10.5
2020,"Men+, 65 years and over",Manitoba,,7.9
2020,Women+,Manitoba,,11.6
2020,"Women+, under 18 years",Manitoba,,10.7
2020,"Women+, 18 to 64 years",Manitoba,,10.7
2020,"Women+, 65 years and over",Manitoba,,16.0
2020,All persons,Saskatchewan,47,9.6
2020,Persons under 18 years,Saskatchewan,,9.0
2020,Persons 18 to 64 years,Saskatchewan,,8.4
2020,Persons 65 years and over,Saskatchewan,,15.2
2020,Men+,Saskatchewan,,10.0
2020,"Men+, under 18 years",Saskatchewan,,11.0
2020,"Men+, 18 to 64 years",Saskatchewan,,8.6
2020,"Men+, 65 years and over",Saskatchewan,,14.4
2020,Women+,Saskatchewan,,9.2
2020,"Women+, under 18 years",Saskatchewan,,6.9
2020,"Women+, 18 to 64 years",Saskatchewan,,8.2
2020,"Women+, 65 years and over",Saskatchewan,,15.9
2020,All persons,Alberta,48,6.9
2020,Persons under 18 years,Alberta,,6.1
2020,Persons 18 to 64 years,Alberta,,6.7
2020,Persons 65 years and over,Alberta,,8.7
2020,Men+,Alberta,,6.5
2020,"Men+, under 18 years",Alberta,,5.2
2020,"Men+, 18 to 64 years",Alberta,,6.8
2020,"Men+, 65 years and over",Alberta,,6.9
2020,Women+,Alberta,,7.3
2020,"Women+, under 18 years",Alberta,,7.0
2020,"Women+, 18 to 64 years",Alberta,,6.7
2020,"Women+, 65 years and over",Alberta,,10.4
2020,All persons,British Columbia,59,9.0
2020,Persons under 18 years,British Columbia,,6.7
2020,Persons 18 to 64 years,British Columbia,,9.1
2020,Persons 65 years and over,British Columbia,,10.9
2020,Men+,British Columbia,,8.6
2020,"Men+, under 18 years",British Columbia,,7.7
2020,"Men+, 18 to 64 years",British Columbia,,9.1
2020,"Men+, 65 years and over",British Columbia,,7.9
2020,Women+,British Columbia,,9.3
2020,"Women+, under 18 years",British Columbia,,5.7
2020,"Women+, 18 to 64 years",British Columbia,,9.0
2020,"Women+, 65 years and over",British Columbia,,13.6
2020,All persons,Territories,,7.4
2020,Persons 18 to 64 years,Territories,,6.9
2020,Persons 65 years and over,Territories,,10.0
2020,Men+,Territories,,7.9
2020,"Men+, 18 to 64 years",Territories,,7.0
2020,Women+,Territories,,6.9
2020,"Women+, 18 to 64 years",Territories,,6.7
2020,"Women+, 65 years and over",Territories,,9.6
2020,All persons,Yukon,60,9.1
2020,Persons 18 to 64 years,Yukon,,9.3
2020,Persons 65 years and over,Yukon,,15.1
2020,Men+,Yukon,,9.9
2020,"Men+, 18 to 64 years",Yukon,,10.7
2020,Women+,Yukon,,8.2
2020,"Women+, 18 to 64 years",Yukon,,7.9
2020,"Women+, 65 years and over",Yukon,,17.4
2020,All persons,"Québec, Quebec",,6.7
2020,Persons 18 to 64 years,"Québec, Quebec",,5.4
2020,Persons 65 years and over,"Québec, Quebec",,14.5
2020,Men+,"Québec, Quebec",,5.9
2020,"Men+, 18 to 64 years","Québec, Quebec",,5.0
2020,"Men+, 65 years and over","Québec, Quebec",,12.0
2020,Women+,"Québec, Quebec",,7.4
2020,"Women+, 18 to 64 years","Québec, Quebec",,5.9
2020,"Women+, 65 years and over","Québec, Quebec",,16.8
2020,All persons,"Montréal, Quebec",,9.8
2020,Persons under 18 years,"Montréal, Quebec",,7.6
2020,Persons 18 to 64 years,"Montréal, Quebec",,8.4
2020,Persons 65 years and over,"Montréal, Quebec",,17.9
2020,Men+,"Montréal, Quebec",,8.3
2020,"Men+, under 18 years","Montréal, Quebec",,6.7
2020,"Men+, 18 to 64 years","Montréal, Quebec",,7.6
2020,"Men+, 65 years and over","Montréal, Quebec",,13.4
2020,Women+,"Montréal, Quebec",,11.2
2020,"Women+, under 18 years","Montréal, Quebec",,8.6
2020,"Women+, 18 to 64 years","Montréal, Quebec",,9.1
2020,"Women+, 65 years and over","Montréal, Quebec",,21.5
2020,All persons,"Ottawa-Gatineau, Ontario/Quebec",,7.0
2020,Persons under 18 years,"Ottawa-Gatineau, Ontario/Quebec",,3.8
2020,Persons 18 to 64 years,"Ottawa-Gatineau, Ontario/Quebec",,6.4
2020,Persons 65 years and over,"Ottawa-Gatineau, Ontario/Quebec",,13.4
2020,Men+,"Ottawa-Gatineau, Ontario/Quebec",,7.0
2020,"Men+, 18 to 64 years","Ottawa-Gatineau, Ontario/Quebec",,7.1
2020,"Men+, 65 years and over","Ottawa-Gatineau, Ontario/Quebec",,10.9
2020,Women+,"Ottawa-Gatineau, Ontario/Quebec",,7.0
2020,"Women+, under 18 years","Ottawa-Gatineau, Ontario/Quebec",,3.8
2020,"Women+, 18 to 64 years","Ottawa-Gatineau, Ontario/Quebec",,5.7
2020,"Women+, 65 years and over","Ottawa-Gatineau, Ontario/Quebec",,15.6
2020,All persons,"Toronto, Ontario",,9.6
2020,Persons under 18 years,"Toronto, Ontario",,10.2
2020,Persons 18 to 64 years,"Toronto, Ontario",,8.8
2020,Persons 65 years and over,"Toronto, Ontario",,12.7
2020,Men+,"Toronto, Ontario",,8.7
2020,"Men+, under 18 years","Toronto, Ontario",,9.3
2020,"Men+, 18 to 64 years","Toronto, Ontario",,7.9
2020,"Men+, 65 years and over","Toronto, Ontario",,12.0
2020,Women+,"Toronto, Ontario",,10.6
2020,"Women+, under 18 years","Toronto, Ontario",,11.1
2020,"Women+, 18 to 64 years","Toronto, Ontario",,9.7
2020,"Women+, 65 years and over","Toronto, Ontario",,13.3
2020,All persons,"Winnipeg, Manitoba",,10.3
2020,Persons under 18 years,"Winnipeg, Manitoba",,10.7
2020,Persons 18 to 64 years,"Winnipeg, Manitoba",,10.0
2020,Persons 65 years and over,"Winnipeg, Manitoba",,11.2
2020,Men+,"Winnipeg, Manitoba",,10.4
2020,"Men+, under 18 years","Winnipeg, Manitoba",,12.2
2020,"Men+, 18 to 64 years","Winnipeg, Manitoba",,10.6
2020,"Men+, 65 years and over","Winnipeg, Manitoba",,7.0
2020,Women+,"Winnipeg, Manitoba",,10.2
2020,"Women+, under 18 years","Winnipeg, Manitoba",,9.0
2020,"Women+, 18 to 64 years","Winnipeg, Manitoba",,9.3
2020,"Women+, 65 years and over","Winnipeg, Manitoba",,14.8
2020,All persons,"Calgary, Alberta",,7.0
2020,Persons under 18 years,"Calgary, Alberta",,7.7
2020,Persons 18 to 64 years,"Calgary, Alberta",,6.9
2020,Persons 65 years and over,"Calgary, Alberta",,6.5
2020,Men+,"Calgary, Alberta",,6.3
2020,"Men+, 18 to 64 years","Calgary, Alberta",,6.9
2020,Women+,"Calgary, Alberta",,7.7
2020,"Women+, under 18 years","Calgary, Alberta",,9.3
2020,"Women+, 18 to 64 years","Calgary, Alberta",,6.8
2020,"Women+, 65 years and over","Calgary, Alberta",,9.5
2020,All persons,"Edmonton, Alberta",,6.4
2020,Persons under 18 years,"Edmonton, Alberta",,5.3
2020,Persons 18 to 64 years,"Edmonton, Alberta",,6.5
2020,Persons 65 years and over,"Edmonton, Alberta",,7.5
2020,Men+,"Edmonton, Alberta",,6.1
2020,"Men+, 18 to 64 years","Edmonton, Alberta",,6.5
2020,Women+,"Edmonton, Alberta",,6.7
2020,"Women+, 18 to 64 years","Edmonton, Alberta",,6.6
2020,"Women+, 65 years and over","Edmonton, Alberta",,8.3
2020,All persons,"Vancouver, British Columbia",,9.1
2020,Persons under 18 years,"Vancouver, British Columbia",,5.8
2020,Persons 18 to 64 years,"Vancouver, British Columbia",,9.7
2020,Persons 65 years and over,"Vancouver, British Columbia",,10.1
2020,Men+,"Vancouver, British Columbia",,8.6
2020,"Men+, under 18 years","Vancouver, British Columbia",,6.1
2020,"Men+, 18 to 64 years","Vancouver, British Columbia",,9.8
2020,"Men+, 65 years and over","Vancouver, British Columbia",,6.1
2020,Women+,"Vancouver, British Columbia",,9.6
2020,"Women+, under 18 years","Vancouver, British Columbia",,5.5
2020,"Women+, 18 to 64 years","Vancouver, British Columbia",,9.6
2020,"Women+, 65 years and over","Vancouver, British Columbia",,13.6
2021,Persons under 18 years,Canada,,9.5
2021,Persons 18 to 64 years,Canada,,9.1
2021,Persons 65 years and over,Canada,,17.1
2021,Men+,Canada,,9.7
2021,"Men+, under 18 years",Canada,,9.2
2021,"Men+, 18 to 64 years",Canada,,8.6
2021,"Men+, 65 years and over",Canada,,14.5
2021,Women+,Canada,,11.5
2021,"Women+, under 18 years",Canada,,9.8
2021,"Women+, 18 to 64 years",Canada,,9.5
2021,"Women+, 65 years and over",Canada,,19.3
2021,All persons,Atlantic provinces,,13.0
2021,Persons under 18 years,Atlantic provinces,,9.6
2021,Persons 18 to 64 years,Atlantic provinces,,10.3
2021,Persons 65 years and over,Atlantic provinces,,23.1
2021,Men+,Atlantic provinces,,11.3
2021,"Men+, under 18 years",Atlantic provinces,,8.8
2021,"Men+, 18 to 64 years",Atlantic provinces,,9.1
2021,"Men+, 65 years and over",Atlantic provinces,,19.5
2021,Women+,Atlantic provinces,,14.8
2021,"Women+, under 18 years",Atlantic provinces,,10.4
2021,"Women+, 18 to 64 years",Atlantic provinces,,11.5
2021,"Women+, 65 years and over",Atlantic provinces,,26.3
2021,All persons,Newfoundland and Labrador,10,15.0
2021,Persons under 18 years,Newfoundland and Labrador,,12.3
2021,Persons 18 to 64 years,Newfoundland and Labrador,,11.4
2021,Persons 65 years and over,Newfoundland and Labrador,,26.3
2021,Men+,Newfoundland and Labrador,,12.3
2021,"Men+, under 18 years",Newfoundland and Labrador,,9.6
2021,"Men+, 18 to 64 years",Newfoundland and Labrador,,9.1
2021,"Men+, 65 years and over",Newfoundland and Labrador,,23.1
2021,Women+,Newfoundland and Labrador,,17.7
2021,"Women+, under 18 years",Newfoundland and Labrador,,15.3
2021,"Women+, 18 to 64 years",Newfoundland and Labrador,,13.6
2021,"Women+, 65 years and over",Newfoundland and Labrador,,29.1
2021,All persons,Prince Edward Island,11,11.5
2021,Persons under 18 years,Prince Edward Island,,7.6
2021,Persons 18 to 64 years,Prince Edward Island,,9.7
2021,Persons 65 years and over,Prince Edward Island,,20.9
2021,Men+,Prince Edward Island,,9.1
2021,"Men+, 18 to 64 years",Prince Edward Island,,7.6
2021,"Men+, 65 years and over",Prince Edward Island,,16.3
2021,Women+,Prince Edward Island,,13.8
2021,"Women+, under 18 years",Prince Edward Island,,8.3
2021,"Women+, 18 to 64 years",Prince Edward Island,,11.7
2021,"Women+, 65 years and over",Prince Edward Island,,24.8
2021,All persons,Nova Scotia,12,13.5
2021,Persons under 18 years,Nova Scotia,,8.8
2021,Persons 18 to 64 years,Nova Scotia,,11.6
2021,Persons 65 years and over,Nova Scotia,,22.4
2021,Men+,Nova Scotia,,12.1
2021,"Men+, under 18 years",Nova Scotia,,9.2
2021,"Men+, 18 to 64 years",Nova Scotia,,10.6
2021,"Men+, 65 years and over",Nova Scotia,,19.2
2021,Women+,Nova Scotia,,14.7
2021,"Women+, under 18 years",Nova Scotia,,8.3
2021,"Women+, 18 to 64 years",Nova Scotia,,12.5
2021,"Women+, 65 years and over",Nova Scotia,,25.2
2021,All persons,New Brunswick,13,11.5
2021,Persons under 18 years,New Brunswick,,9.5
2021,Persons 18 to 64 years,New Brunswick,,8.1
2021,Persons 65 years and over,New Brunswick,,22.1
2021,Men+,New Brunswick,,9.9
2021,"Men+, under 18 years",New Brunswick,,8.4
2021,"Men+, 18 to 64 years",New Brunswick,,7.5
2021,"Men+, 65 years and over",New Brunswick,,17.9
2021,Women+,New Brunswick,,13.1
2021,"Women+, under 18 years",New Brunswick,,10.7
2021,"Women+, 18 to 64 years",New Brunswick,,8.8
2021,"Women+, 65 years and over",New Brunswick,,25.8
2021,All persons,Quebec,24,11.9
2021,Persons under 18 years,Quebec,,8.1
2021,Persons 18 to 64 years,Quebec,,9.2
2021,Persons 65 years and over,Quebec,,23.8
2021,Men+,Quebec,,10.9
2021,"Men+, under 18 years",Quebec,,7.8
2021,"Men+, 18 to 64 years",Quebec,,9.1
2021,"Men+, 65 years and over",Quebec,,20.2
2021,Women+,Quebec,,12.9
2021,"Women+, under 18 years",Quebec,,8.5
2021,"Women+, 18 to 64 years",Quebec,,9.3
2021,"Women+, 65 years and over",Quebec,,26.9
2021,All persons,Ontario,35,9.9
2021,Persons under 18 years,Ontario,,9.7
2021,Persons 18 to 64 years,Ontario,,9.0
2021,Persons 65 years and over,Ontario,,13.3
2021,Men+,Ontario,,9.0
2021,"Men+, under 18 years",Ontario,,9.3
2021,"Men+, 18 to 64 years",Ontario,,8.4
2021,"Men+, 65 years and over",Ontario,,11.3
2021,Women+,Ontario,,10.8
2021,"Women+, under 18 years",Ontario,,10.1
2021,"Women+, 18 to 64 years",Ontario,,9.7
2021,"Women+, 65 years and over",Ontario,,14.9
2021,All persons,Prairie provinces,,10.5
2021,Persons under 18 years,Prairie provinces,,11.0
2021,Persons 18 to 64 years,Prairie provinces,,9.4
2021,Persons 65 years and over,Prairie provinces,,14.7
2021,Men+,Prairie provinces,,10.1
2021,"Men+, under 18 years",Prairie provinces,,11.1
2021,"Men+, 18 to 64 years",Prairie provinces,,9.2
2021,"Men+, 65 years and over",Prairie provinces,,12.7
2021,Women+,Prairie provinces,,10.9
2021,"Women+, under 18 years",Prairie provinces,,10.9
2021,"Women+, 18 to 64 years",Prairie provinces,,9.5
2021,"Women+, 65 years and over",Prairie provinces,,16.6
2021,All persons,Manitoba,46,13.0
2021,Persons under 18 years,Manitoba,,15.9
2021,Persons 18 to 64 years,Manitoba,,10.6
2021,Persons 65 years and over,Manitoba,,17.7
2021,Men+,Manitoba,,11.9
2021,"Men+, under 18 years",Manitoba,,14.9
2021,"Men+, 18 to 64 years",Manitoba,,10.2
2021,"Men+, 65 years and over",Manitoba,,14.3
2021,Women+,Manitoba,,14.1
2021,"Women+, under 18 years",Manitoba,,17.0
2021,"Women+, 18 to 64 years",Manitoba,,11.0
2021,"Women+, 65 years and over",Manitoba,,20.6
2021,All persons,Saskatchewan,47,12.0
2021,Persons under 18 years,Saskatchewan,,11.7
2021,Persons 18 to 64 years,Saskatchewan,,10.7
2021,Persons 65 years and over,Saskatchewan,,17.0
2021,Men+,Saskatchewan,,11.7
2021,"Men+, under 18 years",Saskatchewan,,12.9
2021,"Men+, 18 to 64 years",Saskatchewan,,10.6
2021,"Men+, 65 years and over",Saskatchewan,,14.4
2021,Women+,Saskatchewan,,12.4
2021,"Women+, under 18 years",Saskatchewan,,10.5
2021,"Women+, 18 to 64 years",Saskatchewan,,10.9
2021,"Women+, 65 years and over",Saskatchewan,,19.4
2021,All persons,Alberta,48,9.4
2021,Persons under 18 years,Alberta,,9.3
2021,Persons 18 to 64 years,Alberta,,8.7
2021,Persons 65 years and over,Alberta,,13.0
2021,Men+,Alberta,,9.2
2021,"Men+, under 18 years",Alberta,,9.5
2021,"Men+, 18 to 64 years",Alberta,,8.6
2021,"Men+, 65 years and over",Alberta,,11.6
2021,Women+,Alberta,,9.7
2021,"Women+, under 18 years",Alberta,,9.2
2021,"Women+, 18 to 64 years",Alberta,,8.7
2021,"Women+, 65 years and over",Alberta,,14.3
2021,All persons,British Columbia,59,9.5
2021,Persons under 18 years,British Columbia,,8.2
2021,Persons 18 to 64 years,British Columbia,,8.2
2021,Persons 65 years and over,British Columbia,,14.9
2021,Men+,British Columbia,,8.5
2021,"Men+, under 18 years",British Columbia,,8.1
2021,"Men+, 18 to 64 years",British Columbia,,7.6
2021,"Men+, 65 years and over",British Columbia,,12.1
2021,Women+,British Columbia,,10.4
2021,"Women+, under 18 years",British Columbia,,8.4
2021,"Women+, 18 to 64 years",British Columbia,,8.7
2021,"Women+, 65 years and over",British Columbia,,17.4
2021,All persons,Territories,,11.0
2021,Persons under 18 years,Territories,,14.8
2021,Persons 18 to 64 years,Territories,,9.1
2021,Persons 65 years and over,Territories,,13.6
2021,Men+,Territories,,11.0
2021,"Men+, 18 to 64 years",Territories,,10.3
2021,Women+,Territories,,11.0
2021,"Women+, under 18 years",Territories,,19.0
2021,"Women+, 18 to 64 years",Territories,,7.9
2021,All persons,Yukon,60,6.2
2021,Men+,Yukon,,6.4
2021,All persons,Northwest Territories,61,10.5
2021,Persons 18 to 64 years,Northwest Territories,,8.0
2021,All persons,Nunavut,62,16.8
2021,Persons under 18 years,Nunavut,,18.8
2021,Persons 18 to 64 years,Nunavut,,16.3
2021,Men+,Nunavut,,16.2
2021,"Men+, 18 to 64 years",Nunavut,,18.7
2021,Women+,Nunavut,,17.5
2021,"Women+, under 18 years",Nunavut,,25.8
2021,"Women+, 18 to 64 years",Nunavut,,13.9
2021,All persons,"Québec, Quebec",,9.5
2021,Persons 18 to 64 years,"Québec, Quebec",,6.9
2021,Persons 65 years and over,"Québec, Quebec",,20.4
2021,Men+,"Québec, Quebec",,8.2
2021,"Men+, 18 to 64 years","Québec, Quebec",,5.8
2021,"Men+, 65 years and over","Québec, Quebec",,15.8
2021,Women+,"Québec, Quebec",,10.7
2021,"Women+, 18 to 64 years","Québec, Quebec",,8.0
2021,"Women+, 65 years and over","Québec, Quebec",,24.2
2021,All persons,"Montréal, Quebec",,11.6
2021,Persons under 18 years,"Montréal, Quebec",,9.6
2021,Persons 18 to 64 years,"Montréal, Quebec",,9.5
2021,Persons 65 years and over,"Montréal, Quebec",,21.9
2021,Men+,"Montréal, Quebec",,10.5
2021,"Men+, under 18 years","Montréal, Quebec",,7.6
2021,"Men+, 18 to 64 years","Montréal, Quebec",,9.5
2021,"Men+, 65 years and over","Montréal, Quebec",,18.6
2021,Women+,"Montréal, Quebec",,12.7
2021,"Women+, under 18 years","Montréal, Quebec",,11.8
2021,"Women+, 18 to 64 years","Montréal, Quebec",,9.5
2021,"Women+, 65 years and over","Montréal, Quebec",,24.7
2021,All persons,"Ottawa-Gatineau, Ontario/Quebec",,8.3
2021,Persons under 18 years,"Ottawa-Gatineau, Ontario/Quebec",,6.9
2021,Persons 18 to 64 years,"Ottawa-Gatineau, Ontario/Quebec",,8.2
2021,Persons 65 years and over,"Ottawa-Gatineau, Ontario/Quebec",,9.7
2021,Men+,"Ottawa-Gatineau, Ontario/Quebec",,7.1
2021,"Men+, under 18 years","Ottawa-Gatineau, Ontario/Quebec",,5.8
2021,"Men+, 18 to 64 years","Ottawa-Gatineau, Ontario/Quebec",,7.6
2021,"Men+, 65 years and over","Ottawa-Gatineau, Ontario/Quebec",,6.6
2021,Women+,"Ottawa-Gatineau, Ontario/Quebec",,9.5
2021,"Women+, 18 to 64 years","Ottawa-Gatineau, Ontario/Quebec",,8.9
2021,"Women+, 65 years and over","Ottawa-Gatineau, Ontario/Quebec",,12.7
2021,All persons,"Toronto, Ontario",,9.4
2021,Persons under 18 years,"Toronto, Ontario",,8.9
2021,Persons 18 to 64 years,"Toronto, Ontario",,8.6
2021,Persons 65 years and over,"Toronto, Ontario",,13.0
2021,Men+,"Toronto, Ontario",,8.7
2021,"Men+, under 18 years","Toronto, Ontario",,9.7
2021,"Men+, 18 to 64 years","Toronto, Ontario",,7.6
2021,"Men+, 65 years and over","Toronto, Ontario",,12.4
2021,Women+,"Toronto, Ontario",,10.0
2021,"Women+, under 18 years","Toronto, Ontario",,8.1
2021,"Women+, 18 to 64 years","Toronto, Ontario",,9.7
2021,"Women+, 65 years and over","Toronto, Ontario",,13.5
2021,All persons,"Winnipeg, Manitoba",,12.0
2021,Persons under 18 years,"Winnipeg, Manitoba",,14.9
2021,Persons 18 to 64 years,"Winnipeg, Manitoba",,9.9
2021,Persons 65 years and over,"Winnipeg, Manitoba",,16.5
2021,Men+,"Winnipeg, Manitoba",,11.2
2021,"Men+, under 18 years","Winnipeg, Manitoba",,14.1
2021,"Men+, 18 to 64 years","Winnipeg, Manitoba",,9.9
2021,"Men+, 65 years and over","Winnipeg, Manitoba",,13.0
2021,Women+,"Winnipeg, Manitoba",,12.8
2021,"Women+, under 18 years","Winnipeg, Manitoba",,15.8
2021,"Women+, 18 to 64 years","Winnipeg, Manitoba",,9.8
2021,"Women+, 65 years and over","Winnipeg, Manitoba",,19.4
2021,All persons,"Calgary, Alberta",,10.2
2021,Persons under 18 years,"Calgary, Alberta",,9.6
2021,Persons 18 to 64 years,"Calgary, Alberta",,9.5
2021,Persons 65 years and over,"Calgary, Alberta",,14.4
2021,Men+,"Calgary, Alberta",,10.4
2021,"Men+, under 18 years","Calgary, Alberta",,11.3
2021,"Men+, 18 to 64 years","Calgary, Alberta",,9.3
2021,"Men+, 65 years and over","Calgary, Alberta",,14.9
2021,Women+,"Calgary, Alberta",,10.0
2021,"Women+, under 18 years","Calgary, Alberta",,8.1
2021,"Women+, 18 to 64 years","Calgary, Alberta",,9.7
2021,"Women+, 65 years and over","Calgary, Alberta",,14.0
2021,All persons,"Edmonton, Alberta",,8.7
2021,Persons under 18 years,"Edmonton, Alberta",,9.9
2021,Persons 18 to 64 years,"Edmonton, Alberta",,7.9
2021,Persons 65 years and over,"Edmonton, Alberta",,10.7
2021,Men+,"Edmonton, Alberta",,8.8
2021,"Men+, under 18 years","Edmonton, Alberta",,11.0
2021,"Men+, 18 to 64 years","Edmonton, Alberta",,8.1
2021,"Men+, 65 years and over","Edmonton, Alberta",,8.7
2021,Women+,"Edmonton, Alberta",,8.5
2021,"Women+, under 18 years","Edmonton, Alberta",,8.7
2021,"Women+, 18 to 64 years","Edmonton, Alberta",,7.6
2021,"Women+, 65 years and over","Edmonton, Alberta",,12.5
2021,All persons,"Vancouver, British Columbia",,9.6
2021,Persons under 18 years,"Vancouver, British Columbia",,8.8
2021,Persons 18 to 64 years,"Vancouver, British Columbia",,8.3
2021,Persons 65 years and over,"Vancouver, British Columbia",,15.6
2021,Men+,"Vancouver, British Columbia",,8.7
2021,"Men+, under 18 years","Vancouver, British Columbia",,9.4
2021,"Men+, 18 to 64 years","Vancouver, British Columbia",,7.6
2021,"Men+, 65 years and over","Vancouver, British Columbia",,12.6
2021,Women+,"Vancouver, British Columbia",,10.5
2021,"Women+, under 18 years","Vancouver, British Columbia",,8.3
2021,"Women+, 18 to 64 years","Vancouver, British Columbia",,9.0
2021,"Women+, 65 years and over","Vancouver, British Columbia",,18.4
2022,Persons under 18 years,Canada,,12.1
2022,Persons 18 to 64 years,Canada,,10.8
2022,Persons 65 years and over,Canada,,15.8
2022,Men+,Canada,,11.3
2022,"Men+, under 18 years",Canada,,12.0
2022,"Men+, 18 to 64 years",Canada,,10.5
2022,"Men+, 65 years and over",Canada,,13.6
2022,Women+,Canada,,12.6
2022,"Women+, under 18 years",Canada,,12.3
2022,"Women+, 18 to 64 years",Canada,,11.1
2022,"Women+, 65 years and over",Canada,,17.7
2022,All persons,Atlantic provinces,,16.3
2022,Persons under 18 years,Atlantic provinces,,15.7
2022,Persons 18 to 64 years,Atlantic provinces,,13.1
2022,Persons 65 years and over,Atlantic provinces,,25.1
2022,Men+,Atlantic provinces,,15.2
2022,"Men+, under 18 years",Atlantic provinces,,16.0
2022,"Men+, 18 to 64 years",Atlantic provinces,,12.8
2022,"Men+, 65 years and over",Atlantic provinces,,21.6
2022,Women+,Atlantic provinces,,17.3
2022,"Women+, under 18 years",Atlantic provinces,,15.4
2022,"Women+, 18 to 64 years",Atlantic provinces,,13.5
2022,"Women+, 65 years and over",Atlantic provinces,,28.2
2022,All persons,Newfoundland and Labrador,10,16.3
2022,Persons under 18 years,Newfoundland and Labrador,,14.3
2022,Persons 18 to 64 years,Newfoundland and Labrador,,12.5
2022,Persons 65 years and over,Newfoundland and Labrador,,26.9
2022,Men+,Newfoundland and Labrador,,14.4
2022,"Men+, under 18 years",Newfoundland and Labrador,,13.8
2022,"Men+, 18 to 64 years",Newfoundland and Labrador,,11.4
2022,"Men+, 65 years and over",Newfoundland and Labrador,,22.7
2022,Women+,Newfoundland and Labrador,,18.1
2022,"Women+, under 18 years",Newfoundland and Labrador,,15.0
2022,"Women+, 18 to 64 years",Newfoundland and Labrador,,13.6
2022,"Women+, 65 years and over",Newfoundland and Labrador,,30.6
2022,All persons,Prince Edward Island,11,12.4
2022,Persons under 18 years,Prince Edward Island,,10.1
2022,Persons 18 to 64 years,Prince Edward Island,,10.3
2022,Persons 65 years and over,Prince Edward Island,,21.0
2022,Men+,Prince Edward Island,,11.4
2022,"Men+, under 18 years",Prince Edward Island,,8.2
2022,"Men+, 18 to 64 years",Prince Edward Island,,10.5
2022,"Men+, 65 years and over",Prince Edward Island,,17.3
2022,Women+,Prince Edward Island,,13.4
2022,"Women+, under 18 years",Prince Edward Island,,12.1
2022,"Women+, 18 to 64 years",Prince Edward Island,,10.0
2022,"Women+, 65 years and over",Prince Edward Island,,24.2
2022,All persons,Nova Scotia,12,17.2
2022,Persons under 18 years,Nova Scotia,,17.3
2022,Persons 18 to 64 years,Nova Scotia,,14.3
2022,Persons 65 years and over,Nova Scotia,,25.0
2022,Men+,Nova Scotia,,16.5
2022,"Men+, under 18 years",Nova Scotia,,18.3
2022,"Men+, 18 to 64 years",Nova Scotia,,14.1
2022,"Men+, 65 years and over",Nova Scotia,,22.0
2022,Women+,Nova Scotia,,17.8
2022,"Women+, under 18 years",Nova Scotia,,16.3
2022,"Women+, 18 to 64 years",Nova Scotia,,14.5
2022,"Women+, 65 years and over",Nova Scotia,,27.7
2022,All persons,New Brunswick,13,16.0
2022,Persons under 18 years,New Brunswick,,15.7
2022,Persons 18 to 64 years,New Brunswick,,12.7
2022,Persons 65 years and over,New Brunswick,,24.7
2022,Men+,New Brunswick,,15.0
2022,"Men+, under 18 years",New Brunswick,,16.2
2022,"Men+, 18 to 64 years",New Brunswick,,12.5
2022,"Men+, 65 years and over",New Brunswick,,21.1
2022,Women+,New Brunswick,,16.9
2022,"Women+, under 18 years",New Brunswick,,15.3
2022,"Women+, 18 to 64 years",New Brunswick,,12.8
2022,"Women+, 65 years and over",New Brunswick,,28.0
2022,All persons,Quebec,24,10.9
2022,Persons under 18 years,Quebec,,8.3
2022,Persons 18 to 64 years,Quebec,,10.0
2022,Persons 65 years and over,Quebec,,16.0
2022,Men+,Quebec,,10.3
2022,"Men+, under 18 years",Quebec,,7.7
2022,"Men+, 18 to 64 years",Quebec,,10.2
2022,"Men+, 65 years and over",Quebec,,13.4
2022,Women+,Quebec,,11.5
2022,"Women+, under 18 years",Quebec,,9.0
2022,"Women+, 18 to 64 years",Quebec,,9.9
2022,"Women+, 65 years and over",Quebec,,18.3
2022,All persons,Ontario,35,12.0
2022,Persons under 18 years,Ontario,,12.8
2022,Persons 18 to 64 years,Ontario,,11.1
2022,Persons 65 years and over,Ontario,,14.2
2022,Men+,Ontario,,11.3
2022,"Men+, under 18 years",Ontario,,12.9
2022,"Men+, 18 to 64 years",Ontario,,10.7
2022,"Men+, 65 years and over",Ontario,,12.0
2022,Women+,Ontario,,12.6
2022,"Women+, under 18 years",Ontario,,12.8
2022,"Women+, 18 to 64 years",Ontario,,11.5
2022,"Women+, 65 years and over",Ontario,,16.1
2022,All persons,Prairie provinces,,11.9
2022,Persons under 18 years,Prairie provinces,,14.4
2022,Persons 18 to 64 years,Prairie provinces,,10.6
2022,Persons 65 years and over,Prairie provinces,,13.7
2022,Men+,Prairie provinces,,11.4
2022,"Men+, under 18 years",Prairie provinces,,14.5
2022,"Men+, 18 to 64 years",Prairie provinces,,10.1
2022,"Men+, 65 years and over",Prairie provinces,,12.1
2022,Women+,Prairie provinces,,12.5
2022,"Women+, under 18 years",Prairie provinces,,14.3
2022,"Women+, 18 to 64 years",Prairie provinces,,11.2
2022,"Women+, 65 years and over",Prairie provinces,,15.2
2022,All persons,Manitoba,46,15.1
2022,Persons under 18 years,Manitoba,,19.7
2022,Persons 18 to 64 years,Manitoba,,13.1
2022,Persons 65 years and over,Manitoba,,16.4
2022,Men+,Manitoba,,14.6
2022,"Men+, under 18 years",Manitoba,,20.2
2022,"Men+, 18 to 64 years",Manitoba,,12.6
2022,"Men+, 65 years and over",Manitoba,,14.4
2022,Women+,Manitoba,,15.6
2022,"Women+, under 18 years",Manitoba,,19.2
2022,"Women+, 18 to 64 years",Manitoba,,13.5
2022,"Women+, 65 years and over",Manitoba,,18.2
2022,All persons,Saskatchewan,47,13.5
2022,Persons under 18 years,Saskatchewan,,16.7
2022,Persons 18 to 64 years,Saskatchewan,,11.7
2022,Persons 65 years and over,Saskatchewan,,15.6
2022,Men+,Saskatchewan,,13.3
2022,"Men+, under 18 years",Saskatchewan,,17.7
2022,"Men+, 18 to 64 years",Saskatchewan,,11.4
2022,"Men+, 65 years and over",Saskatchewan,,13.8
2022,Women+,Saskatchewan,,13.8
2022,"Women+, under 18 years",Saskatchewan,,15.7
2022,"Women+, 18 to 64 years",Saskatchewan,,12.1
2022,"Women+, 65 years and over",Saskatchewan,,17.1
2022,All persons,Alberta,48,10.6
2022,Persons under 18 years,Alberta,,12.2
2022,Persons 18 to 64 years,Alberta,,9.6
2022,Persons 65 years and over,Alberta,,12.3
2022,Men+,Alberta,,10.0
2022,"Men+, under 18 years",Alberta,,12.0
2022,"Men+, 18 to 64 years",Alberta,,9.0
2022,"Men+, 65 years and over",Alberta,,10.9
2022,Women+,Alberta,,11.3
2022,"Women+, under 18 years",Alberta,,12.5
2022,"Women+, 18 to 64 years",Alberta,,10.3
2022,"Women+, 65 years and over",Alberta,,13.5
2022,All persons,British Columbia,59,11.7
2022,Persons under 18 years,British Columbia,,11.1
2022,Persons 18 to 64 years,British Columbia,,10.2
2022,Persons 65 years and over,British Columbia,,16.9
2022,Men+,British Columbia,,10.9
2022,"Men+, under 18 years",British Columbia,,10.6
2022,"Men+, 18 to 64 years",British Columbia,,9.7
2022,"Men+, 65 years and over",British Columbia,,15.5
2022,Women+,British Columbia,,12.4
2022,"Women+, under 18 years",British Columbia,,11.7
2022,"Women+, 18 to 64 years",British Columbia,,10.7
2022,"Women+, 65 years and over",British Columbia,,18.2
2022,All persons,Territories,,13.3
2022,Persons under 18 years,Territories,,16.6
2022,Persons 18 to 64 years,Territories,,11.0
2022,Persons 65 years and over,Territories,,19.8
2022,Men+,Territories,,15.4
2022,"Men+, under 18 years",Territories,,18.5
2022,"Men+, 18 to 64 years",Territories,,12.7
2022,"Men+, 65 years and over",Territories,,24.3
2022,Women+,Territories,,11.2
2022,"Women+, under 18 years",Territories,,14.6
2022,"Women+, 18 to 64 years",Territories,,9.3
2022,"Women+, 65 years and over",Territories,,15.0
2022,All persons,Yukon,60,10.4
2022,Persons 18 to 64 years,Yukon,,7.5
2022,Persons 65 years and over,Yukon,,20.1
2022,Men+,Yukon,,12.4
2022,"Men+, 18 to 64 years",Yukon,,8.8
2022,"Men+, 65 years and over",Yukon,,25.9
2022,Women+,Yukon,,8.4
2022,"Women+, 65 years and over",Yukon,,13.7
2022,All persons,Northwest Territories,61,12.8
2022,Persons under 18 years,Northwest Territories,,15.6
2022,Persons 18 to 64 years,Northwest Territories,,11.1
2022,Persons 65 years and over,Northwest Territories,,17.7
2022,Men+,Northwest Territories,,15.6
2022,"Men+, under 18 years",Northwest Territories,,19.0
2022,"Men+, 18 to 64 years",Northwest Territories,,13.5
2022,"Men+, 65 years and over",Northwest Territories,,21.0
2022,Women+,Northwest Territories,,9.9
2022,"Women+, under 18 years",Northwest Territories,,11.9
2022,"Women+, 18 to 64 years",Northwest Territories,,8.6
2022,All persons,Nunavut,62,16.9
2022,Persons under 18 years,Nunavut,,19.2
2022,Persons 18 to 64 years,Nunavut,,15.0
2022,Persons 65 years and over,Nunavut,,24.2
2022,Men+,Nunavut,,18.2
2022,"Men+, under 18 years",Nunavut,,20.5
2022,"Men+, 18 to 64 years",Nunavut,,16.1
2022,"Men+, 65 years and over",Nunavut,,26.8
2022,Women+,Nunavut,,15.6
2022,"Women+, 18 to 64 years",Nunavut,,13.8
2022,All persons,"Québec, Quebec",,8.6
2022,Persons under 18 years,"Québec, Quebec",,4.8
2022,Persons 18 to 64 years,"Québec, Quebec",,8.4
2022,Persons 65 years and over,"Québec, Quebec",,12.2
2022,Men+,"Québec, Quebec",,8.1
2022,"Men+, under 18 years","Québec, Quebec",,4.4
2022,"Men+, 18 to 64 years","Québec, Quebec",,9.1
2022,"Men+, 65 years and over","Québec, Quebec",,8.8
2022,Women+,"Québec, Quebec",,9.1
2022,"Women+, under 18 years","Québec, Quebec",,5.3
2022,"Women+, 18 to 64 years","Québec, Quebec",,7.8
2022,"Women+, 65 years and over","Québec, Quebec",,15.1
2022,All persons,"Montréal, Quebec",,10.8
2022,Persons under 18 years,"Montréal, Quebec",,8.7
2022,Persons 18 to 64 years,"Montréal, Quebec",,10.1
2022,Persons 65 years and over,"Montréal, Quebec",,16.3
2022,Men+,"Montréal, Quebec",,10.5
2022,"Men+, under 18 years","Montréal, Quebec",,8.4
2022,"Men+, 18 to 64 years","Montréal, Quebec",,10.2
2022,"Men+, 65 years and over","Montréal, Quebec",,14.5
2022,Women+,"Montréal, Quebec",,11.2
2022,"Women+, under 18 years","Montréal, Quebec",,9.0
2022,"Women+, 18 to 64 years","Montréal, Quebec",,9.9
2022,"Women+, 65 years and over","Montréal, Quebec",,17.7
2022,All persons,"Ottawa-Gatineau, Ontario/Quebec",,9.6
2022,Persons under 18 years,"Ottawa-Gatineau, Ontario/Quebec",,8.7
2022,Persons 18 to 64 years,"Ottawa-Gatineau, Ontario/Quebec",,9.6
2022,Persons 65 years and over,"Ottawa-Gatineau, Ontario/Quebec",,10.7
2022,Men+,"Ottawa-Gatineau, Ontario/Quebec",,9.3
2022,"Men+, under 18 years","Ottawa-Gatineau, Ontario/Quebec",,7.5
2022,"Men+, 18 to 64 years","Ottawa-Gatineau, Ontario/Quebec",,9.8
2022,"Men+, 65 years and over","Ottawa-Gatineau, Ontario/Quebec",,9.7
2022,Women+,"Ottawa-Gatineau, Ontario/Quebec",,10.0
2022,"Women+, under 18 years","Ottawa-Gatineau, Ontario/Quebec",,10.0
2022,"Women+, 18 to 64 years","Ottawa-Gatineau, Ontario/Quebec",,9.5
2022,"Women+, 65 years and over","Ottawa-Gatineau, Ontario/Quebec",,11.6
2022,All persons,"Toronto, Ontario",,12.2
2022,Persons under 18 years,"Toronto, Ontario",,13.5
2022,Persons 18 to 64 years,"Toronto, Ontario",,11.3
2022,Persons 65 years and over,"Toronto, Ontario",,14.7
2022,Men+,"Toronto, Ontario",,11.7
2022,"Men+, under 18 years","Toronto, Ontario",,14.1
2022,"Men+, 18 to 64 years","Toronto, Ontario",,10.9
2022,"Men+, 65 years and over","Toronto, Ontario",,12.4
2022,Women+,"Toronto, Ontario",,12.7
2022,"Women+, under 18 years","Toronto, Ontario",,12.8
2022,"Women+, 18 to 64 years","Toronto, Ontario",,11.7
2022,"Women+, 65 years and over","Toronto, Ontario",,16.7
2022,All persons,"Winnipeg, Manitoba",,13.6
2022,Persons under 18 years,"Winnipeg, Manitoba",,17.7
2022,Persons 18 to 64 years,"Winnipeg, Manitoba",,12.2
2022,Persons 65 years and over,"Winnipeg, Manitoba",,14.2
2022,Men+,"Winnipeg, Manitoba",,13.0
2022,"Men+, under 18 years","Winnipeg, Manitoba",,18.0
2022,"Men+, 18 to 64 years","Winnipeg, Manitoba",,11.6
2022,"Men+, 65 years and over","Winnipeg, Manitoba",,12.1
2022,Women+,"Winnipeg, Manitoba",,14.2
2022,"Women+, under 18 years","Winnipeg, Manitoba",,17.3
2022,"Women+, 18 to 64 years","Winnipeg, Manitoba",,12.7
2022,"Women+, 65 years and over","Winnipeg, Manitoba",,16.0
2022,All persons,"Calgary, Alberta",,10.1
2022,Persons under 18 years,"Calgary, Alberta",,11.3
2022,Persons 18 to 64 years,"Calgary, Alberta",,9.5
2022,Persons 65 years and over,"Calgary, Alberta",,10.9
2022,Men+,"Calgary, Alberta",,9.2
2022,"Men+, under 18 years","Calgary, Alberta",,10.9
2022,"Men+, 18 to 64 years","Calgary, Alberta",,8.7
2022,"Men+, 65 years and over","Calgary, Alberta",,9.0
2022,Women+,"Calgary, Alberta",,10.9
2022,"Women+, under 18 years","Calgary, Alberta",,11.7
2022,"Women+, 18 to 64 years","Calgary, Alberta",,10.3
2022,"Women+, 65 years and over","Calgary, Alberta",,12.6
2022,All persons,"Edmonton, Alberta",,10.8
2022,Persons under 18 years,"Edmonton, Alberta",,13.2
2022,Persons 18 to 64 years,"Edmonton, Alberta",,10.1
2022,Persons 65 years and over,"Edmonton, Alberta",,10.5
2022,Men+,"Edmonton, Alberta",,10.4
2022,"Men+, under 18 years","Edmonton, Alberta",,12.1
2022,"Men+, 18 to 64 years","Edmonton, Alberta",,9.9
2022,"Men+, 65 years and over","Edmonton, Alberta",,10.2
2022,Women+,"Edmonton, Alberta",,11.2
2022,"Women+, under 18 years","Edmonton, Alberta",,14.5
2022,"Women+, 18 to 64 years","Edmonton, Alberta",,10.3
2022,"Women+, 65 years and over","Edmonton, Alberta",,10.9
2022,All persons,"Vancouver, British Columbia",,11.4
2022,Persons under 18 years,"Vancouver, British Columbia",,10.5
2022,Persons 18 to 64 years,"Vancouver, British Columbia",,10.1
2022,Persons 65 years and over,"Vancouver, British Columbia",,17.0
2022,Men+,"Vancouver, British Columbia",,10.9
2022,"Men+, under 18 years","Vancouver, British Columbia",,10.1
2022,"Men+, 18 to 64 years","Vancouver, British Columbia",,9.7
2022,"Men+, 65 years and over","Vancouver, British Columbia",,16.4
2022,Women+,"Vancouver, British Columbia",,11.9
2022,"Women+, under 18 years","Vancouver, British Columbia",,11.0
2022,"Women+, 18 to 64 years","Vancouver, British Columbia",,10.6
2022,"Women+, 65 years and over","Vancouver, British Columbia",,17.5
2023,Persons under 18 years,Canada,,13.4
2023,Persons 18 to 64 years,Canada,,11.2
2023,Persons 65 years and over,Canada,,14.2
2023,Men+,Canada,,11.7
2023,"Men+, under 18 years",Canada,,13.6
2023,"Men+, 18 to 64 years",Canada,,10.8
2023,"Men+, 65 years and over",Canada,,12.5
2023,Women+,Canada,,12.6
2023,"Women+, under 18 years",Canada,,13.1
2023,"Women+, 18 to 64 years",Canada,,11.5
2023,"Women+, 65 years and over",Canada,,15.7
2023,All persons,Atlantic provinces,,16.3
2023,Persons under 18 years,Atlantic provinces,,17.8
2023,Persons 18 to 64 years,Atlantic provinces,,13.2
2023,Persons 65 years and over,Atlantic provinces,,23.4
2023,Men+,Atlantic provinces,,15.5
2023,"Men+, under 18 years",Atlantic provinces,,18.4
2023,"Men+, 18 to 64 years",Atlantic provinces,,12.8
2023,"Men+, 65 years and over",Atlantic provinces,,20.9
2023,Women+,Atlantic provinces,,17.1
2023,"Women+, under 18 years",Atlantic provinces,,17.3
2023,"Women+, 18 to 64 years",Atlantic provinces,,13.6
2023,"Women+, 65 years and over",Atlantic provinces,,25.6
2023,All persons,Newfoundland and Labrador,10,16.7
2023,Persons under 18 years,Newfoundland and Labrador,,17.3
2023,Persons 18 to 64 years,Newfoundland and Labrador,,13.0
2023,Persons 65 years and over,Newfoundland and Labrador,,25.3
2023,Men+,Newfoundland and Labrador,,15.5
2023,"Men+, under 18 years",Newfoundland and Labrador,,18.4
2023,"Men+, 18 to 64 years",Newfoundland and Labrador,,12.0
2023,"Men+, 65 years and over",Newfoundland and Labrador,,22.5
2023,Women+,Newfoundland and Labrador,,17.8
2023,"Women+, under 18 years",Newfoundland and Labrador,,16.1
2023,"Women+, 18 to 64 years",Newfoundland and Labrador,,14.0
2023,"Women+, 65 years and over",Newfoundland and Labrador,,27.8
2023,All persons,Prince Edward Island,11,14.2
2023,Persons under 18 years,Prince Edward Island,,15.6
2023,Persons 18 to 64 years,Prince Edward Island,,12.0
2023,Persons 65 years and over,Prince Edward Island,,19.8
2023,Men+,Prince Edward Island,,13.5
2023,"Men+, under 18 years",Prince Edward Island,,16.4
2023,"Men+, 18 to 64 years",Prince Edward Island,,11.2
2023,"Men+, 65 years and over",Prince Edward Island,,17.9
2023,Women+,Prince Edward Island,,15.0
2023,"Women+, under 18 years",Prince Edward Island,,14.9
2023,"Women+, 18 to 64 years",Prince Edward Island,,12.7
2023,"Women+, 65 years and over",Prince Edward Island,,21.4
2023,All persons,Nova Scotia,12,16.5
2023,Persons under 18 years,Nova Scotia,,18.2
2023,Persons 18 to 64 years,Nova Scotia,,13.9
2023,Persons 65 years and over,Nova Scotia,,22.6
2023,Men+,Nova Scotia,,16.0
2023,"Men+, under 18 years",Nova Scotia,,19.0
2023,"Men+, 18 to 64 years",Nova Scotia,,13.5
2023,"Men+, 65 years and over",Nova Scotia,,20.4
2023,Women+,Nova Scotia,,17.1
2023,"Women+, under 18 years",Nova Scotia,,17.3
2023,"Women+, 18 to 64 years",Nova Scotia,,14.2
2023,"Women+, 65 years and over",Nova Scotia,,24.5
2023,All persons,New Brunswick,13,16.3
2023,Persons under 18 years,New Brunswick,,18.3
2023,Persons 18 to 64 years,New Brunswick,,12.8
2023,Persons 65 years and over,New Brunswick,,23.8
2023,Men+,New Brunswick,,15.4
2023,"Men+, under 18 years",New Brunswick,,18.0
2023,"Men+, 18 to 64 years",New Brunswick,,12.6
2023,"Men+, 65 years and over",New Brunswick,,21.0
2023,Women+,New Brunswick,,17.0
2023,"Women+, under 18 years",New Brunswick,,18.5
2023,"Women+, 18 to 64 years",New Brunswick,,12.9
2023,"Women+, 65 years and over",New Brunswick,,26.2
2023,All persons,Quebec,24,11.4
2023,Persons under 18 years,Quebec,,9.1
2023,Persons 18 to 64 years,Quebec,,10.6
2023,Persons 65 years and over,Quebec,,16.2
2023,Men+,Quebec,,10.8
2023,"Men+, under 18 years",Quebec,,8.7
2023,"Men+, 18 to 64 years",Quebec,,10.5
2023,"Men+, 65 years and over",Quebec,,14.1
2023,Women+,Quebec,,12.1
2023,"Women+, under 18 years",Quebec,,9.5
2023,"Women+, 18 to 64 years",Quebec,,10.7
2023,"Women+, 65 years and over",Quebec,,18.0
2023,All persons,Ontario,35,12.0
2023,Persons under 18 years,Ontario,,14.1
2023,Persons 18 to 64 years,Ontario,,11.5
2023,Persons 65 years and over,Ontario,,11.7
2023,Men+,Ontario,,11.8
2023,"Men+, under 18 years",Ontario,,14.5
2023,"Men+, 18 to 64 years",Ontario,,11.4
2023,"Men+, 65 years and over",Ontario,,10.2
2023,Women+,Ontario,,12.3
2023,"Women+, under 18 years",Ontario,,13.7
2023,"Women+, 18 to 64 years",Ontario,,11.7
2023,"Women+, 65 years and over",Ontario,,13.0
2023,All persons,Prairie provinces,,11.7
2023,Persons under 18 years,Prairie provinces,,15.3
2023,Persons 18 to 64 years,Prairie provinces,,10.6
2023,Persons 65 years and over,Prairie provinces,,10.9
2023,Men+,Prairie provinces,,11.3
2023,"Men+, under 18 years",Prairie provinces,,15.9
2023,"Men+, 18 to 64 years",Prairie provinces,,9.9
2023,"Men+, 65 years and over",Prairie provinces,,9.8
2023,Women+,Prairie provinces,,12.1
2023,"Women+, under 18 years",Prairie provinces,,14.7
2023,"Women+, 18 to 64 years",Prairie provinces,,11.2
2023,"Women+, 65 years and over",Prairie provinces,,11.9
2023,All persons,Manitoba,46,14.1
2023,Persons under 18 years,Manitoba,,18.2
2023,Persons 18 to 64 years,Manitoba,,12.8
2023,Persons 65 years and over,Manitoba,,13.4
2023,Men+,Manitoba,,13.6
2023,"Men+, under 18 years",Manitoba,,18.8
2023,"Men+, 18 to 64 years",Manitoba,,12.2
2023,"Men+, 65 years and over",Manitoba,,11.7
2023,Women+,Manitoba,,14.6
2023,"Women+, under 18 years",Manitoba,,17.5
2023,"Women+, 18 to 64 years",Manitoba,,13.4
2023,"Women+, 65 years and over",Manitoba,,14.8
2023,All persons,Saskatchewan,47,14.6
2023,Persons under 18 years,Saskatchewan,,19.0
2023,Persons 18 to 64 years,Saskatchewan,,13.0
2023,Persons 65 years and over,Saskatchewan,,14.4
2023,Men+,Saskatchewan,,13.7
2023,"Men+, under 18 years",Saskatchewan,,19.2
2023,"Men+, 18 to 64 years",Saskatchewan,,11.9
2023,"Men+, 65 years and over",Saskatchewan,,12.3
2023,Women+,Saskatchewan,,15.6
2023,"Women+, under 18 years",Saskatchewan,,18.8
2023,"Women+, 18 to 64 years",Saskatchewan,,14.1
2023,"Women+, 65 years and over",Saskatchewan,,16.3
2023,All persons,Alberta,48,10.2
2023,Persons under 18 years,Alberta,,13.5
2023,Persons 18 to 64 years,Alberta,,9.4
2023,Persons 65 years and over,Alberta,,9.1
2023,Men+,Alberta,,10.0
2023,"Men+, under 18 years",Alberta,,14.2
2023,"Men+, 18 to 64 years",Alberta,,8.8
2023,"Men+, 65 years and over",Alberta,,8.5
2023,Women+,Alberta,,10.5
2023,"Women+, under 18 years",Alberta,,12.7
2023,"Women+, 18 to 64 years",Alberta,,10.0
2023,"Women+, 65 years and over",Alberta,,9.7
2023,All persons,British Columbia,59,12.2
2023,Persons under 18 years,British Columbia,,13.5
2023,Persons 18 to 64 years,British Columbia,,10.8
2023,Persons 65 years and over,British Columbia,,15.8
2023,Men+,British Columbia,,11.5
2023,"Men+, under 18 years",British Columbia,,13.2
2023,"Men+, 18 to 64 years",British Columbia,,10.3
2023,"Men+, 65 years and over",British Columbia,,13.8
2023,Women+,British Columbia,,12.9
2023,"Women+, under 18 years",British Columbia,,13.8
2023,"Women+, 18 to 64 years",British Columbia,,11.2
2023,"Women+, 65 years and over",British Columbia,,17.5
2023,All persons,Territories,,11.6
2023,Persons under 18 years,Territories,,14.2
2023,Persons 18 to 64 years,Territories,,9.9
2023,Persons 65 years and over,Territories,,15.6
2023,Men+,Territories,,12.4
2023,"Men+, under 18 years",Territories,,14.5
2023,"Men+, 18 to 64 years",Territories,,10.5
2023,"Men+, 65 years and over",Territories,,18.3
2023,Women+,Territories,,10.8
2023,"Women+, under 18 years",Territories,,13.9
2023,"Women+, 18 to 64 years",Territories,,9.2
2023,"Women+, 65 years and over",Territories,,12.7
2023,All persons,Yukon,60,10.0
2023,Persons 18 to 64 years,Yukon,,8.5
2023,Persons 65 years and over,Yukon,,15.5
2023,Men+,Yukon,,11.0
2023,"Men+, 18 to 64 years",Yukon,,9.2
2023,"Men+, 65 years and over",Yukon,,15.1
2023,Women+,Yukon,,9.1
2023,"Women+, 18 to 64 years",Yukon,,7.7
2023,"Women+, 65 years and over",Yukon,,16.0
2023,All persons,Northwest Territories,61,6.8
2023,Persons 18 to 64 years,Northwest Territories,,5.4
2023,Persons 65 years and over,Northwest Territories,,15.9
2023,Men+,Northwest Territories,,8.3
2023,"Men+, 65 years and over",Northwest Territories,,21.9
2023,Women+,Northwest Territories,,5.3
2023,All persons,Nunavut,62,18.6
2023,Persons under 18 years,Nunavut,,20.9
2023,Persons 18 to 64 years,Nunavut,,17.4
2023,Persons 65 years and over,Nunavut,,15.1
2023,Men+,Nunavut,,18.5
2023,"Men+, under 18 years",Nunavut,,20.1
2023,"Men+, 18 to 64 years",Nunavut,,17.3
2023,Women+,Nunavut,,18.7
2023,"Women+, under 18 years",Nunavut,,21.7
2023,"Women+, 18 to 64 years",Nunavut,,17.4
2023,All persons,"Québec, Quebec",,7.5
2023,Persons under 18 years,"Québec, Quebec",,3.5
2023,Persons 18 to 64 years,"Québec, Quebec",,7.3
2023,Persons 65 years and over,"Québec, Quebec",,11.9
2023,Men+,"Québec, Quebec",,6.5
2023,"Men+, under 18 years","Québec, Quebec",,2.2
2023,"Men+, 18 to 64 years","Québec, Quebec",,7.2
2023,"Men+, 65 years and over","Québec, Quebec",,9.2
2023,Women+,"Québec, Quebec",,8.4
2023,"Women+, under 18 years","Québec, Quebec",,4.8
2023,"Women+, 18 to 64 years","Québec, Quebec",,7.5
2023,"Women+, 65 years and over","Québec, Quebec",,14.0
2023,All persons,"Montréal, Quebec",,11.7
2023,Persons under 18 years,"Montréal, Quebec",,10.2
2023,Persons 18 to 64 years,"Montréal, Quebec",,10.9
2023,Persons 65 years and over,"Montréal, Quebec",,15.9
2023,Men+,"Montréal, Quebec",,11.3
2023,"Men+, under 18 years","Montréal, Quebec",,10.1
2023,"Men+, 18 to 64 years","Montréal, Quebec",,11.0
2023,"Men+, 65 years and over","Montréal, Quebec",,14.0
2023,Women+,"Montréal, Quebec",,12.1
2023,"Women+, under 18 years","Montréal, Quebec",,10.4
2023,"Women+, 18 to 64 years","Montréal, Quebec",,10.9
2023,"Women+, 65 years and over","Montréal, Quebec",,17.5
2023,All persons,"Ottawa-Gatineau, Ontario/Quebec",,8.8
2023,Persons under 18 years,"Ottawa-Gatineau, Ontario/Quebec",,8.6
2023,Persons 18 to 64 years,"Ottawa-Gatineau, Ontario/Quebec",,8.8
2023,Persons 65 years and over,"Ottawa-Gatineau, Ontario/Quebec",,9.1
2023,Men+,"Ottawa-Gatineau, Ontario/Quebec",,9.1
2023,"Men+, under 18 years","Ottawa-Gatineau, Ontario/Quebec",,9.5
2023,"Men+, 18 to 64 years","Ottawa-Gatineau, Ontario/Quebec",,8.8
2023,"Men+, 65 years and over","Ottawa-Gatineau, Ontario/Quebec",,9.6
2023,Women+,"Ottawa-Gatineau, Ontario/Quebec",,8.6
2023,"Women+, under 18 years","Ottawa-Gatineau, Ontario/Quebec",,7.6
2023,"Women+, 18 to 64 years","Ottawa-Gatineau, Ontario/Quebec",,8.8
2023,"Women+, 65 years and over","Ottawa-Gatineau, Ontario/Quebec",,8.7
2023,All persons,"Toronto, Ontario",,12.6
2023,Persons under 18 years,"Toronto, Ontario",,15.7
2023,Persons 18 to 64 years,"Toronto, Ontario",,11.8
2023,Persons 65 years and over,"Toronto, Ontario",,12.3
2023,Men+,"Toronto, Ontario",,12.3
2023,"Men+, under 18 years","Toronto, Ontario",,16.0
2023,"Men+, 18 to 64 years","Toronto, Ontario",,11.6
2023,"Men+, 65 years and over","Toronto, Ontario",,11.0
2023,Women+,"Toronto, Ontario",,12.8
2023,"Women+, under 18 years","Toronto, Ontario",,15.4
2023,"Women+, 18 to 64 years","Toronto, Ontario",,12.0
2023,"Women+, 65 years and over","Toronto, Ontario",,13.5
2023,All persons,"Winnipeg, Manitoba",,12.1
2023,Persons under 18 years,"Winnipeg, Manitoba",,14.9
2023,Persons 18 to 64 years,"Winnipeg, Manitoba",,11.4
2023,Persons 65 years and over,"Winnipeg, Manitoba",,11.2
2023,Men+,"Winnipeg, Manitoba",,11.7
2023,"Men+, under 18 years","Winnipeg, Manitoba",,14.9
2023,"Men+, 18 to 64 years","Winnipeg, Manitoba",,11.3
2023,"Men+, 65 years and over","Winnipeg, Manitoba",,9.6
2023,Women+,"Winnipeg, Manitoba",,12.4
2023,"Women+, under 18 years","Winnipeg, Manitoba",,15.0
2023,"Women+, 18 to 64 years","Winnipeg, Manitoba",,11.6
2023,"Women+, 65 years and over","Winnipeg, Manitoba",,12.4
2023,All persons,"Calgary, Alberta",,10.1
2023,Persons under 18 years,"Calgary, Alberta",,15.0
2023,Persons 18 to 64 years,"Calgary, Alberta",,8.7
2023,Persons 65 years and over,"Calgary, Alberta",,9.1
2023,Men+,"Calgary, Alberta",,9.6
2023,"Men+, under 18 years","Calgary, Alberta",,15.0
2023,"Men+, 18 to 64 years","Calgary, Alberta",,8.1
2023,"Men+, 65 years and over","Calgary, Alberta",,8.0
2023,Women+,"Calgary, Alberta",,10.6
2023,"Women+, under 18 years","Calgary, Alberta",,15.1
2023,"Women+, 18 to 64 years","Calgary, Alberta",,9.3
2023,"Women+, 65 years and over","Calgary, Alberta",,10.1
2023,All persons,"Edmonton, Alberta",,11.0
2023,Persons under 18 years,"Edmonton, Alberta",,14.1
2023,Persons 18 to 64 years,"Edmonton, Alberta",,11.0
2023,Persons 65 years and over,"Edmonton, Alberta",,7.2
2023,Men+,"Edmonton, Alberta",,11.0
2023,"Men+, under 18 years","Edmonton, Alberta",,16.0
2023,"Men+, 18 to 64 years","Edmonton, Alberta",,10.2
2023,"Men+, 65 years and over","Edmonton, Alberta",,6.9
2023,Women+,"Edmonton, Alberta",,11.0
2023,"Women+, under 18 years","Edmonton, Alberta",,12.0
2023,"Women+, 18 to 64 years","Edmonton, Alberta",,11.7
2023,"Women+, 65 years and over","Edmonton, Alberta",,7.4
2023,All persons,"Vancouver, British Columbia",,12.7
2023,Persons under 18 years,"Vancouver, British Columbia",,16.0
2023,Persons 18 to 64 years,"Vancouver, British Columbia",,11.0
2023,Persons 65 years and over,"Vancouver, British Columbia",,16.3
2023,Men+,"Vancouver, British Columbia",,11.7
2023,"Men+, under 18 years","Vancouver, British Columbia",,15.2
2023,"Men+, 18 to 64 years","Vancouver, British Columbia",,10.3
2023,"Men+, 65 years and over","Vancouver, British Columbia",,13.8
2023,Women+,"Vancouver, British Columbia",,13.7
2023,"Women+, under 18 years","Vancouver, British Columbia",,16.8
2023,"Women+, 18 to 64 years","Vancouver, British Columbia",,11.6
2023,"Women+, 65 years and over","Vancouver, British Columbia",,18.3
2024,Persons under 18 years,Canada,,13.2
2024,Persons 18 to 64 years,Canada,,11.7
2024,Persons 65 years and over,Canada,,14.4
2024,Men+,Canada,,12.0
2024,"Men+, under 18 years",Canada,,13.1
2024,"Men+, 18 to 64 years",Canada,,11.4
2024,"Men+, 65 years and over",Canada,,12.7
2024,Women+,Canada,,13.1
2024,"Women+, under 18 years",Canada,,13.2
2024,"Women+, 18 to 64 years",Canada,,12.1
2024,"Women+, 65 years and over",Canada,,16.0
2024,All persons,Atlantic provinces,,15.6
2024,Persons under 18 years,Atlantic provinces,,15.7
2024,Persons 18 to 64 years,Atlantic provinces,,13.3
2024,Persons 65 years and over,Atlantic provinces,,21.6
2024,Men+,Atlantic provinces,,14.6
2024,"Men+, under 18 years",Atlantic provinces,,16.0
2024,"Men+, 18 to 64 years",Atlantic provinces,,12.5
2024,"Men+, 65 years and over",Atlantic provinces,,19.0
2024,Women+,Atlantic provinces,,16.6
2024,"Women+, under 18 years",Atlantic provinces,,15.4
2024,"Women+, 18 to 64 years",Atlantic provinces,,14.1
2024,"Women+, 65 years and over",Atlantic provinces,,23.9
2024,All persons,Newfoundland and Labrador,10,15.1
2024,Persons under 18 years,Newfoundland and Labrador,,13.2
2024,Persons 18 to 64 years,Newfoundland and Labrador,,12.6
2024,Persons 65 years and over,Newfoundland and Labrador,,22.4
2024,Men+,Newfoundland and Labrador,,14.0
2024,"Men+, under 18 years",Newfoundland and Labrador,,14.7
2024,"Men+, 18 to 64 years",Newfoundland and Labrador,,11.8
2024,"Men+, 65 years and over",Newfoundland and Labrador,,18.9
2024,Women+,Newfoundland and Labrador,,16.3
2024,"Women+, under 18 years",Newfoundland and Labrador,,11.6
2024,"Women+, 18 to 64 years",Newfoundland and Labrador,,13.4
2024,"Women+, 65 years and over",Newfoundland and Labrador,,25.5
2024,All persons,Prince Edward Island,11,14.7
2024,Persons under 18 years,Prince Edward Island,,17.3
2024,Persons 18 to 64 years,Prince Edward Island,,12.4
2024,Persons 65 years and over,Prince Edward Island,,19.3
2024,Men+,Prince Edward Island,,13.2
2024,"Men+, under 18 years",Prince Edward Island,,15.7
2024,"Men+, 18 to 64 years",Prince Edward Island,,11.3
2024,"Men+, 65 years and over",Prince Edward Island,,16.6
2024,Women+,Prince Edward Island,,16.3
2024,"Women+, under 18 years",Prince Edward Island,,19.0
2024,"Women+, 18 to 64 years",Prince Edward Island,,13.5
2024,"Women+, 65 years and over",Prince Edward Island,,21.7
2024,All persons,Nova Scotia,12,16.0
2024,Persons under 18 years,Nova Scotia,,17.1
2024,Persons 18 to 64 years,Nova Scotia,,13.8
2024,Persons 65 years and over,Nova Scotia,,21.1
2024,Men+,Nova Scotia,,14.6
2024,"Men+, under 18 years",Nova Scotia,,16.5
2024,"Men+, 18 to 64 years",Nova Scotia,,12.7
2024,"Men+, 65 years and over",Nova Scotia,,18.5
2024,Women+,Nova Scotia,,17.3
2024,"Women+, under 18 years",Nova Scotia,,17.7
2024,"Women+, 18 to 64 years",Nova Scotia,,14.9
2024,"Women+, 65 years and over",Nova Scotia,,23.3
2024,All persons,New Brunswick,13,15.6
2024,Persons under 18 years,New Brunswick,,15.2
2024,Persons 18 to 64 years,New Brunswick,,13.2
2024,Persons 65 years and over,New Brunswick,,22.2
2024,Men+,New Brunswick,,15.1
2024,"Men+, under 18 years",New Brunswick,,16.2
2024,"Men+, 18 to 64 years",New Brunswick,,13.0
2024,"Men+, 65 years and over",New Brunswick,,20.1
2024,Women+,New Brunswick,,16.1
2024,"Women+, under 18 years",New Brunswick,,14.1
2024,"Women+, 18 to 64 years",New Brunswick,,13.5
2024,"Women+, 65 years and over",New Brunswick,,24.0
2024,All persons,Quebec,24,11.6
2024,Persons under 18 years,Quebec,,9.4
2024,Persons 18 to 64 years,Quebec,,10.7
2024,Persons 65 years and over,Quebec,,16.3
2024,Men+,Quebec,,11.3
2024,"Men+, under 18 years",Quebec,,10.0
2024,"Men+, 18 to 64 years",Quebec,,10.9
2024,"Men+, 65 years and over",Quebec,,13.8
2024,Women+,Quebec,,12.0
2024,"Women+, under 18 years",Quebec,,8.8
2024,"Women+, 18 to 64 years",Quebec,,10.5
2024,"Women+, 65 years and over",Quebec,,18.5
2024,All persons,Ontario,35,12.7
2024,Persons under 18 years,Ontario,,14.0
2024,Persons 18 to 64 years,Ontario,,12.2
2024,Persons 65 years and over,Ontario,,12.9
2024,Men+,Ontario,,12.1
2024,"Men+, under 18 years",Ontario,,13.9
2024,"Men+, 18 to 64 years",Ontario,,11.7
2024,"Men+, 65 years and over",Ontario,,11.4
2024,Women+,Ontario,,13.2
2024,"Women+, under 18 years",Ontario,,14.0
2024,"Women+, 18 to 64 years",Ontario,,12.7
2024,"Women+, 65 years and over",Ontario,,14.1
2024,All persons,Prairie provinces,,12.5
2024,Persons under 18 years,Prairie provinces,,15.8
2024,Persons 18 to 64 years,Prairie provinces,,11.6
2024,Persons 65 years and over,Prairie provinces,,11.6
2024,Men+,Prairie provinces,,11.9
2024,"Men+, under 18 years",Prairie provinces,,15.4
2024,"Men+, 18 to 64 years",Prairie provinces,,11.2
2024,"Men+, 65 years and over",Prairie provinces,,10.0
2024,Women+,Prairie provinces,,13.1
2024,"Women+, under 18 years",Prairie provinces,,16.3
2024,"Women+, 18 to 64 years",Prairie provinces,,12.1
2024,"Women+, 65 years and over",Prairie provinces,,13.0
2024,All persons,Manitoba,46,15.3
2024,Persons under 18 years,Manitoba,,20.3
2024,Persons 18 to 64 years,Manitoba,,13.8
2024,Persons 65 years and over,Manitoba,,14.6
2024,Men+,Manitoba,,14.2
2024,"Men+, under 18 years",Manitoba,,18.7
2024,"Men+, 18 to 64 years",Manitoba,,13.0
2024,"Men+, 65 years and over",Manitoba,,12.9
2024,Women+,Manitoba,,16.5
2024,"Women+, under 18 years",Manitoba,,21.9
2024,"Women+, 18 to 64 years",Manitoba,,14.7
2024,"Women+, 65 years and over",Manitoba,,16.1
2024,All persons,Saskatchewan,47,14.3
2024,Persons under 18 years,Saskatchewan,,18.4
2024,Persons 18 to 64 years,Saskatchewan,,12.6
2024,Persons 65 years and over,Saskatchewan,,14.9
2024,Men+,Saskatchewan,,13.9
2024,"Men+, under 18 years",Saskatchewan,,18.6
2024,"Men+, 18 to 64 years",Saskatchewan,,12.3
2024,"Men+, 65 years and over",Saskatchewan,,13.2
2024,Women+,Saskatchewan,,14.8
2024,"Women+, under 18 years",Saskatchewan,,18.3
2024,"Women+, 18 to 64 years",Saskatchewan,,12.9
2024,"Women+, 65 years and over",Saskatchewan,,16.5
2024,All persons,Alberta,48,11.3
2024,Persons under 18 years,Alberta,,13.9
2024,Persons 18 to 64 years,Alberta,,10.8
2024,Persons 65 years and over,Alberta,,9.7
2024,Men+,Alberta,,10.8
2024,"Men+, under 18 years",Alberta,,13.7
2024,"Men+, 18 to 64 years",Alberta,,10.4
2024,"Men+, 65 years and over",Alberta,,8.2
2024,Women+,Alberta,,11.8
2024,"Women+, under 18 years",Alberta,,14.1
2024,"Women+, 18 to 64 years",Alberta,,11.1
2024,"Women+, 65 years and over",Alberta,,11.0
2024,All persons,British Columbia,59,12.1
2024,Persons under 18 years,British Columbia,,11.6
2024,Persons 18 to 64 years,British Columbia,,11.4
2024,Persons 65 years and over,British Columbia,,14.7
2024,Men+,British Columbia,,11.5
2024,"Men+, under 18 years",British Columbia,,11.0
2024,"Men+, 18 to 64 years",British Columbia,,11.1
2024,"Men+, 65 years and over",British Columbia,,13.3
2024,Women+,British Columbia,,12.7
2024,"Women+, under 18 years",British Columbia,,12.3
2024,"Women+, 18 to 64 years",British Columbia,,11.8
2024,"Women+, 65 years and over",British Columbia,,16.0
2024,All persons,Territories,,10.1
2024,Persons under 18 years,Territories,,14.2
2024,Persons 18 to 64 years,Territories,,8.1
2024,Persons 65 years and over,Territories,,12.2
2024,Men+,Territories,,10.3
2024,"Men+, under 18 years",Territories,,13.4
2024,"Men+, 18 to 64 years",Territories,,8.6
2024,"Men+, 65 years and over",Territories,,13.2
2024,Women+,Territories,,9.8
2024,"Women+, under 18 years",Territories,,15.1
2024,"Women+, 18 to 64 years",Territories,,7.6
2024,"Women+, 65 years and over",Territories,,11.1
2024,All persons,Yukon,60,8.3
2024,Persons under 18 years,Yukon,,7.6
2024,Persons 18 to 64 years,Yukon,,7.3
2024,Persons 65 years and over,Yukon,,14.0
2024,Men+,Yukon,,8.5
2024,"Men+, 18 to 64 years",Yukon,,8.4
2024,"Men+, 65 years and over",Yukon,,16.0
2024,Women+,Yukon,,8.1
2024,"Women+, under 18 years",Yukon,,12.3
2024,"Women+, 18 to 64 years",Yukon,,6.3
2024,"Women+, 65 years and over",Yukon,,11.8
2024,All persons,Northwest Territories,61,7.2
2024,Persons 18 to 64 years,Northwest Territories,,6.2
2024,Men+,Northwest Territories,,7.5
2024,"Men+, 18 to 64 years",Northwest Territories,,6.7
2024,Women+,Northwest Territories,,6.9
2024,"Women+, 18 to 64 years",Northwest Territories,,5.6
2024,All persons,Nunavut,62,15.2
2024,Persons under 18 years,Nunavut,,22.0
2024,Persons 18 to 64 years,Nunavut,,11.6
2024,Men+,Nunavut,,15.4
2024,"Men+, 18 to 64 years",Nunavut,,11.3
2024,Women+,Nunavut,,15.0
2024,"Women+, under 18 years",Nunavut,,21.7
2024,"Women+, 18 to 64 years",Nunavut,,11.9
2024,All persons,"Québec, Quebec",,9.6
2024,Persons under 18 years,"Québec, Quebec",,6.9
2024,Persons 18 to 64 years,"Québec, Quebec",,8.9
2024,Persons 65 years and over,"Québec, Quebec",,13.6
2024,Men+,"Québec, Quebec",,8.7
2024,"Men+, under 18 years","Québec, Quebec",,7.6
2024,"Men+, 18 to 64 years","Québec, Quebec",,8.3
2024,"Men+, 65 years and over","Québec, Quebec",,10.6
2024,Women+,"Québec, Quebec",,10.6
2024,"Women+, under 18 years","Québec, Quebec",,6.3
2024,"Women+, 18 to 64 years","Québec, Quebec",,9.5
2024,"Women+, 65 years and over","Québec, Quebec",,16.3
2024,All persons,"Montréal, Quebec",,11.8
2024,Persons under 18 years,"Montréal, Quebec",,9.7
2024,Persons 18 to 64 years,"Montréal, Quebec",,11.3
2024,Persons 65 years and over,"Montréal, Quebec",,15.5
2024,Men+,"Montréal, Quebec",,11.6
2024,"Men+, under 18 years","Montréal, Quebec",,9.9
2024,"Men+, 18 to 64 years","Montréal, Quebec",,11.8
2024,"Men+, 65 years and over","Montréal, Quebec",,13.1
2024,Women+,"Montréal, Quebec",,11.9
2024,"Women+, under 18 years","Montréal, Quebec",,9.6
2024,"Women+, 18 to 64 years","Montréal, Quebec",,10.8
2024,"Women+, 65 years and over","Montréal, Quebec",,17.6
2024,All persons,"Ottawa-Gatineau, Ontario/Quebec",,10.6
2024,Persons under 18 years,"Ottawa-Gatineau, Ontario/Quebec",,8.4
2024,Persons 18 to 64 years,"Ottawa-Gatineau, Ontario/Quebec",,11.3
2024,Persons 65 years and over,"Ottawa-Gatineau, Ontario/Quebec",,10.3
2024,Men+,"Ottawa-Gatineau, Ontario/Quebec",,10.6
2024,"Men+, under 18 years","Ottawa-Gatineau, Ontario/Quebec",,9.5
2024,"Men+, 18 to 64 years","Ottawa-Gatineau, Ontario/Quebec",,11.3
2024,"Men+, 65 years and over","Ottawa-Gatineau, Ontario/Quebec",,9.5
2024,Women+,"Ottawa-Gatineau, Ontario/Quebec",,10.5
2024,"Women+, under 18 years","Ottawa-Gatineau, Ontario/Quebec",,7.2
2024,"Women+, 18 to 64 years","Ottawa-Gatineau, Ontario/Quebec",,11.4
2024,"Women+, 65 years and over","Ottawa-Gatineau, Ontario/Quebec",,11.0
2024,All persons,"Toronto, Ontario",,13.4
2024,Persons under 18 years,"Toronto, Ontario",,16.1
2024,Persons 18 to 64 years,"Toronto, Ontario",,12.5
2024,Persons 65 years and over,"Toronto, Ontario",,14.0
2024,Men+,"Toronto, Ontario",,13.1
2024,"Men+, under 18 years","Toronto, Ontario",,16.6
2024,"Men+, 18 to 64 years","Toronto, Ontario",,12.1
2024,"Men+, 65 years and over","Toronto, Ontario",,12.9
2024,Women+,"Toronto, Ontario",,13.7
2024,"Women+, under 18 years","Toronto, Ontario",,15.5
2024,"Women+, 18 to 64 years","Toronto, Ontario",,12.9
2024,"Women+, 65 years and over","Toronto, Ontario",,14.9
2024,All persons,"Winnipeg, Manitoba",,14.2
2024,Persons under 18 years,"Winnipeg, Manitoba",,18.6
2024,Persons 18 to 64 years,"Winnipeg, Manitoba",,13.2
2024,Persons 65 years and over,"Winnipeg, Manitoba",,13.1
2024,Men+,"Winnipeg, Manitoba",,13.0
2024,"Men+, under 18 years","Winnipeg, Manitoba",,16.4
2024,"Men+, 18 to 64 years","Winnipeg, Manitoba",,12.2
2024,"Men+, 65 years and over","Winnipeg, Manitoba",,12.0
2024,Women+,"Winnipeg, Manitoba",,15.5
2024,"Women+, under 18 years","Winnipeg, Manitoba",,20.9
2024,"Women+, 18 to 64 years","Winnipeg, Manitoba",,14.4
2024,"Women+, 65 years and over","Winnipeg, Manitoba",,14.0
2024,All persons,"Calgary, Alberta",,10.8
2024,Persons under 18 years,"Calgary, Alberta",,12.6
2024,Persons 18 to 64 years,"Calgary, Alberta",,10.8
2024,Persons 65 years and over,"Calgary, Alberta",,8.7
2024,Men+,"Calgary, Alberta",,11.1
2024,"Men+, under 18 years","Calgary, Alberta",,13.5
2024,"Men+, 18 to 64 years","Calgary, Alberta",,11.2
2024,"Men+, 65 years and over","Calgary, Alberta",,7.7
2024,Women+,"Calgary, Alberta",,10.6
2024,"Women+, under 18 years","Calgary, Alberta",,11.7
2024,"Women+, 18 to 64 years","Calgary, Alberta",,10.4
2024,"Women+, 65 years and over","Calgary, Alberta",,9.6
2024,All persons,"Edmonton, Alberta",,11.9
2024,Persons under 18 years,"Edmonton, Alberta",,16.5
2024,Persons 18 to 64 years,"Edmonton, Alberta",,11.1
2024,Persons 65 years and over,"Edmonton, Alberta",,9.2
2024,Men+,"Edmonton, Alberta",,10.8
2024,"Men+, under 18 years","Edmonton, Alberta",,15.4
2024,"Men+, 18 to 64 years","Edmonton, Alberta",,10.1
2024,"Men+, 65 years and over","Edmonton, Alberta",,6.9
2024,Women+,"Edmonton, Alberta",,13.1
2024,"Women+, under 18 years","Edmonton, Alberta",,17.6
2024,"Women+, 18 to 64 years","Edmonton, Alberta",,12.1
2024,"Women+, 65 years and over","Edmonton, Alberta",,11.3
2024,All persons,"Vancouver, British Columbia",,11.6
2024,Persons under 18 years,"Vancouver, British Columbia",,10.6
2024,Persons 18 to 64 years,"Vancouver, British Columbia",,11.2
2024,Persons 65 years and over,"Vancouver, British Columbia",,14.1
2024,Men+,"Vancouver, British Columbia",,11.0
2024,"Men+, under 18 years","Vancouver, British Columbia",,9.9
2024,"Men+, 18 to 64 years","Vancouver, British Columbia",,10.8
2024,"Men+, 65 years and over","Vancouver, British Columbia",,13.0
2024,Women+,"Vancouver, British Columbia",,12.1
2024,"Women+, under 18 years","Vancouver, British Columbia",,11.2
2024,"Women+, 18 to 64 years","Vancouver, British Columbia",,11.5
2024,"Women+, 65 years and over","Vancouver, British Columbia",,15.1
