{"Year":[2019,2019,2018,2018,2018,2018,2018,2018,2018,2017,2017,2017,2017,2016,2016,2016,2016,2016,2016,2016,2016,2015,2015,2015,2015,2015,2015,2019,2018,2017,2016,2015],"Type de catastrophe naturelle":["Temp\u00eate hivernale","Inondation","Orages et orages graves","Tornade","Feu de for\u00eat","Inondation","\u00c9pisode de chaleur","Temp\u00eate-non pr\u00e9cis\u00e9e/autre","Temp\u00eate hivernale","Feu de for\u00eat","Inondation","Orages et orages graves","Temp\u00eate hivernale","Temp\u00eate-non pr\u00e9cis\u00e9e/autre","Temp\u00eate hivernale","Inondation","\u00c9pid\u00e9mie","Feu de for\u00eat","Tornade","Orages et orages graves","\u00c9boulement","Temp\u00eate-non pr\u00e9cis\u00e9e/autre","Orages et orages graves","Tornade","Inondation","Feu de for\u00eat","Temp\u00eate hivernale",null,null,null,null,null],"Value":[0.00704541,0.0,0.0068330594,0.0149395596,0.0,0.0035783376,0.0,0.0304158699,0.0084985519,0.0060729473,0.013500629,0.002148889,0.0028028988,0.0,0.0013516923,0.0275487711,0.0008244735,0.2008693012,0.0,0.0197048187,0.0,0.0017467486,0.0170959099,0.0,0.0,0.0056566359,0.0,0.00704541,0.0642653785,0.0245253641,0.2502990568,0.0244992944]}