{"Year":[2015,2016,2017,2018,2019,2015,2015,2015,2015,2015,2015,2015,2015,2015,2015,2016,2016,2016,2016,2016,2016,2016,2016,2016,2016,2017,2017,2017,2017,2017,2017,2017,2017,2017,2017,2018,2018,2018,2018,2018,2018,2018,2018,2018,2018,2019,2019,2019,2019,2019,2019,2019,2019,2019,2019],"Function of Government":[null,null,null,null,null,"General public services ","Defence ","Public order and safety ","Economic affairs ","Environmental protection ","Housing and community amenities ","Health ","Recreation, culture and religion ","Education ","Social protection ","General public services ","Defence ","Public order and safety ","Economic affairs ","Environmental protection ","Housing and community amenities ","Health ","Recreation, culture and religion ","Education ","Social protection ","General public services ","Defence ","Public order and safety ","Economic affairs ","Environmental protection ","Housing and community amenities ","Health ","Recreation, culture and religion ","Education ","Social protection ","General public services ","Defence ","Public order and safety ","Economic affairs ","Environmental protection ","Housing and community amenities ","Health ","Recreation, culture and religion ","Education ","Social protection ","General public services ","Defence ","Public order and safety ","Economic affairs ","Environmental protection ","Housing and community amenities ","Health ","Recreation, culture and religion ","Education ","Social protection "],"Value":[0.178391421,0.188394132,0.198912042,0.2100383,0.224264106,0.306199541,0.058016262,0.037753243,0.04742202,0.012873697,0.009892041,0.138661424,0.0167124,0.015560069,0.356909304,0.289781736,0.055522404,0.036608029,0.050380368,0.01226519,0.011995813,0.136966403,0.017720932,0.017625456,0.371133669,0.289469775,0.058083206,0.037133205,0.049311786,0.012985964,0.014513535,0.13476531,0.01789163,0.018970295,0.366875295,0.297808308,0.052709489,0.03894948,0.056951572,0.015252537,0.009368061,0.13574972,0.018387458,0.020476386,0.354346988,0.296370454,0.056097414,0.041044723,0.06875256,0.01456287,0.009575861,0.134342766,0.017705173,0.021766965,0.339781213]}