Year,Personnes à faible revenu,Géographie,GeoCode,Value
2015,,,,14.3
2016,,,,13.0
2017,,,,12.6
2018,,,,12.4
2019,,,,12.2
2020,,,,9.3
2021,,,,10.6
2022,,,,12.0
2023,,,,12.1
2024,,,,12.5
2015,Personnes de moins de 18 ans,Canada,,15.3
2015,Personnes de 18 à 64 ans,Canada,,13.9
2015,Personnes de 65 ans et plus,Canada,,14.6
2015,Hommes+,Canada,,13.7
2015,"Men+, under 18 years",Canada,,15.2
2015,"Men+, 18 to 64 years",Canada,,13.6
2015,"Men+, 65 years and over",Canada,,12.2
2015,Femmes+,Canada,,14.8
2015,"Women+, under 18 years",Canada,,15.5
2015,"Women+, 18 to 64 years",Canada,,14.1
2015,"Women+, 65 years and over",Canada,,16.6
2015,Toutes les personnes,Provinces de l'Atlantique,,16.9
2015,Personnes de moins de 18 ans,Provinces de l'Atlantique,,17.8
2015,Personnes de 18 à 64 ans,Provinces de l'Atlantique,,15.0
2015,Personnes de 65 ans et plus,Provinces de l'Atlantique,,22.3
2015,Hommes+,Provinces de l'Atlantique,,15.7
2015,"Men+, under 18 years",Provinces de l'Atlantique,,17.1
2015,"Men+, 18 to 64 years",Provinces de l'Atlantique,,14.5
2015,"Men+, 65 years and over",Provinces de l'Atlantique,,18.3
2015,Femmes+,Provinces de l'Atlantique,,18.0
2015,"Women+, under 18 years",Provinces de l'Atlantique,,18.5
2015,"Women+, 18 to 64 years",Provinces de l'Atlantique,,15.5
2015,"Women+, 65 years and over",Provinces de l'Atlantique,,25.8
2015,Toutes les personnes,Terre-Neuve-et-Labrador,10,15.9
2015,Personnes de moins de 18 ans,Terre-Neuve-et-Labrador,,16.5
2015,Personnes de 18 à 64 ans,Terre-Neuve-et-Labrador,,12.3
2015,Personnes de 65 ans et plus,Terre-Neuve-et-Labrador,,27.8
2015,Hommes+,Terre-Neuve-et-Labrador,,13.6
2015,"Men+, under 18 years",Terre-Neuve-et-Labrador,,15.6
2015,"Men+, 18 to 64 years",Terre-Neuve-et-Labrador,,10.5
2015,"Men+, 65 years and over",Terre-Neuve-et-Labrador,,23.1
2015,Femmes+,Terre-Neuve-et-Labrador,,18.1
2015,"Women+, under 18 years",Terre-Neuve-et-Labrador,,17.6
2015,"Women+, 18 to 64 years",Terre-Neuve-et-Labrador,,14.1
2015,"Women+, 65 years and over",Terre-Neuve-et-Labrador,,32.0
2015,Toutes les personnes,Île-du-Prince-Édouard,11,16.8
2015,Personnes de moins de 18 ans,Île-du-Prince-Édouard,,18.0
2015,Personnes de 18 à 64 ans,Île-du-Prince-Édouard,,15.1
2015,Personnes de 65 ans et plus,Île-du-Prince-Édouard,,21.3
2015,Hommes+,Île-du-Prince-Édouard,,15.2
2015,"Men+, under 18 years",Île-du-Prince-Édouard,,16.0
2015,"Men+, 18 to 64 years",Île-du-Prince-Édouard,,15.4
2015,"Men+, 65 years and over",Île-du-Prince-Édouard,,13.9
2015,Femmes+,Île-du-Prince-Édouard,,18.3
2015,"Women+, under 18 years",Île-du-Prince-Édouard,,19.9
2015,"Women+, 18 to 64 years",Île-du-Prince-Édouard,,14.9
2015,"Women+, 65 years and over",Île-du-Prince-Édouard,,27.7
2015,Toutes les personnes,Nouvelle-Écosse,12,17.3
2015,Personnes de moins de 18 ans,Nouvelle-Écosse,,18.1
2015,Personnes de 18 à 64 ans,Nouvelle-Écosse,,16.0
2015,Personnes de 65 ans et plus,Nouvelle-Écosse,,20.8
2015,Hommes+,Nouvelle-Écosse,,16.2
2015,"Men+, under 18 years",Nouvelle-Écosse,,16.4
2015,"Men+, 18 to 64 years",Nouvelle-Écosse,,15.8
2015,"Men+, 65 years and over",Nouvelle-Écosse,,17.1
2015,Femmes+,Nouvelle-Écosse,,18.4
2015,"Women+, under 18 years",Nouvelle-Écosse,,20.0
2015,"Women+, 18 to 64 years",Nouvelle-Écosse,,16.3
2015,"Women+, 65 years and over",Nouvelle-Écosse,,24.0
2015,Toutes les personnes,Nouveau-Brunswick,13,17.1
2015,Personnes de moins de 18 ans,Nouveau-Brunswick,,18.2
2015,Personnes de 18 à 64 ans,Nouveau-Brunswick,,15.7
2015,Personnes de 65 ans et plus,Nouveau-Brunswick,,20.5
2015,Hommes+,Nouveau-Brunswick,,16.7
2015,"Men+, under 18 years",Nouveau-Brunswick,,19.3
2015,"Men+, 18 to 64 years",Nouveau-Brunswick,,15.8
2015,"Men+, 65 years and over",Nouveau-Brunswick,,17.2
2015,Femmes+,Nouveau-Brunswick,,17.5
2015,"Women+, under 18 years",Nouveau-Brunswick,,16.9
2015,"Women+, 18 to 64 years",Nouveau-Brunswick,,15.7
2015,"Women+, 65 years and over",Nouveau-Brunswick,,23.4
2015,Toutes les personnes,Québec,24,16.1
2015,Personnes de moins de 18 ans,Québec,,16.0
2015,Personnes de 18 à 64 ans,Québec,,15.5
2015,Personnes de 65 ans et plus,Québec,,18.5
2015,Hommes+,Québec,,15.3
2015,"Men+, under 18 years",Québec,,15.4
2015,"Men+, 18 to 64 years",Québec,,15.1
2015,"Men+, 65 years and over",Québec,,15.8
2015,Femmes+,Québec,,16.9
2015,"Women+, under 18 years",Québec,,16.5
2015,"Women+, 18 to 64 years",Québec,,15.9
2015,"Women+, 65 years and over",Québec,,20.8
2015,Toutes les personnes,Ontario,35,14.2
2015,Personnes de moins de 18 ans,Ontario,,15.6
2015,Personnes de 18 à 64 ans,Ontario,,14.1
2015,Personnes de 65 ans et plus,Ontario,,12.7
2015,Hommes+,Ontario,,13.7
2015,"Men+, under 18 years",Ontario,,16.5
2015,"Men+, 18 to 64 years",Ontario,,13.7
2015,"Men+, 65 years and over",Ontario,,10.2
2015,Femmes+,Ontario,,14.6
2015,"Women+, under 18 years",Ontario,,14.6
2015,"Women+, 18 to 64 years",Ontario,,14.5
2015,"Women+, 65 years and over",Ontario,,14.8
2015,Toutes les personnes,Provinces des Prairies,,9.5
2015,Personnes de moins de 18 ans,Provinces des Prairies,,14.1
2015,Personnes de 18 à 64 ans,Provinces des Prairies,,8.3
2015,Personnes de 65 ans et plus,Provinces des Prairies,,8.0
2015,Hommes+,Provinces des Prairies,,9.1
2015,"Men+, under 18 years",Provinces des Prairies,,13.4
2015,"Men+, 18 to 64 years",Provinces des Prairies,,8.1
2015,"Men+, 65 years and over",Provinces des Prairies,,6.3
2015,Femmes+,Provinces des Prairies,,9.9
2015,"Women+, under 18 years",Provinces des Prairies,,15.0
2015,"Women+, 18 to 64 years",Provinces des Prairies,,8.4
2015,"Women+, 65 years and over",Provinces des Prairies,,9.4
2015,Toutes les personnes,Manitoba,46,16.0
2015,Personnes de moins de 18 ans,Manitoba,,23.1
2015,Personnes de 18 à 64 ans,Manitoba,,14.1
2015,Personnes de 65 ans et plus,Manitoba,,13.4
2015,Hommes+,Manitoba,,16.4
2015,"Men+, under 18 years",Manitoba,,26.9
2015,"Men+, 18 to 64 years",Manitoba,,14.3
2015,"Men+, 65 years and over",Manitoba,,8.9
2015,Femmes+,Manitoba,,15.6
2015,"Women+, under 18 years",Manitoba,,19.3
2015,"Women+, 18 to 64 years",Manitoba,,13.9
2015,"Women+, 65 years and over",Manitoba,,17.2
2015,Toutes les personnes,Saskatchewan,47,12.4
2015,Personnes de moins de 18 ans,Saskatchewan,,17.8
2015,Personnes de 18 à 64 ans,Saskatchewan,,10.4
2015,Personnes de 65 ans et plus,Saskatchewan,,12.6
2015,Hommes+,Saskatchewan,,10.9
2015,"Men+, under 18 years",Saskatchewan,,16.9
2015,"Men+, 18 to 64 years",Saskatchewan,,8.9
2015,"Men+, 65 years and over",Saskatchewan,,10.3
2015,Femmes+,Saskatchewan,,13.9
2015,"Women+, under 18 years",Saskatchewan,,18.6
2015,"Women+, 18 to 64 years",Saskatchewan,,12.0
2015,"Women+, 65 years and over",Saskatchewan,,14.6
2015,Toutes les personnes,Alberta,48,6.9
2015,Personnes de moins de 18 ans,Alberta,,10.5
2015,Personnes de 18 à 64 ans,Alberta,,6.1
2015,Personnes de 65 ans et plus,Alberta,,4.3
2015,Hommes+,Alberta,,6.5
2015,"Men+, under 18 years",Alberta,,8.6
2015,"Men+, 18 to 64 years",Alberta,,6.2
2015,"Men+, 65 years and over",Alberta,,4.0
2015,Femmes+,Alberta,,7.2
2015,"Women+, under 18 years",Alberta,,12.6
2015,"Women+, 18 to 64 years",Alberta,,5.9
2015,"Women+, 65 years and over",Alberta,,4.6
2015,Toutes les personnes,Colombie-Britannique,59,16.6
2015,Personnes de moins de 18 ans,Colombie-Britannique,,14.1
2015,Personnes de 18 à 64 ans,Colombie-Britannique,,17.7
2015,Personnes de 65 ans et plus,Colombie-Britannique,,15.0
2015,Hommes+,Colombie-Britannique,,16.4
2015,"Men+, under 18 years",Colombie-Britannique,,12.6
2015,"Men+, 18 to 64 years",Colombie-Britannique,,18.2
2015,"Men+, 65 years and over",Colombie-Britannique,,13.5
2015,Femmes+,Colombie-Britannique,,16.8
2015,"Women+, under 18 years",Colombie-Britannique,,15.7
2015,"Women+, 18 to 64 years",Colombie-Britannique,,17.3
2015,"Women+, 65 years and over",Colombie-Britannique,,16.4
2015,Toutes les personnes,"Québec, Québec",,10.2
2015,Personnes de moins de 18 ans,"Québec, Québec",,
2015,Personnes de 18 à 64 ans,"Québec, Québec",,9.2
2015,Personnes de 65 ans et plus,"Québec, Québec",,17.8
2015,Hommes+,"Québec, Québec",,10.6
2015,"Men+, under 18 years","Québec, Québec",,
2015,"Men+, 18 to 64 years","Québec, Québec",,10.0
2015,"Men+, 65 years and over","Québec, Québec",,15.6
2015,Femmes+,"Québec, Québec",,9.8
2015,"Women+, under 18 years","Québec, Québec",,
2015,"Women+, 18 to 64 years","Québec, Québec",,8.5
2015,"Women+, 65 years and over","Québec, Québec",,19.5
2015,Toutes les personnes,"Montréal, Québec",,18.6
2015,Personnes de moins de 18 ans,"Montréal, Québec",,21.1
2015,Personnes de 18 à 64 ans,"Montréal, Québec",,18.6
2015,Personnes de 65 ans et plus,"Montréal, Québec",,15.9
2015,Hommes+,"Montréal, Québec",,17.9
2015,"Men+, under 18 years","Montréal, Québec",,20.6
2015,"Men+, 18 to 64 years","Montréal, Québec",,17.9
2015,"Men+, 65 years and over","Montréal, Québec",,14.3
2015,Femmes+,"Montréal, Québec",,19.3
2015,"Women+, under 18 years","Montréal, Québec",,21.4
2015,"Women+, 18 to 64 years","Montréal, Québec",,19.2
2015,"Women+, 65 years and over","Montréal, Québec",,17.3
2015,Toutes les personnes,"Ottawa-Gatineau, Ontario/Québec",,10.7
2015,Personnes de moins de 18 ans,"Ottawa-Gatineau, Ontario/Québec",,10.5
2015,Personnes de 18 à 64 ans,"Ottawa-Gatineau, Ontario/Québec",,11.3
2015,Personnes de 65 ans et plus,"Ottawa-Gatineau, Ontario/Québec",,8.3
2015,Hommes+,"Ottawa-Gatineau, Ontario/Québec",,9.8
2015,"Men+, under 18 years","Ottawa-Gatineau, Ontario/Québec",,
2015,"Men+, 18 to 64 years","Ottawa-Gatineau, Ontario/Québec",,10.5
2015,"Men+, 65 years and over","Ottawa-Gatineau, Ontario/Québec",,
2015,Femmes+,"Ottawa-Gatineau, Ontario/Québec",,11.6
2015,"Women+, under 18 years","Ottawa-Gatineau, Ontario/Québec",,
2015,"Women+, 18 to 64 years","Ottawa-Gatineau, Ontario/Québec",,12.0
2015,"Women+, 65 years and over","Ottawa-Gatineau, Ontario/Québec",,8.8
2015,Toutes les personnes,"Toronto, Ontario",,16.3
2015,Personnes de moins de 18 ans,"Toronto, Ontario",,18.5
2015,Personnes de 18 à 64 ans,"Toronto, Ontario",,15.6
2015,Personnes de 65 ans et plus,"Toronto, Ontario",,16.0
2015,Hommes+,"Toronto, Ontario",,15.9
2015,"Men+, under 18 years","Toronto, Ontario",,20.1
2015,"Men+, 18 to 64 years","Toronto, Ontario",,15.0
2015,"Men+, 65 years and over","Toronto, Ontario",,13.1
2015,Femmes+,"Toronto, Ontario",,16.6
2015,"Women+, under 18 years","Toronto, Ontario",,16.9
2015,"Women+, 18 to 64 years","Toronto, Ontario",,16.1
2015,"Women+, 65 years and over","Toronto, Ontario",,18.4
2015,Toutes les personnes,"Winnipeg, Manitoba",,16.4
2015,Personnes de moins de 18 ans,"Winnipeg, Manitoba",,23.9
2015,Personnes de 18 à 64 ans,"Winnipeg, Manitoba",,15.2
2015,Personnes de 65 ans et plus,"Winnipeg, Manitoba",,10.9
2015,Hommes+,"Winnipeg, Manitoba",,16.3
2015,"Men+, under 18 years","Winnipeg, Manitoba",,28.4
2015,"Men+, 18 to 64 years","Winnipeg, Manitoba",,14.6
2015,"Men+, 65 years and over","Winnipeg, Manitoba",,4.9
2015,Femmes+,"Winnipeg, Manitoba",,16.6
2015,"Women+, under 18 years","Winnipeg, Manitoba",,19.6
2015,"Women+, 18 to 64 years","Winnipeg, Manitoba",,15.7
2015,"Women+, 65 years and over","Winnipeg, Manitoba",,15.7
2015,Toutes les personnes,"Calgary, Alberta",,7.5
2015,Personnes de moins de 18 ans,"Calgary, Alberta",,
2015,Personnes de 18 à 64 ans,"Calgary, Alberta",,6.4
2015,Personnes de 65 ans et plus,"Calgary, Alberta",,5.6
2015,Hommes+,"Calgary, Alberta",,7.3
2015,"Men+, under 18 years","Calgary, Alberta",,
2015,"Men+, 18 to 64 years","Calgary, Alberta",,6.9
2015,"Men+, 65 years and over","Calgary, Alberta",,
2015,Femmes+,"Calgary, Alberta",,7.7
2015,"Women+, under 18 years","Calgary, Alberta",,
2015,"Women+, 18 to 64 years","Calgary, Alberta",,5.8
2015,"Women+, 65 years and over","Calgary, Alberta",,
2015,Toutes les personnes,"Edmonton, Alberta",,6.7
2015,Personnes de moins de 18 ans,"Edmonton, Alberta",,11.1
2015,Personnes de 18 à 64 ans,"Edmonton, Alberta",,6.0
2015,Personnes de 65 ans et plus,"Edmonton, Alberta",,
2015,Hommes+,"Edmonton, Alberta",,6.5
2015,"Men+, under 18 years","Edmonton, Alberta",,
2015,"Men+, 18 to 64 years","Edmonton, Alberta",,6.5
2015,"Men+, 65 years and over","Edmonton, Alberta",,
2015,Femmes+,"Edmonton, Alberta",,6.9
2015,"Women+, under 18 years","Edmonton, Alberta",,
2015,"Women+, 18 to 64 years","Edmonton, Alberta",,5.5
2015,"Women+, 65 years and over","Edmonton, Alberta",,
2015,Toutes les personnes,"Vancouver, Colombie-Britannique",,17.0
2015,Personnes de moins de 18 ans,"Vancouver, Colombie-Britannique",,15.3
2015,Personnes de 18 à 64 ans,"Vancouver, Colombie-Britannique",,17.6
2015,Personnes de 65 ans et plus,"Vancouver, Colombie-Britannique",,16.7
2015,Hommes+,"Vancouver, Colombie-Britannique",,17.1
2015,"Men+, under 18 years","Vancouver, Colombie-Britannique",,14.9
2015,"Men+, 18 to 64 years","Vancouver, Colombie-Britannique",,17.8
2015,"Men+, 65 years and over","Vancouver, Colombie-Britannique",,16.8
2015,Femmes+,"Vancouver, Colombie-Britannique",,17.0
2015,"Women+, under 18 years","Vancouver, Colombie-Britannique",,15.7
2015,"Women+, 18 to 64 years","Vancouver, Colombie-Britannique",,17.5
2015,"Women+, 65 years and over","Vancouver, Colombie-Britannique",,16.6
2016,Personnes de moins de 18 ans,Canada,,13.8
2016,Personnes de 18 à 64 ans,Canada,,12.3
2016,Personnes de 65 ans et plus,Canada,,14.6
2016,Hommes+,Canada,,12.2
2016,"Men+, under 18 years",Canada,,13.5
2016,"Men+, 18 to 64 years",Canada,,11.7
2016,"Men+, 65 years and over",Canada,,12.3
2016,Femmes+,Canada,,13.8
2016,"Women+, under 18 years",Canada,,14.2
2016,"Women+, 18 to 64 years",Canada,,13.0
2016,"Women+, 65 years and over",Canada,,16.6
2016,Toutes les personnes,Provinces de l'Atlantique,,15.7
2016,Personnes de moins de 18 ans,Provinces de l'Atlantique,,18.1
2016,Personnes de 18 à 64 ans,Provinces de l'Atlantique,,13.6
2016,Personnes de 65 ans et plus,Provinces de l'Atlantique,,20.3
2016,Hommes+,Provinces de l'Atlantique,,14.6
2016,"Men+, under 18 years",Provinces de l'Atlantique,,19.3
2016,"Men+, 18 to 64 years",Provinces de l'Atlantique,,12.2
2016,"Men+, 65 years and over",Provinces de l'Atlantique,,18.3
2016,Femmes+,Provinces de l'Atlantique,,16.8
2016,"Women+, under 18 years",Provinces de l'Atlantique,,17.0
2016,"Women+, 18 to 64 years",Provinces de l'Atlantique,,15.0
2016,"Women+, 65 years and over",Provinces de l'Atlantique,,22.2
2016,Toutes les personnes,Terre-Neuve-et-Labrador,10,15.8
2016,Personnes de moins de 18 ans,Terre-Neuve-et-Labrador,,16.2
2016,Personnes de 18 à 64 ans,Terre-Neuve-et-Labrador,,12.8
2016,Personnes de 65 ans et plus,Terre-Neuve-et-Labrador,,25.6
2016,Hommes+,Terre-Neuve-et-Labrador,,14.0
2016,"Men+, under 18 years",Terre-Neuve-et-Labrador,,16.7
2016,"Men+, 18 to 64 years",Terre-Neuve-et-Labrador,,9.9
2016,"Men+, 65 years and over",Terre-Neuve-et-Labrador,,25.3
2016,Femmes+,Terre-Neuve-et-Labrador,,17.6
2016,"Women+, under 18 years",Terre-Neuve-et-Labrador,,15.6
2016,"Women+, 18 to 64 years",Terre-Neuve-et-Labrador,,15.6
2016,"Women+, 65 years and over",Terre-Neuve-et-Labrador,,25.9
2016,Toutes les personnes,Île-du-Prince-Édouard,11,16.3
2016,Personnes de moins de 18 ans,Île-du-Prince-Édouard,,22.6
2016,Personnes de 18 à 64 ans,Île-du-Prince-Édouard,,13.3
2016,Personnes de 65 ans et plus,Île-du-Prince-Édouard,,19.7
2016,Hommes+,Île-du-Prince-Édouard,,13.5
2016,"Men+, under 18 years",Île-du-Prince-Édouard,,19.4
2016,"Men+, 18 to 64 years",Île-du-Prince-Édouard,,11.6
2016,"Men+, 65 years and over",Île-du-Prince-Édouard,,13.7
2016,Femmes+,Île-du-Prince-Édouard,,18.9
2016,"Women+, under 18 years",Île-du-Prince-Édouard,,25.9
2016,"Women+, 18 to 64 years",Île-du-Prince-Édouard,,14.9
2016,"Women+, 65 years and over",Île-du-Prince-Édouard,,25.0
2016,Toutes les personnes,Nouvelle-Écosse,12,16.2
2016,Personnes de moins de 18 ans,Nouvelle-Écosse,,19.1
2016,Personnes de 18 à 64 ans,Nouvelle-Écosse,,15.5
2016,Personnes de 65 ans et plus,Nouvelle-Écosse,,15.9
2016,Hommes+,Nouvelle-Écosse,,16.1
2016,"Men+, under 18 years",Nouvelle-Écosse,,20.4
2016,"Men+, 18 to 64 years",Nouvelle-Écosse,,15.3
2016,"Men+, 65 years and over",Nouvelle-Écosse,,14.3
2016,Femmes+,Nouvelle-Écosse,,16.3
2016,"Women+, under 18 years",Nouvelle-Écosse,,17.7
2016,"Women+, 18 to 64 years",Nouvelle-Écosse,,15.7
2016,"Women+, 65 years and over",Nouvelle-Écosse,,17.3
2016,Toutes les personnes,Nouveau-Brunswick,13,15.0
2016,Personnes de moins de 18 ans,Nouveau-Brunswick,,17.4
2016,Personnes de 18 à 64 ans,Nouveau-Brunswick,,12.0
2016,Personnes de 65 ans et plus,Nouveau-Brunswick,,22.3
2016,Hommes+,Nouveau-Brunswick,,13.5
2016,"Men+, under 18 years",Nouveau-Brunswick,,19.6
2016,"Men+, 18 to 64 years",Nouveau-Brunswick,,10.1
2016,"Men+, 65 years and over",Nouveau-Brunswick,,19.1
2016,Femmes+,Nouveau-Brunswick,,16.4
2016,"Women+, under 18 years",Nouveau-Brunswick,,15.1
2016,"Women+, 18 to 64 years",Nouveau-Brunswick,,13.8
2016,"Women+, 65 years and over",Nouveau-Brunswick,,25.1
2016,Toutes les personnes,Québec,24,13.8
2016,Personnes de moins de 18 ans,Québec,,12.9
2016,Personnes de 18 à 64 ans,Québec,,12.6
2016,Personnes de 65 ans et plus,Québec,,19.1
2016,Hommes+,Québec,,13.2
2016,"Men+, under 18 years",Québec,,13.3
2016,"Men+, 18 to 64 years",Québec,,12.4
2016,"Men+, 65 years and over",Québec,,16.2
2016,Femmes+,Québec,,14.4
2016,"Women+, under 18 years",Québec,,12.5
2016,"Women+, 18 to 64 years",Québec,,12.8
2016,"Women+, 65 years and over",Québec,,21.5
2016,Toutes les personnes,Ontario,35,13.7
2016,Personnes de moins de 18 ans,Ontario,,16.0
2016,Personnes de 18 à 64 ans,Ontario,,13.2
2016,Personnes de 65 ans et plus,Ontario,,13.0
2016,Hommes+,Ontario,,12.2
2016,"Men+, under 18 years",Ontario,,14.8
2016,"Men+, 18 to 64 years",Ontario,,11.7
2016,"Men+, 65 years and over",Ontario,,10.8
2016,Femmes+,Ontario,,15.1
2016,"Women+, under 18 years",Ontario,,17.3
2016,"Women+, 18 to 64 years",Ontario,,14.6
2016,"Women+, 65 years and over",Ontario,,14.9
2016,Toutes les personnes,Provinces des Prairies,,9.2
2016,Personnes de moins de 18 ans,Provinces des Prairies,,10.1
2016,Personnes de 18 à 64 ans,Provinces des Prairies,,8.9
2016,Personnes de 65 ans et plus,Provinces des Prairies,,9.5
2016,Hommes+,Provinces des Prairies,,9.1
2016,"Men+, under 18 years",Provinces des Prairies,,10.4
2016,"Men+, 18 to 64 years",Provinces des Prairies,,8.6
2016,"Men+, 65 years and over",Provinces des Prairies,,9.0
2016,Femmes+,Provinces des Prairies,,9.4
2016,"Women+, under 18 years",Provinces des Prairies,,9.7
2016,"Women+, 18 to 64 years",Provinces des Prairies,,9.2
2016,"Women+, 65 years and over",Provinces des Prairies,,9.9
2016,Toutes les personnes,Manitoba,46,13.3
2016,Personnes de moins de 18 ans,Manitoba,,17.3
2016,Personnes de 18 à 64 ans,Manitoba,,11.8
2016,Personnes de 65 ans et plus,Manitoba,,14.1
2016,Hommes+,Manitoba,,13.0
2016,"Men+, under 18 years",Manitoba,,18.6
2016,"Men+, 18 to 64 years",Manitoba,,11.3
2016,"Men+, 65 years and over",Manitoba,,11.5
2016,Femmes+,Manitoba,,13.7
2016,"Women+, under 18 years",Manitoba,,15.8
2016,"Women+, 18 to 64 years",Manitoba,,12.3
2016,"Women+, 65 years and over",Manitoba,,16.3
2016,Toutes les personnes,Saskatchewan,47,11.4
2016,Personnes de moins de 18 ans,Saskatchewan,,12.9
2016,Personnes de 18 à 64 ans,Saskatchewan,,9.8
2016,Personnes de 65 ans et plus,Saskatchewan,,15.8
2016,Hommes+,Saskatchewan,,10.4
2016,"Men+, under 18 years",Saskatchewan,,12.0
2016,"Men+, 18 to 64 years",Saskatchewan,,8.9
2016,"Men+, 65 years and over",Saskatchewan,,14.5
2016,Femmes+,Saskatchewan,,12.5
2016,"Women+, under 18 years",Saskatchewan,,13.8
2016,"Women+, 18 to 64 years",Saskatchewan,,10.8
2016,"Women+, 65 years and over",Saskatchewan,,17.0
2016,Toutes les personnes,Alberta,48,7.4
2016,Personnes de moins de 18 ans,Alberta,,7.2
2016,Personnes de 18 à 64 ans,Alberta,,7.9
2016,Personnes de 65 ans et plus,Alberta,,5.6
2016,Hommes+,Alberta,,7.5
2016,"Men+, under 18 years",Alberta,,7.4
2016,"Men+, 18 to 64 years",Alberta,,7.8
2016,"Men+, 65 years and over",Alberta,,6.2
2016,Femmes+,Alberta,,7.4
2016,"Women+, under 18 years",Alberta,,7.0
2016,"Women+, 18 to 64 years",Alberta,,8.0
2016,"Women+, 65 years and over",Alberta,,5.1
2016,Toutes les personnes,Colombie-Britannique,59,13.4
2016,Personnes de moins de 18 ans,Colombie-Britannique,,13.0
2016,Personnes de 18 à 64 ans,Colombie-Britannique,,13.5
2016,Personnes de 65 ans et plus,Colombie-Britannique,,13.2
2016,Hommes+,Colombie-Britannique,,13.3
2016,"Men+, under 18 years",Colombie-Britannique,,12.2
2016,"Men+, 18 to 64 years",Colombie-Britannique,,14.5
2016,"Men+, 65 years and over",Colombie-Britannique,,9.9
2016,Femmes+,Colombie-Britannique,,13.4
2016,"Women+, under 18 years",Colombie-Britannique,,13.9
2016,"Women+, 18 to 64 years",Colombie-Britannique,,12.6
2016,"Women+, 65 years and over",Colombie-Britannique,,16.1
2016,Toutes les personnes,"Québec, Québec",,10.9
2016,Personnes de moins de 18 ans,"Québec, Québec",,7.7
2016,Personnes de 18 à 64 ans,"Québec, Québec",,9.0
2016,Personnes de 65 ans et plus,"Québec, Québec",,20.0
2016,Hommes+,"Québec, Québec",,8.6
2016,"Men+, under 18 years","Québec, Québec",,
2016,"Men+, 18 to 64 years","Québec, Québec",,8.1
2016,"Men+, 65 years and over","Québec, Québec",,13.6
2016,Femmes+,"Québec, Québec",,12.9
2016,"Women+, under 18 years","Québec, Québec",,
2016,"Women+, 18 to 64 years","Québec, Québec",,9.9
2016,"Women+, 65 years and over","Québec, Québec",,25.1
2016,Toutes les personnes,"Montréal, Québec",,14.6
2016,Personnes de moins de 18 ans,"Montréal, Québec",,15.6
2016,Personnes de 18 à 64 ans,"Montréal, Québec",,13.6
2016,Personnes de 65 ans et plus,"Montréal, Québec",,17.2
2016,Hommes+,"Montréal, Québec",,14.4
2016,"Men+, under 18 years","Montréal, Québec",,15.7
2016,"Men+, 18 to 64 years","Montréal, Québec",,13.4
2016,"Men+, 65 years and over","Montréal, Québec",,17.1
2016,Femmes+,"Montréal, Québec",,14.7
2016,"Women+, under 18 years","Montréal, Québec",,15.4
2016,"Women+, 18 to 64 years","Montréal, Québec",,13.8
2016,"Women+, 65 years and over","Montréal, Québec",,17.4
2016,Toutes les personnes,"Ottawa-Gatineau, Ontario/Québec",,9.1
2016,Personnes de moins de 18 ans,"Ottawa-Gatineau, Ontario/Québec",,10.6
2016,Personnes de 18 à 64 ans,"Ottawa-Gatineau, Ontario/Québec",,9.1
2016,Personnes de 65 ans et plus,"Ottawa-Gatineau, Ontario/Québec",,7.2
2016,Hommes+,"Ottawa-Gatineau, Ontario/Québec",,8.1
2016,"Men+, under 18 years","Ottawa-Gatineau, Ontario/Québec",,9.1
2016,"Men+, 18 to 64 years","Ottawa-Gatineau, Ontario/Québec",,8.7
2016,"Men+, 65 years and over","Ottawa-Gatineau, Ontario/Québec",,
2016,Femmes+,"Ottawa-Gatineau, Ontario/Québec",,10.1
2016,"Women+, under 18 years","Ottawa-Gatineau, Ontario/Québec",,12.0
2016,"Women+, 18 to 64 years","Ottawa-Gatineau, Ontario/Québec",,9.6
2016,"Women+, 65 years and over","Ottawa-Gatineau, Ontario/Québec",,9.8
2016,Toutes les personnes,"Toronto, Ontario",,15.7
2016,Personnes de moins de 18 ans,"Toronto, Ontario",,19.2
2016,Personnes de 18 à 64 ans,"Toronto, Ontario",,14.6
2016,Personnes de 65 ans et plus,"Toronto, Ontario",,15.3
2016,Hommes+,"Toronto, Ontario",,13.9
2016,"Men+, under 18 years","Toronto, Ontario",,16.8
2016,"Men+, 18 to 64 years","Toronto, Ontario",,12.8
2016,"Men+, 65 years and over","Toronto, Ontario",,15.1
2016,Femmes+,"Toronto, Ontario",,17.3
2016,"Women+, under 18 years","Toronto, Ontario",,21.5
2016,"Women+, 18 to 64 years","Toronto, Ontario",,16.4
2016,"Women+, 65 years and over","Toronto, Ontario",,15.5
2016,Toutes les personnes,"Winnipeg, Manitoba",,13.3
2016,Personnes de moins de 18 ans,"Winnipeg, Manitoba",,18.6
2016,Personnes de 18 à 64 ans,"Winnipeg, Manitoba",,12.1
2016,Personnes de 65 ans et plus,"Winnipeg, Manitoba",,11.0
2016,Hommes+,"Winnipeg, Manitoba",,13.1
2016,"Men+, under 18 years","Winnipeg, Manitoba",,19.9
2016,"Men+, 18 to 64 years","Winnipeg, Manitoba",,11.6
2016,"Men+, 65 years and over","Winnipeg, Manitoba",,9.5
2016,Femmes+,"Winnipeg, Manitoba",,13.4
2016,"Women+, under 18 years","Winnipeg, Manitoba",,17.3
2016,"Women+, 18 to 64 years","Winnipeg, Manitoba",,12.5
2016,"Women+, 65 years and over","Winnipeg, Manitoba",,12.3
2016,Toutes les personnes,"Calgary, Alberta",,6.3
2016,Personnes de moins de 18 ans,"Calgary, Alberta",,5.4
2016,Personnes de 18 à 64 ans,"Calgary, Alberta",,6.6
2016,Personnes de 65 ans et plus,"Calgary, Alberta",,
2016,Hommes+,"Calgary, Alberta",,6.5
2016,"Men+, under 18 years","Calgary, Alberta",,6.2
2016,"Men+, 18 to 64 years","Calgary, Alberta",,5.9
2016,"Men+, 65 years and over","Calgary, Alberta",,
2016,Femmes+,"Calgary, Alberta",,6.2
2016,"Women+, under 18 years","Calgary, Alberta",,
2016,"Women+, 18 to 64 years","Calgary, Alberta",,7.3
2016,"Women+, 65 years and over","Calgary, Alberta",,
2016,Toutes les personnes,"Edmonton, Alberta",,6.0
2016,Personnes de moins de 18 ans,"Edmonton, Alberta",,
2016,Personnes de 18 à 64 ans,"Edmonton, Alberta",,7.3
2016,Personnes de 65 ans et plus,"Edmonton, Alberta",,
2016,Hommes+,"Edmonton, Alberta",,6.4
2016,"Men+, under 18 years","Edmonton, Alberta",,
2016,"Men+, 18 to 64 years","Edmonton, Alberta",,8.0
2016,"Men+, 65 years and over","Edmonton, Alberta",,
2016,Femmes+,"Edmonton, Alberta",,5.6
2016,"Women+, under 18 years","Edmonton, Alberta",,
2016,"Women+, 18 to 64 years","Edmonton, Alberta",,6.6
2016,"Women+, 65 years and over","Edmonton, Alberta",,
2016,Toutes les personnes,"Vancouver, Colombie-Britannique",,12.8
2016,Personnes de moins de 18 ans,"Vancouver, Colombie-Britannique",,11.8
2016,Personnes de 18 à 64 ans,"Vancouver, Colombie-Britannique",,13.0
2016,Personnes de 65 ans et plus,"Vancouver, Colombie-Britannique",,13.0
2016,Hommes+,"Vancouver, Colombie-Britannique",,12.4
2016,"Men+, under 18 years","Vancouver, Colombie-Britannique",,11.4
2016,"Men+, 18 to 64 years","Vancouver, Colombie-Britannique",,13.6
2016,"Men+, 65 years and over","Vancouver, Colombie-Britannique",,8.7
2016,Femmes+,"Vancouver, Colombie-Britannique",,13.2
2016,"Women+, under 18 years","Vancouver, Colombie-Britannique",,12.3
2016,"Women+, 18 to 64 years","Vancouver, Colombie-Britannique",,12.4
2016,"Women+, 65 years and over","Vancouver, Colombie-Britannique",,17.2
2017,Personnes de moins de 18 ans,Canada,,11.8
2017,Personnes de 18 à 64 ans,Canada,,12.1
2017,Personnes de 65 ans et plus,Canada,,15.4
2017,Hommes+,Canada,,11.8
2017,"Men+, under 18 years",Canada,,11.3
2017,"Men+, 18 to 64 years",Canada,,11.8
2017,"Men+, 65 years and over",Canada,,12.2
2017,Femmes+,Canada,,13.4
2017,"Women+, under 18 years",Canada,,12.4
2017,"Women+, 18 to 64 years",Canada,,12.4
2017,"Women+, 65 years and over",Canada,,18.2
2017,Toutes les personnes,Provinces de l'Atlantique,,16.3
2017,Personnes de moins de 18 ans,Provinces de l'Atlantique,,16.8
2017,Personnes de 18 à 64 ans,Provinces de l'Atlantique,,15.0
2017,Personnes de 65 ans et plus,Provinces de l'Atlantique,,19.7
2017,Hommes+,Provinces de l'Atlantique,,15.0
2017,"Men+, under 18 years",Provinces de l'Atlantique,,16.3
2017,"Men+, 18 to 64 years",Provinces de l'Atlantique,,14.0
2017,"Men+, 65 years and over",Provinces de l'Atlantique,,17.4
2017,Femmes+,Provinces de l'Atlantique,,17.4
2017,"Women+, under 18 years",Provinces de l'Atlantique,,17.4
2017,"Women+, 18 to 64 years",Provinces de l'Atlantique,,16.0
2017,"Women+, 65 years and over",Provinces de l'Atlantique,,21.7
2017,Toutes les personnes,Terre-Neuve-et-Labrador,10,15.0
2017,Personnes de moins de 18 ans,Terre-Neuve-et-Labrador,,12.7
2017,Personnes de 18 à 64 ans,Terre-Neuve-et-Labrador,,13.3
2017,Personnes de 65 ans et plus,Terre-Neuve-et-Labrador,,22.5
2017,Hommes+,Terre-Neuve-et-Labrador,,13.8
2017,"Men+, under 18 years",Terre-Neuve-et-Labrador,,13.0
2017,"Men+, 18 to 64 years",Terre-Neuve-et-Labrador,,12.2
2017,"Men+, 65 years and over",Terre-Neuve-et-Labrador,,20.1
2017,Femmes+,Terre-Neuve-et-Labrador,,16.2
2017,"Women+, under 18 years",Terre-Neuve-et-Labrador,,12.4
2017,"Women+, 18 to 64 years",Terre-Neuve-et-Labrador,,14.4
2017,"Women+, 65 years and over",Terre-Neuve-et-Labrador,,24.7
2017,Toutes les personnes,Île-du-Prince-Édouard,11,16.4
2017,Personnes de moins de 18 ans,Île-du-Prince-Édouard,,15.8
2017,Personnes de 18 à 64 ans,Île-du-Prince-Édouard,,15.4
2017,Personnes de 65 ans et plus,Île-du-Prince-Édouard,,20.3
2017,Hommes+,Île-du-Prince-Édouard,,16.3
2017,"Men+, under 18 years",Île-du-Prince-Édouard,,17.8
2017,"Men+, 18 to 64 years",Île-du-Prince-Édouard,,15.1
2017,"Men+, 65 years and over",Île-du-Prince-Édouard,,18.7
2017,Femmes+,Île-du-Prince-Édouard,,16.5
2017,"Women+, under 18 years",Île-du-Prince-Édouard,,13.5
2017,"Women+, 18 to 64 years",Île-du-Prince-Édouard,,15.6
2017,"Women+, 65 years and over",Île-du-Prince-Édouard,,21.8
2017,Toutes les personnes,Nouvelle-Écosse,12,17.5
2017,Personnes de moins de 18 ans,Nouvelle-Écosse,,19.9
2017,Personnes de 18 à 64 ans,Nouvelle-Écosse,,16.8
2017,Personnes de 65 ans et plus,Nouvelle-Écosse,,17.8
2017,Hommes+,Nouvelle-Écosse,,16.0
2017,"Men+, under 18 years",Nouvelle-Écosse,,17.7
2017,"Men+, 18 to 64 years",Nouvelle-Écosse,,15.6
2017,"Men+, 65 years and over",Nouvelle-Écosse,,15.8
2017,Femmes+,Nouvelle-Écosse,,19.0
2017,"Women+, under 18 years",Nouvelle-Écosse,,22.3
2017,"Women+, 18 to 64 years",Nouvelle-Écosse,,17.9
2017,"Women+, 65 years and over",Nouvelle-Écosse,,19.4
2017,Toutes les personnes,Nouveau-Brunswick,13,15.5
2017,Personnes de moins de 18 ans,Nouveau-Brunswick,,16.1
2017,Personnes de 18 à 64 ans,Nouveau-Brunswick,,13.9
2017,Personnes de 65 ans et plus,Nouveau-Brunswick,,20.0
2017,Hommes+,Nouveau-Brunswick,,14.3
2017,"Men+, under 18 years",Nouveau-Brunswick,,16.3
2017,"Men+, 18 to 64 years",Nouveau-Brunswick,,12.9
2017,"Men+, 65 years and over",Nouveau-Brunswick,,17.1
2017,Femmes+,Nouveau-Brunswick,,16.6
2017,"Women+, under 18 years",Nouveau-Brunswick,,15.8
2017,"Women+, 18 to 64 years",Nouveau-Brunswick,,14.8
2017,"Women+, 65 years and over",Nouveau-Brunswick,,22.5
2017,Toutes les personnes,Québec,24,14.2
2017,Personnes de moins de 18 ans,Québec,,10.5
2017,Personnes de 18 à 64 ans,Québec,,12.9
2017,Personnes de 65 ans et plus,Québec,,22.4
2017,Hommes+,Québec,,12.9
2017,"Men+, under 18 years",Québec,,10.5
2017,"Men+, 18 to 64 years",Québec,,12.5
2017,"Men+, 65 years and over",Québec,,17.2
2017,Femmes+,Québec,,15.5
2017,"Women+, under 18 years",Québec,,10.5
2017,"Women+, 18 to 64 years",Québec,,13.4
2017,"Women+, 65 years and over",Québec,,27.0
2017,Toutes les personnes,Ontario,35,12.7
2017,Personnes de moins de 18 ans,Ontario,,12.7
2017,Personnes de 18 à 64 ans,Ontario,,12.8
2017,Personnes de 65 ans et plus,Ontario,,12.4
2017,Hommes+,Ontario,,12.3
2017,"Men+, under 18 years",Ontario,,11.7
2017,"Men+, 18 to 64 years",Ontario,,13.1
2017,"Men+, 65 years and over",Ontario,,9.8
2017,Femmes+,Ontario,,13.1
2017,"Women+, under 18 years",Ontario,,13.8
2017,"Women+, 18 to 64 years",Ontario,,12.5
2017,"Women+, 65 years and over",Ontario,,14.5
2017,Toutes les personnes,Provinces des Prairies,,9.3
2017,Personnes de moins de 18 ans,Provinces des Prairies,,10.8
2017,Personnes de 18 à 64 ans,Provinces des Prairies,,8.9
2017,Personnes de 65 ans et plus,Provinces des Prairies,,8.8
2017,Hommes+,Provinces des Prairies,,8.4
2017,"Men+, under 18 years",Provinces des Prairies,,9.7
2017,"Men+, 18 to 64 years",Provinces des Prairies,,8.2
2017,"Men+, 65 years and over",Provinces des Prairies,,6.9
2017,Femmes+,Provinces des Prairies,,10.3
2017,"Women+, under 18 years",Provinces des Prairies,,11.9
2017,"Women+, 18 to 64 years",Provinces des Prairies,,9.6
2017,"Women+, 65 years and over",Provinces des Prairies,,10.4
2017,Toutes les personnes,Manitoba,46,14.6
2017,Personnes de moins de 18 ans,Manitoba,,19.1
2017,Personnes de 18 à 64 ans,Manitoba,,13.0
2017,Personnes de 65 ans et plus,Manitoba,,14.9
2017,Hommes+,Manitoba,,13.3
2017,"Men+, under 18 years",Manitoba,,17.1
2017,"Men+, 18 to 64 years",Manitoba,,12.3
2017,"Men+, 65 years and over",Manitoba,,11.8
2017,Femmes+,Manitoba,,15.9
2017,"Women+, under 18 years",Manitoba,,21.1
2017,"Women+, 18 to 64 years",Manitoba,,13.7
2017,"Women+, 65 years and over",Manitoba,,17.6
2017,Toutes les personnes,Saskatchewan,47,12.8
2017,Personnes de moins de 18 ans,Saskatchewan,,15.1
2017,Personnes de 18 à 64 ans,Saskatchewan,,11.2
2017,Personnes de 65 ans et plus,Saskatchewan,,15.5
2017,Hommes+,Saskatchewan,,12.0
2017,"Men+, under 18 years",Saskatchewan,,14.7
2017,"Men+, 18 to 64 years",Saskatchewan,,10.9
2017,"Men+, 65 years and over",Saskatchewan,,12.6
2017,Femmes+,Saskatchewan,,13.5
2017,"Women+, under 18 years",Saskatchewan,,15.6
2017,"Women+, 18 to 64 years",Saskatchewan,,11.6
2017,"Women+, 65 years and over",Saskatchewan,,18.0
2017,Toutes les personnes,Alberta,48,6.9
2017,Personnes de moins de 18 ans,Alberta,,7.2
2017,Personnes de 18 à 64 ans,Alberta,,7.2
2017,Personnes de 65 ans et plus,Alberta,,4.4
2017,Hommes+,Alberta,,6.0
2017,"Men+, under 18 years",Alberta,,6.2
2017,"Men+, 18 to 64 years",Alberta,,6.4
2017,"Men+, 65 years and over",Alberta,,3.4
2017,Femmes+,Alberta,,7.7
2017,"Women+, under 18 years",Alberta,,8.2
2017,"Women+, 18 to 64 years",Alberta,,8.0
2017,"Women+, 65 years and over",Alberta,,5.3
2017,Toutes les personnes,Colombie-Britannique,59,12.3
2017,Personnes de moins de 18 ans,Colombie-Britannique,,10.7
2017,Personnes de 18 à 64 ans,Colombie-Britannique,,11.8
2017,Personnes de 65 ans et plus,Colombie-Britannique,,15.6
2017,Hommes+,Colombie-Britannique,,11.4
2017,"Men+, under 18 years",Colombie-Britannique,,12.0
2017,"Men+, 18 to 64 years",Colombie-Britannique,,11.0
2017,"Men+, 65 years and over",Colombie-Britannique,,12.2
2017,Femmes+,Colombie-Britannique,,13.1
2017,"Women+, under 18 years",Colombie-Britannique,,9.3
2017,"Women+, 18 to 64 years",Colombie-Britannique,,12.6
2017,"Women+, 65 years and over",Colombie-Britannique,,18.7
2017,Toutes les personnes,"Québec, Québec",,8.7
2017,Personnes de moins de 18 ans,"Québec, Québec",,
2017,Personnes de 18 à 64 ans,"Québec, Québec",,7.0
2017,Personnes de 65 ans et plus,"Québec, Québec",,18.2
2017,Hommes+,"Québec, Québec",,7.6
2017,"Men+, under 18 years","Québec, Québec",,
2017,"Men+, 18 to 64 years","Québec, Québec",,6.3
2017,"Men+, 65 years and over","Québec, Québec",,14.2
2017,Femmes+,"Québec, Québec",,9.8
2017,"Women+, under 18 years","Québec, Québec",,
2017,"Women+, 18 to 64 years","Québec, Québec",,7.6
2017,"Women+, 65 years and over","Québec, Québec",,22.1
2017,Toutes les personnes,"Montréal, Québec",,15.4
2017,Personnes de moins de 18 ans,"Montréal, Québec",,12.6
2017,Personnes de 18 à 64 ans,"Montréal, Québec",,14.5
2017,Personnes de 65 ans et plus,"Montréal, Québec",,22.6
2017,Hommes+,"Montréal, Québec",,14.4
2017,"Men+, under 18 years","Montréal, Québec",,13.2
2017,"Men+, 18 to 64 years","Montréal, Québec",,14.2
2017,"Men+, 65 years and over","Montréal, Québec",,17.2
2017,Femmes+,"Montréal, Québec",,16.3
2017,"Women+, under 18 years","Montréal, Québec",,11.9
2017,"Women+, 18 to 64 years","Montréal, Québec",,14.8
2017,"Women+, 65 years and over","Montréal, Québec",,26.9
2017,Toutes les personnes,"Ottawa-Gatineau, Ontario/Québec",,10.8
2017,Personnes de moins de 18 ans,"Ottawa-Gatineau, Ontario/Québec",,10.9
2017,Personnes de 18 à 64 ans,"Ottawa-Gatineau, Ontario/Québec",,10.4
2017,Personnes de 65 ans et plus,"Ottawa-Gatineau, Ontario/Québec",,12.3
2017,Hommes+,"Ottawa-Gatineau, Ontario/Québec",,10.6
2017,"Men+, under 18 years","Ottawa-Gatineau, Ontario/Québec",,11.8
2017,"Men+, 18 to 64 years","Ottawa-Gatineau, Ontario/Québec",,10.4
2017,"Men+, 65 years and over","Ottawa-Gatineau, Ontario/Québec",,9.7
2017,Femmes+,"Ottawa-Gatineau, Ontario/Québec",,11.0
2017,"Women+, under 18 years","Ottawa-Gatineau, Ontario/Québec",,10.0
2017,"Women+, 18 to 64 years","Ottawa-Gatineau, Ontario/Québec",,10.4
2017,"Women+, 65 years and over","Ottawa-Gatineau, Ontario/Québec",,14.4
2017,Toutes les personnes,"Toronto, Ontario",,12.3
2017,Personnes de moins de 18 ans,"Toronto, Ontario",,12.2
2017,Personnes de 18 à 64 ans,"Toronto, Ontario",,12.5
2017,Personnes de 65 ans et plus,"Toronto, Ontario",,11.5
2017,Hommes+,"Toronto, Ontario",,12.2
2017,"Men+, under 18 years","Toronto, Ontario",,10.5
2017,"Men+, 18 to 64 years","Toronto, Ontario",,13.1
2017,"Men+, 65 years and over","Toronto, Ontario",,10.0
2017,Femmes+,"Toronto, Ontario",,12.4
2017,"Women+, under 18 years","Toronto, Ontario",,14.0
2017,"Women+, 18 to 64 years","Toronto, Ontario",,11.9
2017,"Women+, 65 years and over","Toronto, Ontario",,12.9
2017,Toutes les personnes,"Winnipeg, Manitoba",,14.6
2017,Personnes de moins de 18 ans,"Winnipeg, Manitoba",,18.5
2017,Personnes de 18 à 64 ans,"Winnipeg, Manitoba",,13.4
2017,Personnes de 65 ans et plus,"Winnipeg, Manitoba",,14.4
2017,Hommes+,"Winnipeg, Manitoba",,13.4
2017,"Men+, under 18 years","Winnipeg, Manitoba",,15.4
2017,"Men+, 18 to 64 years","Winnipeg, Manitoba",,13.2
2017,"Men+, 65 years and over","Winnipeg, Manitoba",,11.7
2017,Femmes+,"Winnipeg, Manitoba",,15.7
2017,"Women+, under 18 years","Winnipeg, Manitoba",,21.4
2017,"Women+, 18 to 64 years","Winnipeg, Manitoba",,13.6
2017,"Women+, 65 years and over","Winnipeg, Manitoba",,16.7
2017,Toutes les personnes,"Calgary, Alberta",,6.1
2017,Personnes de moins de 18 ans,"Calgary, Alberta",,7.8
2017,Personnes de 18 à 64 ans,"Calgary, Alberta",,6.3
2017,Personnes de 65 ans et plus,"Calgary, Alberta",,
2017,Hommes+,"Calgary, Alberta",,5.4
2017,"Men+, under 18 years","Calgary, Alberta",,4.8
2017,"Men+, 18 to 64 years","Calgary, Alberta",,6.1
2017,"Men+, 65 years and over","Calgary, Alberta",,
2017,Femmes+,"Calgary, Alberta",,6.9
2017,"Women+, under 18 years","Calgary, Alberta",,10.2
2017,"Women+, 18 to 64 years","Calgary, Alberta",,6.4
2017,"Women+, 65 years and over","Calgary, Alberta",,
2017,Toutes les personnes,"Edmonton, Alberta",,6.6
2017,Personnes de moins de 18 ans,"Edmonton, Alberta",,6.5
2017,Personnes de 18 à 64 ans,"Edmonton, Alberta",,6.8
2017,Personnes de 65 ans et plus,"Edmonton, Alberta",,5.5
2017,Hommes+,"Edmonton, Alberta",,5.9
2017,"Men+, under 18 years","Edmonton, Alberta",,
2017,"Men+, 18 to 64 years","Edmonton, Alberta",,5.9
2017,"Men+, 65 years and over","Edmonton, Alberta",,
2017,Femmes+,"Edmonton, Alberta",,7.2
2017,"Women+, under 18 years","Edmonton, Alberta",,
2017,"Women+, 18 to 64 years","Edmonton, Alberta",,7.6
2017,"Women+, 65 years and over","Edmonton, Alberta",,7.0
2017,Toutes les personnes,"Vancouver, Colombie-Britannique",,13.2
2017,Personnes de moins de 18 ans,"Vancouver, Colombie-Britannique",,10.9
2017,Personnes de 18 à 64 ans,"Vancouver, Colombie-Britannique",,12.6
2017,Personnes de 65 ans et plus,"Vancouver, Colombie-Britannique",,18.4
2017,Hommes+,"Vancouver, Colombie-Britannique",,12.2
2017,"Men+, under 18 years","Vancouver, Colombie-Britannique",,13.1
2017,"Men+, 18 to 64 years","Vancouver, Colombie-Britannique",,11.7
2017,"Men+, 65 years and over","Vancouver, Colombie-Britannique",,13.9
2017,Femmes+,"Vancouver, Colombie-Britannique",,14.1
2017,"Women+, under 18 years","Vancouver, Colombie-Britannique",,
2017,"Women+, 18 to 64 years","Vancouver, Colombie-Britannique",,13.6
2017,"Women+, 65 years and over","Vancouver, Colombie-Britannique",,22.1
2018,Personnes de moins de 18 ans,Canada,,12.0
2018,Personnes de 18 à 64 ans,Canada,,11.9
2018,Personnes de 65 ans et plus,Canada,,14.9
2018,Hommes+,Canada,,11.9
2018,"Men+, under 18 years",Canada,,12.7
2018,"Men+, 18 to 64 years",Canada,,11.6
2018,"Men+, 65 years and over",Canada,,12.2
2018,Femmes+,Canada,,12.9
2018,"Women+, under 18 years",Canada,,11.2
2018,"Women+, 18 to 64 years",Canada,,12.2
2018,"Women+, 65 years and over",Canada,,17.3
2018,Toutes les personnes,Provinces de l'Atlantique,,15.6
2018,Personnes de moins de 18 ans,Provinces de l'Atlantique,,15.7
2018,Personnes de 18 à 64 ans,Provinces de l'Atlantique,,13.6
2018,Personnes de 65 ans et plus,Provinces de l'Atlantique,,21.3
2018,Hommes+,Provinces de l'Atlantique,,14.9
2018,"Men+, under 18 years",Provinces de l'Atlantique,,16.8
2018,"Men+, 18 to 64 years",Provinces de l'Atlantique,,13.4
2018,"Men+, 65 years and over",Provinces de l'Atlantique,,17.8
2018,Femmes+,Provinces de l'Atlantique,,16.2
2018,"Women+, under 18 years",Provinces de l'Atlantique,,14.5
2018,"Women+, 18 to 64 years",Provinces de l'Atlantique,,13.8
2018,"Women+, 65 years and over",Provinces de l'Atlantique,,24.4
2018,Toutes les personnes,Terre-Neuve-et-Labrador,10,16.6
2018,Personnes de moins de 18 ans,Terre-Neuve-et-Labrador,,14.8
2018,Personnes de 18 à 64 ans,Terre-Neuve-et-Labrador,,14.5
2018,Personnes de 65 ans et plus,Terre-Neuve-et-Labrador,,24.3
2018,Hommes+,Terre-Neuve-et-Labrador,,16.4
2018,"Men+, under 18 years",Terre-Neuve-et-Labrador,,16.1
2018,"Men+, 18 to 64 years",Terre-Neuve-et-Labrador,,15.1
2018,"Men+, 65 years and over",Terre-Neuve-et-Labrador,,20.5
2018,Femmes+,Terre-Neuve-et-Labrador,,16.7
2018,"Women+, under 18 years",Terre-Neuve-et-Labrador,,13.5
2018,"Women+, 18 to 64 years",Terre-Neuve-et-Labrador,,13.8
2018,"Women+, 65 years and over",Terre-Neuve-et-Labrador,,27.8
2018,Toutes les personnes,Île-du-Prince-Édouard,11,15.0
2018,Personnes de moins de 18 ans,Île-du-Prince-Édouard,,16.0
2018,Personnes de 18 à 64 ans,Île-du-Prince-Édouard,,12.1
2018,Personnes de 65 ans et plus,Île-du-Prince-Édouard,,23.3
2018,Hommes+,Île-du-Prince-Édouard,,14.2
2018,"Men+, under 18 years",Île-du-Prince-Édouard,,17.3
2018,"Men+, 18 to 64 years",Île-du-Prince-Édouard,,11.8
2018,"Men+, 65 years and over",Île-du-Prince-Édouard,,19.1
2018,Femmes+,Île-du-Prince-Édouard,,15.7
2018,"Women+, under 18 years",Île-du-Prince-Édouard,,14.7
2018,"Women+, 18 to 64 years",Île-du-Prince-Édouard,,12.4
2018,"Women+, 65 years and over",Île-du-Prince-Édouard,,26.9
2018,Toutes les personnes,Nouvelle-Écosse,12,16.3
2018,Personnes de moins de 18 ans,Nouvelle-Écosse,,17.7
2018,Personnes de 18 à 64 ans,Nouvelle-Écosse,,14.5
2018,Personnes de 65 ans et plus,Nouvelle-Écosse,,20.6
2018,Hommes+,Nouvelle-Écosse,,15.5
2018,"Men+, under 18 years",Nouvelle-Écosse,,19.0
2018,"Men+, 18 to 64 years",Nouvelle-Écosse,,13.9
2018,"Men+, 65 years and over",Nouvelle-Écosse,,17.3
2018,Femmes+,Nouvelle-Écosse,,17.1
2018,"Women+, under 18 years",Nouvelle-Écosse,,16.4
2018,"Women+, 18 to 64 years",Nouvelle-Écosse,,15.0
2018,"Women+, 65 years and over",Nouvelle-Écosse,,23.5
2018,Toutes les personnes,Nouveau-Brunswick,13,14.0
2018,Personnes de moins de 18 ans,Nouveau-Brunswick,,13.7
2018,Personnes de 18 à 64 ans,Nouveau-Brunswick,,12.2
2018,Personnes de 65 ans et plus,Nouveau-Brunswick,,19.7
2018,Hommes+,Nouveau-Brunswick,,13.2
2018,"Men+, under 18 years",Nouveau-Brunswick,,14.5
2018,"Men+, 18 to 64 years",Nouveau-Brunswick,,11.9
2018,"Men+, 65 years and over",Nouveau-Brunswick,,16.3
2018,Femmes+,Nouveau-Brunswick,,14.8
2018,"Women+, under 18 years",Nouveau-Brunswick,,12.9
2018,"Women+, 18 to 64 years",Nouveau-Brunswick,,12.6
2018,"Women+, 65 years and over",Nouveau-Brunswick,,22.6
2018,Toutes les personnes,Québec,24,14.3
2018,Personnes de moins de 18 ans,Québec,,11.8
2018,Personnes de 18 à 64 ans,Québec,,12.9
2018,Personnes de 65 ans et plus,Québec,,21.6
2018,Hommes+,Québec,,13.1
2018,"Men+, under 18 years",Québec,,11.6
2018,"Men+, 18 to 64 years",Québec,,12.5
2018,"Men+, 65 years and over",Québec,,17.4
2018,Femmes+,Québec,,15.4
2018,"Women+, under 18 years",Québec,,12.1
2018,"Women+, 18 to 64 years",Québec,,13.3
2018,"Women+, 65 years and over",Québec,,25.2
2018,Toutes les personnes,Ontario,35,12.2
2018,Personnes de moins de 18 ans,Ontario,,12.8
2018,Personnes de 18 à 64 ans,Ontario,,12.2
2018,Personnes de 65 ans et plus,Ontario,,11.8
2018,Hommes+,Ontario,,11.8
2018,"Men+, under 18 years",Ontario,,13.8
2018,"Men+, 18 to 64 years",Ontario,,11.7
2018,"Men+, 65 years and over",Ontario,,9.6
2018,Femmes+,Ontario,,12.6
2018,"Women+, under 18 years",Ontario,,11.7
2018,"Women+, 18 to 64 years",Ontario,,12.6
2018,"Women+, 65 years and over",Ontario,,13.6
2018,Toutes les personnes,Provinces des Prairies,,9.8
2018,Personnes de moins de 18 ans,Provinces des Prairies,,11.1
2018,Personnes de 18 à 64 ans,Provinces des Prairies,,9.4
2018,Personnes de 65 ans et plus,Provinces des Prairies,,9.3
2018,Hommes+,Provinces des Prairies,,9.4
2018,"Men+, under 18 years",Provinces des Prairies,,11.5
2018,"Men+, 18 to 64 years",Provinces des Prairies,,9.0
2018,"Men+, 65 years and over",Provinces des Prairies,,7.6
2018,Femmes+,Provinces des Prairies,,10.2
2018,"Women+, under 18 years",Provinces des Prairies,,10.7
2018,"Women+, 18 to 64 years",Provinces des Prairies,,9.9
2018,"Women+, 65 years and over",Provinces des Prairies,,10.9
2018,Toutes les personnes,Manitoba,46,13.8
2018,Personnes de moins de 18 ans,Manitoba,,18.2
2018,Personnes de 18 à 64 ans,Manitoba,,11.9
2018,Personnes de 65 ans et plus,Manitoba,,15.1
2018,Hommes+,Manitoba,,12.8
2018,"Men+, under 18 years",Manitoba,,18.7
2018,"Men+, 18 to 64 years",Manitoba,,11.3
2018,"Men+, 65 years and over",Manitoba,,10.6
2018,Femmes+,Manitoba,,14.7
2018,"Women+, under 18 years",Manitoba,,17.6
2018,"Women+, 18 to 64 years",Manitoba,,12.5
2018,"Women+, 65 years and over",Manitoba,,18.9
2018,Toutes les personnes,Saskatchewan,47,13.0
2018,Personnes de moins de 18 ans,Saskatchewan,,14.7
2018,Personnes de 18 à 64 ans,Saskatchewan,,12.3
2018,Personnes de 65 ans et plus,Saskatchewan,,13.6
2018,Hommes+,Saskatchewan,,12.1
2018,"Men+, under 18 years",Saskatchewan,,13.5
2018,"Men+, 18 to 64 years",Saskatchewan,,11.9
2018,"Men+, 65 years and over",Saskatchewan,,11.1
2018,Femmes+,Saskatchewan,,14.0
2018,"Women+, under 18 years",Saskatchewan,,16.0
2018,"Women+, 18 to 64 years",Saskatchewan,,12.7
2018,"Women+, 65 years and over",Saskatchewan,,15.8
2018,Toutes les personnes,Alberta,48,7.8
2018,Personnes de moins de 18 ans,Alberta,,8.1
2018,Personnes de 18 à 64 ans,Alberta,,8.0
2018,Personnes de 65 ans et plus,Alberta,,5.9
2018,Hommes+,Alberta,,7.6
2018,"Men+, under 18 years",Alberta,,8.8
2018,"Men+, 18 to 64 years",Alberta,,7.6
2018,"Men+, 65 years and over",Alberta,,5.5
2018,Femmes+,Alberta,,7.9
2018,"Women+, under 18 years",Alberta,,7.4
2018,"Women+, 18 to 64 years",Alberta,,8.5
2018,"Women+, 65 years and over",Alberta,,6.2
2018,Toutes les personnes,Colombie-Britannique,59,11.8
2018,Personnes de moins de 18 ans,Colombie-Britannique,,9.1
2018,Personnes de 18 à 64 ans,Colombie-Britannique,,11.9
2018,Personnes de 65 ans et plus,Colombie-Britannique,,14.1
2018,Hommes+,Colombie-Britannique,,12.1
2018,"Men+, under 18 years",Colombie-Britannique,,11.1
2018,"Men+, 18 to 64 years",Colombie-Britannique,,12.4
2018,"Men+, 65 years and over",Colombie-Britannique,,11.8
2018,Femmes+,Colombie-Britannique,,11.5
2018,"Women+, under 18 years",Colombie-Britannique,,7.0
2018,"Women+, 18 to 64 years",Colombie-Britannique,,11.4
2018,"Women+, 65 years and over",Colombie-Britannique,,16.2
2018,Toutes les personnes,Territoires,,12.3
2018,Personnes de moins de 18 ans,Territoires,,15.8
2018,Personnes de 18 à 64 ans,Territoires,,10.0
2018,Personnes de 65 ans et plus,Territoires,,18.7
2018,Hommes+,Territoires,,12.5
2018,"Men+, under 18 years",Territoires,,14.4
2018,"Men+, 18 to 64 years",Territoires,,10.5
2018,"Men+, 65 years and over",Territoires,,22.1
2018,Femmes+,Territoires,,12.1
2018,"Women+, under 18 years",Territoires,,17.2
2018,"Women+, 18 to 64 years",Territoires,,9.6
2018,"Women+, 65 years and over",Territoires,,15.0
2018,Toutes les personnes,Yukon,60,6.7
2018,Personnes de moins de 18 ans,Yukon,,
2018,Personnes de 18 à 64 ans,Yukon,,5.1
2018,Personnes de 65 ans et plus,Yukon,,19.2
2018,Hommes+,Yukon,,7.1
2018,"Men+, under 18 years",Yukon,,
2018,"Men+, 18 to 64 years",Yukon,,6.0
2018,"Men+, 65 years and over",Yukon,,22.3
2018,Femmes+,Yukon,,6.1
2018,"Women+, under 18 years",Yukon,,
2018,"Women+, 18 to 64 years",Yukon,,4.2
2018,"Women+, 65 years and over",Yukon,,
2018,Toutes les personnes,Territoires du Nord-Ouest,61,10.9
2018,Personnes de moins de 18 ans,Territoires du Nord-Ouest,,12.1
2018,Personnes de 18 à 64 ans,Territoires du Nord-Ouest,,9.5
2018,Personnes de 65 ans et plus,Territoires du Nord-Ouest,,17.9
2018,Hommes+,Territoires du Nord-Ouest,,11.1
2018,"Men+, under 18 years",Territoires du Nord-Ouest,,
2018,"Men+, 18 to 64 years",Territoires du Nord-Ouest,,10.1
2018,"Men+, 65 years and over",Territoires du Nord-Ouest,,
2018,Femmes+,Territoires du Nord-Ouest,,10.6
2018,"Women+, under 18 years",Territoires du Nord-Ouest,,
2018,"Women+, 18 to 64 years",Territoires du Nord-Ouest,,9.0
2018,"Women+, 65 years and over",Territoires du Nord-Ouest,,
2018,Toutes les personnes,Nunavut,62,20.1
2018,Personnes de moins de 18 ans,Nunavut,,25.4
2018,Personnes de 18 à 64 ans,Nunavut,,16.8
2018,Personnes de 65 ans et plus,Nunavut,,19.3
2018,Hommes+,Nunavut,,20.0
2018,"Men+, under 18 years",Nunavut,,25.8
2018,"Men+, 18 to 64 years",Nunavut,,16.3
2018,"Men+, 65 years and over",Nunavut,,
2018,Femmes+,Nunavut,,20.2
2018,"Women+, under 18 years",Nunavut,,25.0
2018,"Women+, 18 to 64 years",Nunavut,,17.3
2018,"Women+, 65 years and over",Nunavut,,
2018,Toutes les personnes,"Québec, Québec",,11.6
2018,Personnes de moins de 18 ans,"Québec, Québec",,9.6
2018,Personnes de 18 à 64 ans,"Québec, Québec",,10.5
2018,Personnes de 65 ans et plus,"Québec, Québec",,18.2
2018,Hommes+,"Québec, Québec",,11.5
2018,"Men+, under 18 years","Québec, Québec",,12.0
2018,"Men+, 18 to 64 years","Québec, Québec",,9.8
2018,"Men+, 65 years and over","Québec, Québec",,18.0
2018,Femmes+,"Québec, Québec",,11.6
2018,"Women+, under 18 years","Québec, Québec",,
2018,"Women+, 18 to 64 years","Québec, Québec",,11.2
2018,"Women+, 65 years and over","Québec, Québec",,18.3
2018,Toutes les personnes,"Montréal, Québec",,13.9
2018,Personnes de moins de 18 ans,"Montréal, Québec",,13.2
2018,Personnes de 18 à 64 ans,"Montréal, Québec",,13.1
2018,Personnes de 65 ans et plus,"Montréal, Québec",,18.1
2018,Hommes+,"Montréal, Québec",,12.4
2018,"Men+, under 18 years","Montréal, Québec",,12.7
2018,"Men+, 18 to 64 years","Montréal, Québec",,12.4
2018,"Men+, 65 years and over","Montréal, Québec",,11.6
2018,Femmes+,"Montréal, Québec",,15.5
2018,"Women+, under 18 years","Montréal, Québec",,13.6
2018,"Women+, 18 to 64 years","Montréal, Québec",,13.8
2018,"Women+, 65 years and over","Montréal, Québec",,23.3
2018,Toutes les personnes,"Ottawa-Gatineau, Ontario/Québec",,11.8
2018,Personnes de moins de 18 ans,"Ottawa-Gatineau, Ontario/Québec",,11.0
2018,Personnes de 18 à 64 ans,"Ottawa-Gatineau, Ontario/Québec",,12.0
2018,Personnes de 65 ans et plus,"Ottawa-Gatineau, Ontario/Québec",,12.0
2018,Hommes+,"Ottawa-Gatineau, Ontario/Québec",,11.9
2018,"Men+, under 18 years","Ottawa-Gatineau, Ontario/Québec",,11.1
2018,"Men+, 18 to 64 years","Ottawa-Gatineau, Ontario/Québec",,12.8
2018,"Men+, 65 years and over","Ottawa-Gatineau, Ontario/Québec",,8.9
2018,Femmes+,"Ottawa-Gatineau, Ontario/Québec",,11.7
2018,"Women+, under 18 years","Ottawa-Gatineau, Ontario/Québec",,11.0
2018,"Women+, 18 to 64 years","Ottawa-Gatineau, Ontario/Québec",,11.2
2018,"Women+, 65 years and over","Ottawa-Gatineau, Ontario/Québec",,14.7
2018,Toutes les personnes,"Toronto, Ontario",,12.9
2018,Personnes de moins de 18 ans,"Toronto, Ontario",,13.6
2018,Personnes de 18 à 64 ans,"Toronto, Ontario",,12.9
2018,Personnes de 65 ans et plus,"Toronto, Ontario",,12.0
2018,Hommes+,"Toronto, Ontario",,12.8
2018,"Men+, under 18 years","Toronto, Ontario",,14.9
2018,"Men+, 18 to 64 years","Toronto, Ontario",,12.6
2018,"Men+, 65 years and over","Toronto, Ontario",,10.4
2018,Femmes+,"Toronto, Ontario",,13.0
2018,"Women+, under 18 years","Toronto, Ontario",,12.1
2018,"Women+, 18 to 64 years","Toronto, Ontario",,13.1
2018,"Women+, 65 years and over","Toronto, Ontario",,13.4
2018,Toutes les personnes,"Winnipeg, Manitoba",,13.4
2018,Personnes de moins de 18 ans,"Winnipeg, Manitoba",,19.0
2018,Personnes de 18 à 64 ans,"Winnipeg, Manitoba",,11.8
2018,Personnes de 65 ans et plus,"Winnipeg, Manitoba",,12.8
2018,Hommes+,"Winnipeg, Manitoba",,12.5
2018,"Men+, under 18 years","Winnipeg, Manitoba",,19.1
2018,"Men+, 18 to 64 years","Winnipeg, Manitoba",,11.1
2018,"Men+, 65 years and over","Winnipeg, Manitoba",,9.4
2018,Femmes+,"Winnipeg, Manitoba",,14.3
2018,"Women+, under 18 years","Winnipeg, Manitoba",,18.9
2018,"Women+, 18 to 64 years","Winnipeg, Manitoba",,12.6
2018,"Women+, 65 years and over","Winnipeg, Manitoba",,15.6
2018,Toutes les personnes,"Calgary, Alberta",,8.7
2018,Personnes de moins de 18 ans,"Calgary, Alberta",,
2018,Personnes de 18 à 64 ans,"Calgary, Alberta",,9.2
2018,Personnes de 65 ans et plus,"Calgary, Alberta",,4.9
2018,Hommes+,"Calgary, Alberta",,8.9
2018,"Men+, under 18 years","Calgary, Alberta",,
2018,"Men+, 18 to 64 years","Calgary, Alberta",,8.8
2018,"Men+, 65 years and over","Calgary, Alberta",,
2018,Femmes+,"Calgary, Alberta",,8.6
2018,"Women+, under 18 years","Calgary, Alberta",,
2018,"Women+, 18 to 64 years","Calgary, Alberta",,9.5
2018,"Women+, 65 years and over","Calgary, Alberta",,
2018,Toutes les personnes,"Edmonton, Alberta",,6.1
2018,Personnes de moins de 18 ans,"Edmonton, Alberta",,5.8
2018,Personnes de 18 à 64 ans,"Edmonton, Alberta",,6.4
2018,Personnes de 65 ans et plus,"Edmonton, Alberta",,5.4
2018,Hommes+,"Edmonton, Alberta",,5.4
2018,"Men+, under 18 years","Edmonton, Alberta",,6.1
2018,"Men+, 18 to 64 years","Edmonton, Alberta",,5.2
2018,"Men+, 65 years and over","Edmonton, Alberta",,
2018,Femmes+,"Edmonton, Alberta",,6.8
2018,"Women+, under 18 years","Edmonton, Alberta",,5.6
2018,"Women+, 18 to 64 years","Edmonton, Alberta",,7.6
2018,"Women+, 65 years and over","Edmonton, Alberta",,5.2
2018,Toutes les personnes,"Vancouver, Colombie-Britannique",,11.7
2018,Personnes de moins de 18 ans,"Vancouver, Colombie-Britannique",,8.2
2018,Personnes de 18 à 64 ans,"Vancouver, Colombie-Britannique",,12.1
2018,Personnes de 65 ans et plus,"Vancouver, Colombie-Britannique",,13.9
2018,Hommes+,"Vancouver, Colombie-Britannique",,12.5
2018,"Men+, under 18 years","Vancouver, Colombie-Britannique",,11.1
2018,"Men+, 18 to 64 years","Vancouver, Colombie-Britannique",,13.0
2018,"Men+, 65 years and over","Vancouver, Colombie-Britannique",,12.1
2018,Femmes+,"Vancouver, Colombie-Britannique",,10.9
2018,"Women+, under 18 years","Vancouver, Colombie-Britannique",,
2018,"Women+, 18 to 64 years","Vancouver, Colombie-Britannique",,11.2
2018,"Women+, 65 years and over","Vancouver, Colombie-Britannique",,15.4
2019,Personnes de moins de 18 ans,Canada,,11.1
2019,Personnes de 18 à 64 ans,Canada,,11.5
2019,Personnes de 65 ans et plus,Canada,,15.7
2019,Hommes+,Canada,,11.3
2019,"Men+, under 18 years",Canada,,11.0
2019,"Men+, 18 to 64 years",Canada,,11.0
2019,"Men+, 65 years and over",Canada,,12.9
2019,Femmes+,Canada,,13.0
2019,"Women+, under 18 years",Canada,,11.2
2019,"Women+, 18 to 64 years",Canada,,12.0
2019,"Women+, 65 years and over",Canada,,18.1
2019,Toutes les personnes,Provinces de l'Atlantique,,15.4
2019,Personnes de moins de 18 ans,Provinces de l'Atlantique,,16.1
2019,Personnes de 18 à 64 ans,Provinces de l'Atlantique,,13.0
2019,Personnes de 65 ans et plus,Provinces de l'Atlantique,,21.9
2019,Hommes+,Provinces de l'Atlantique,,14.0
2019,"Men+, under 18 years",Provinces de l'Atlantique,,16.4
2019,"Men+, 18 to 64 years",Provinces de l'Atlantique,,12.3
2019,"Men+, 65 years and over",Provinces de l'Atlantique,,17.2
2019,Femmes+,Provinces de l'Atlantique,,16.8
2019,"Women+, under 18 years",Provinces de l'Atlantique,,15.9
2019,"Women+, 18 to 64 years",Provinces de l'Atlantique,,13.7
2019,"Women+, 65 years and over",Provinces de l'Atlantique,,26.1
2019,Toutes les personnes,Terre-Neuve-et-Labrador,10,16.0
2019,Personnes de moins de 18 ans,Terre-Neuve-et-Labrador,,14.3
2019,Personnes de 18 à 64 ans,Terre-Neuve-et-Labrador,,12.3
2019,Personnes de 65 ans et plus,Terre-Neuve-et-Labrador,,28.1
2019,Hommes+,Terre-Neuve-et-Labrador,,14.8
2019,"Men+, under 18 years",Terre-Neuve-et-Labrador,,15.9
2019,"Men+, 18 to 64 years",Terre-Neuve-et-Labrador,,11.1
2019,"Men+, 65 years and over",Terre-Neuve-et-Labrador,,24.7
2019,Femmes+,Terre-Neuve-et-Labrador,,17.3
2019,"Women+, under 18 years",Terre-Neuve-et-Labrador,,12.6
2019,"Women+, 18 to 64 years",Terre-Neuve-et-Labrador,,13.4
2019,"Women+, 65 years and over",Terre-Neuve-et-Labrador,,31.2
2019,Toutes les personnes,Île-du-Prince-Édouard,11,15.1
2019,Personnes de moins de 18 ans,Île-du-Prince-Édouard,,19.7
2019,Personnes de 18 à 64 ans,Île-du-Prince-Édouard,,13.3
2019,Personnes de 65 ans et plus,Île-du-Prince-Édouard,,16.6
2019,Hommes+,Île-du-Prince-Édouard,,14.1
2019,"Men+, under 18 years",Île-du-Prince-Édouard,,19.6
2019,"Men+, 18 to 64 years",Île-du-Prince-Édouard,,12.8
2019,"Men+, 65 years and over",Île-du-Prince-Édouard,,12.4
2019,Femmes+,Île-du-Prince-Édouard,,16.1
2019,"Women+, under 18 years",Île-du-Prince-Édouard,,19.9
2019,"Women+, 18 to 64 years",Île-du-Prince-Édouard,,13.7
2019,"Women+, 65 years and over",Île-du-Prince-Édouard,,20.2
2019,Toutes les personnes,Nouvelle-Écosse,12,15.4
2019,Personnes de moins de 18 ans,Nouvelle-Écosse,,15.3
2019,Personnes de 18 à 64 ans,Nouvelle-Écosse,,13.8
2019,Personnes de 65 ans et plus,Nouvelle-Écosse,,20.2
2019,Hommes+,Nouvelle-Écosse,,14.1
2019,"Men+, under 18 years",Nouvelle-Écosse,,16.2
2019,"Men+, 18 to 64 years",Nouvelle-Écosse,,13.1
2019,"Men+, 65 years and over",Nouvelle-Écosse,,15.5
2019,Femmes+,Nouvelle-Écosse,,16.5
2019,"Women+, under 18 years",Nouvelle-Écosse,,14.3
2019,"Women+, 18 to 64 years",Nouvelle-Écosse,,14.4
2019,"Women+, 65 years and over",Nouvelle-Écosse,,24.3
2019,Toutes les personnes,Nouveau-Brunswick,13,15.1
2019,Personnes de moins de 18 ans,Nouveau-Brunswick,,17.6
2019,Personnes de 18 à 64 ans,Nouveau-Brunswick,,12.4
2019,Personnes de 65 ans et plus,Nouveau-Brunswick,,20.6
2019,Hommes+,Nouveau-Brunswick,,13.3
2019,"Men+, under 18 years",Nouveau-Brunswick,,16.2
2019,"Men+, 18 to 64 years",Nouveau-Brunswick,,11.9
2019,"Men+, 65 years and over",Nouveau-Brunswick,,14.8
2019,Femmes+,Nouveau-Brunswick,,16.8
2019,"Women+, under 18 years",Nouveau-Brunswick,,19.0
2019,"Women+, 18 to 64 years",Nouveau-Brunswick,,12.9
2019,"Women+, 65 years and over",Nouveau-Brunswick,,25.8
2019,Toutes les personnes,Québec,24,13.5
2019,Personnes de moins de 18 ans,Québec,,8.6
2019,Personnes de 18 à 64 ans,Québec,,12.1
2019,Personnes de 65 ans et plus,Québec,,23.3
2019,Hommes+,Québec,,13.0
2019,"Men+, under 18 years",Québec,,10.3
2019,"Men+, 18 to 64 years",Québec,,12.3
2019,"Men+, 65 years and over",Québec,,18.2
2019,Femmes+,Québec,,14.0
2019,"Women+, under 18 years",Québec,,6.8
2019,"Women+, 18 to 64 years",Québec,,11.8
2019,"Women+, 65 years and over",Québec,,27.7
2019,Toutes les personnes,Ontario,35,12.1
2019,Personnes de moins de 18 ans,Ontario,,13.2
2019,Personnes de 18 à 64 ans,Ontario,,11.4
2019,Personnes de 65 ans et plus,Ontario,,13.6
2019,Hommes+,Ontario,,10.8
2019,"Men+, under 18 years",Ontario,,12.0
2019,"Men+, 18 to 64 years",Ontario,,10.4
2019,"Men+, 65 years and over",Ontario,,11.4
2019,Femmes+,Ontario,,13.3
2019,"Women+, under 18 years",Ontario,,14.3
2019,"Women+, 18 to 64 years",Ontario,,12.4
2019,"Women+, 65 years and over",Ontario,,15.5
2019,Toutes les personnes,Provinces des Prairies,,9.9
2019,Personnes de moins de 18 ans,Provinces des Prairies,,10.6
2019,Personnes de 18 à 64 ans,Provinces des Prairies,,9.9
2019,Personnes de 65 ans et plus,Provinces des Prairies,,8.4
2019,Hommes+,Provinces des Prairies,,9.7
2019,"Men+, under 18 years",Provinces des Prairies,,10.5
2019,"Men+, 18 to 64 years",Provinces des Prairies,,9.8
2019,"Men+, 65 years and over",Provinces des Prairies,,8.3
2019,Femmes+,Provinces des Prairies,,10.0
2019,"Women+, under 18 years",Provinces des Prairies,,10.7
2019,"Women+, 18 to 64 years",Provinces des Prairies,,10.1
2019,"Women+, 65 years and over",Provinces des Prairies,,8.6
2019,Toutes les personnes,Manitoba,46,15.1
2019,Personnes de moins de 18 ans,Manitoba,,19.0
2019,Personnes de 18 à 64 ans,Manitoba,,13.6
2019,Personnes de 65 ans et plus,Manitoba,,16.1
2019,Hommes+,Manitoba,,14.8
2019,"Men+, under 18 years",Manitoba,,19.9
2019,"Men+, 18 to 64 years",Manitoba,,13.2
2019,"Men+, 65 years and over",Manitoba,,13.9
2019,Femmes+,Manitoba,,15.5
2019,"Women+, under 18 years",Manitoba,,18.1
2019,"Women+, 18 to 64 years",Manitoba,,13.9
2019,"Women+, 65 years and over",Manitoba,,17.9
2019,Toutes les personnes,Saskatchewan,47,13.3
2019,Personnes de moins de 18 ans,Saskatchewan,,13.2
2019,Personnes de 18 à 64 ans,Saskatchewan,,13.0
2019,Personnes de 65 ans et plus,Saskatchewan,,14.9
2019,Hommes+,Saskatchewan,,13.7
2019,"Men+, under 18 years",Saskatchewan,,14.1
2019,"Men+, 18 to 64 years",Saskatchewan,,13.3
2019,"Men+, 65 years and over",Saskatchewan,,14.6
2019,Femmes+,Saskatchewan,,12.9
2019,"Women+, under 18 years",Saskatchewan,,12.2
2019,"Women+, 18 to 64 years",Saskatchewan,,12.6
2019,"Women+, 65 years and over",Saskatchewan,,15.1
2019,Toutes les personnes,Alberta,48,7.4
2019,Personnes de moins de 18 ans,Alberta,,7.5
2019,Personnes de 18 à 64 ans,Alberta,,8.1
2019,Personnes de 65 ans et plus,Alberta,,3.7
2019,Hommes+,Alberta,,7.2
2019,"Men+, under 18 years",Alberta,,6.8
2019,"Men+, 18 to 64 years",Alberta,,7.9
2019,"Men+, 65 years and over",Alberta,,4.3
2019,Femmes+,Alberta,,7.6
2019,"Women+, under 18 years",Alberta,,8.2
2019,"Women+, 18 to 64 years",Alberta,,8.4
2019,"Women+, 65 years and over",Alberta,,3.1
2019,Toutes les personnes,Colombie-Britannique,59,11.6
2019,Personnes de moins de 18 ans,Colombie-Britannique,,7.3
2019,Personnes de 18 à 64 ans,Colombie-Britannique,,12.6
2019,Personnes de 65 ans et plus,Colombie-Britannique,,12.2
2019,Hommes+,Colombie-Britannique,,10.6
2019,"Men+, under 18 years",Colombie-Britannique,,7.0
2019,"Men+, 18 to 64 years",Colombie-Britannique,,11.8
2019,"Men+, 65 years and over",Colombie-Britannique,,10.0
2019,Femmes+,Colombie-Britannique,,12.6
2019,"Women+, under 18 years",Colombie-Britannique,,7.6
2019,"Women+, 18 to 64 years",Colombie-Britannique,,13.3
2019,"Women+, 65 years and over",Colombie-Britannique,,14.3
2019,Toutes les personnes,Territoires,,11.4
2019,Personnes de moins de 18 ans,Territoires,,15.2
2019,Personnes de 18 à 64 ans,Territoires,,9.6
2019,Personnes de 65 ans et plus,Territoires,,12.3
2019,Hommes+,Territoires,,11.2
2019,"Men+, under 18 years",Territoires,,13.4
2019,"Men+, 18 to 64 years",Territoires,,10.1
2019,"Men+, 65 years and over",Territoires,,11.9
2019,Femmes+,Territoires,,11.6
2019,"Women+, under 18 years",Territoires,,17.0
2019,"Women+, 18 to 64 years",Territoires,,9.1
2019,"Women+, 65 years and over",Territoires,,12.7
2019,Toutes les personnes,Yukon,60,7.4
2019,Personnes de moins de 18 ans,Yukon,,
2019,Personnes de 18 à 64 ans,Yukon,,7.3
2019,Personnes de 65 ans et plus,Yukon,,10.2
2019,Hommes+,Yukon,,9.7
2019,"Men+, under 18 years",Yukon,,
2019,"Men+, 18 to 64 years",Yukon,,9.8
2019,"Men+, 65 years and over",Yukon,,
2019,Femmes+,Yukon,,5.1
2019,"Women+, under 18 years",Yukon,,
2019,"Women+, 18 to 64 years",Yukon,,4.8
2019,"Women+, 65 years and over",Yukon,,
2019,Toutes les personnes,Territoires du Nord-Ouest,61,10.2
2019,Personnes de moins de 18 ans,Territoires du Nord-Ouest,,
2019,Personnes de 18 à 64 ans,Territoires du Nord-Ouest,,7.3
2019,Personnes de 65 ans et plus,Territoires du Nord-Ouest,,17.3
2019,Hommes+,Territoires du Nord-Ouest,,8.7
2019,"Men+, under 18 years",Territoires du Nord-Ouest,,
2019,"Men+, 18 to 64 years",Territoires du Nord-Ouest,,5.6
2019,"Men+, 65 years and over",Territoires du Nord-Ouest,,
2019,Femmes+,Territoires du Nord-Ouest,,11.9
2019,"Women+, under 18 years",Territoires du Nord-Ouest,,
2019,"Women+, 18 to 64 years",Territoires du Nord-Ouest,,9.0
2019,"Women+, 65 years and over",Territoires du Nord-Ouest,,
2019,Toutes les personnes,Nunavut,62,16.9
2019,Personnes de moins de 18 ans,Nunavut,,20.0
2019,Personnes de 18 à 64 ans,Nunavut,,15.6
2019,Personnes de 65 ans et plus,Nunavut,,
2019,Hommes+,Nunavut,,15.7
2019,"Men+, under 18 years",Nunavut,,15.4
2019,"Men+, 18 to 64 years",Nunavut,,16.4
2019,"Men+, 65 years and over",Nunavut,,
2019,Femmes+,Nunavut,,18.2
2019,"Women+, under 18 years",Nunavut,,24.8
2019,"Women+, 18 to 64 years",Nunavut,,14.8
2019,"Women+, 65 years and over",Nunavut,,
2019,Toutes les personnes,"Québec, Québec",,10.8
2019,Personnes de moins de 18 ans,"Québec, Québec",,
2019,Personnes de 18 à 64 ans,"Québec, Québec",,9.8
2019,Personnes de 65 ans et plus,"Québec, Québec",,22.9
2019,Hommes+,"Québec, Québec",,8.8
2019,"Men+, under 18 years","Québec, Québec",,
2019,"Men+, 18 to 64 years","Québec, Québec",,8.8
2019,"Men+, 65 years and over","Québec, Québec",,14.7
2019,Femmes+,"Québec, Québec",,12.5
2019,"Women+, under 18 years","Québec, Québec",,
2019,"Women+, 18 to 64 years","Québec, Québec",,10.7
2019,"Women+, 65 years and over","Québec, Québec",,30.6
2019,Toutes les personnes,"Montréal, Québec",,14.5
2019,Personnes de moins de 18 ans,"Montréal, Québec",,11.6
2019,Personnes de 18 à 64 ans,"Montréal, Québec",,13.1
2019,Personnes de 65 ans et plus,"Montréal, Québec",,23.0
2019,Hommes+,"Montréal, Québec",,14.3
2019,"Men+, under 18 years","Montréal, Québec",,13.7
2019,"Men+, 18 to 64 years","Montréal, Québec",,13.7
2019,"Men+, 65 years and over","Montréal, Québec",,17.6
2019,Femmes+,"Montréal, Québec",,14.7
2019,"Women+, under 18 years","Montréal, Québec",,9.4
2019,"Women+, 18 to 64 years","Montréal, Québec",,12.5
2019,"Women+, 65 years and over","Montréal, Québec",,27.2
2019,Toutes les personnes,"Ottawa-Gatineau, Ontario/Québec",,8.4
2019,Personnes de moins de 18 ans,"Ottawa-Gatineau, Ontario/Québec",,7.6
2019,Personnes de 18 à 64 ans,"Ottawa-Gatineau, Ontario/Québec",,7.9
2019,Personnes de 65 ans et plus,"Ottawa-Gatineau, Ontario/Québec",,11.4
2019,Hommes+,"Ottawa-Gatineau, Ontario/Québec",,8.2
2019,"Men+, under 18 years","Ottawa-Gatineau, Ontario/Québec",,8.7
2019,"Men+, 18 to 64 years","Ottawa-Gatineau, Ontario/Québec",,8.1
2019,"Men+, 65 years and over","Ottawa-Gatineau, Ontario/Québec",,8.1
2019,Femmes+,"Ottawa-Gatineau, Ontario/Québec",,8.5
2019,"Women+, under 18 years","Ottawa-Gatineau, Ontario/Québec",,
2019,"Women+, 18 to 64 years","Ottawa-Gatineau, Ontario/Québec",,7.6
2019,"Women+, 65 years and over","Ottawa-Gatineau, Ontario/Québec",,14.2
2019,Toutes les personnes,"Toronto, Ontario",,12.7
2019,Personnes de moins de 18 ans,"Toronto, Ontario",,15.7
2019,Personnes de 18 à 64 ans,"Toronto, Ontario",,10.7
2019,Personnes de 65 ans et plus,"Toronto, Ontario",,17.6
2019,Hommes+,"Toronto, Ontario",,11.4
2019,"Men+, under 18 years","Toronto, Ontario",,13.9
2019,"Men+, 18 to 64 years","Toronto, Ontario",,9.5
2019,"Men+, 65 years and over","Toronto, Ontario",,17.3
2019,Femmes+,"Toronto, Ontario",,13.9
2019,"Women+, under 18 years","Toronto, Ontario",,17.4
2019,"Women+, 18 to 64 years","Toronto, Ontario",,11.9
2019,"Women+, 65 years and over","Toronto, Ontario",,17.8
2019,Toutes les personnes,"Winnipeg, Manitoba",,14.9
2019,Personnes de moins de 18 ans,"Winnipeg, Manitoba",,19.9
2019,Personnes de 18 à 64 ans,"Winnipeg, Manitoba",,13.3
2019,Personnes de 65 ans et plus,"Winnipeg, Manitoba",,15.3
2019,Hommes+,"Winnipeg, Manitoba",,14.5
2019,"Men+, under 18 years","Winnipeg, Manitoba",,21.1
2019,"Men+, 18 to 64 years","Winnipeg, Manitoba",,12.7
2019,"Men+, 65 years and over","Winnipeg, Manitoba",,14.0
2019,Femmes+,"Winnipeg, Manitoba",,15.2
2019,"Women+, under 18 years","Winnipeg, Manitoba",,18.6
2019,"Women+, 18 to 64 years","Winnipeg, Manitoba",,13.9
2019,"Women+, 65 years and over","Winnipeg, Manitoba",,16.4
2019,Toutes les personnes,"Calgary, Alberta",,5.2
2019,Personnes de moins de 18 ans,"Calgary, Alberta",,5.7
2019,Personnes de 18 à 64 ans,"Calgary, Alberta",,5.6
2019,Personnes de 65 ans et plus,"Calgary, Alberta",,
2019,Hommes+,"Calgary, Alberta",,4.5
2019,"Men+, under 18 years","Calgary, Alberta",,
2019,"Men+, 18 to 64 years","Calgary, Alberta",,4.7
2019,"Men+, 65 years and over","Calgary, Alberta",,
2019,Femmes+,"Calgary, Alberta",,5.9
2019,"Women+, under 18 years","Calgary, Alberta",,
2019,"Women+, 18 to 64 years","Calgary, Alberta",,6.5
2019,"Women+, 65 years and over","Calgary, Alberta",,
2019,Toutes les personnes,"Edmonton, Alberta",,8.3
2019,Personnes de moins de 18 ans,"Edmonton, Alberta",,
2019,Personnes de 18 à 64 ans,"Edmonton, Alberta",,9.4
2019,Personnes de 65 ans et plus,"Edmonton, Alberta",,
2019,Hommes+,"Edmonton, Alberta",,8.3
2019,"Men+, under 18 years","Edmonton, Alberta",,
2019,"Men+, 18 to 64 years","Edmonton, Alberta",,9.4
2019,"Men+, 65 years and over","Edmonton, Alberta",,
2019,Femmes+,"Edmonton, Alberta",,8.4
2019,"Women+, under 18 years","Edmonton, Alberta",,
2019,"Women+, 18 to 64 years","Edmonton, Alberta",,9.3
2019,"Women+, 65 years and over","Edmonton, Alberta",,
2019,Toutes les personnes,"Vancouver, Colombie-Britannique",,10.4
2019,Personnes de moins de 18 ans,"Vancouver, Colombie-Britannique",,
2019,Personnes de 18 à 64 ans,"Vancouver, Colombie-Britannique",,12.4
2019,Personnes de 65 ans et plus,"Vancouver, Colombie-Britannique",,9.3
2019,Hommes+,"Vancouver, Colombie-Britannique",,9.9
2019,"Men+, under 18 years","Vancouver, Colombie-Britannique",,
2019,"Men+, 18 to 64 years","Vancouver, Colombie-Britannique",,12.2
2019,"Men+, 65 years and over","Vancouver, Colombie-Britannique",,7.3
2019,Femmes+,"Vancouver, Colombie-Britannique",,11.0
2019,"Women+, under 18 years","Vancouver, Colombie-Britannique",,
2019,"Women+, 18 to 64 years","Vancouver, Colombie-Britannique",,12.7
2019,"Women+, 65 years and over","Vancouver, Colombie-Britannique",,11.2
2020,Personnes de moins de 18 ans,Canada,,7.5
2020,Personnes de 18 à 64 ans,Canada,,8.4
2020,Personnes de 65 ans et plus,Canada,,14.4
2020,Hommes+,Canada,,8.5
2020,"Men+, under 18 years",Canada,,7.4
2020,"Men+, 18 to 64 years",Canada,,8.1
2020,"Men+, 65 years and over",Canada,,11.5
2020,Femmes+,Canada,,10.0
2020,"Women+, under 18 years",Canada,,7.6
2020,"Women+, 18 to 64 years",Canada,,8.7
2020,"Women+, 65 years and over",Canada,,16.9
2020,Toutes les personnes,Provinces de l'Atlantique,,12.5
2020,Personnes de moins de 18 ans,Provinces de l'Atlantique,,9.5
2020,Personnes de 18 à 64 ans,Provinces de l'Atlantique,,10.4
2020,Personnes de 65 ans et plus,Provinces de l'Atlantique,,20.7
2020,Hommes+,Provinces de l'Atlantique,,10.7
2020,"Men+, under 18 years",Provinces de l'Atlantique,,9.0
2020,"Men+, 18 to 64 years",Provinces de l'Atlantique,,9.1
2020,"Men+, 65 years and over",Provinces de l'Atlantique,,17.1
2020,Femmes+,Provinces de l'Atlantique,,14.2
2020,"Women+, under 18 years",Provinces de l'Atlantique,,10.0
2020,"Women+, 18 to 64 years",Provinces de l'Atlantique,,11.6
2020,"Women+, 65 years and over",Provinces de l'Atlantique,,24.0
2020,Toutes les personnes,Terre-Neuve-et-Labrador,10,12.2
2020,Personnes de moins de 18 ans,Terre-Neuve-et-Labrador,,8.1
2020,Personnes de 18 à 64 ans,Terre-Neuve-et-Labrador,,9.3
2020,Personnes de 65 ans et plus,Terre-Neuve-et-Labrador,,23.1
2020,Hommes+,Terre-Neuve-et-Labrador,,10.8
2020,"Men+, under 18 years",Terre-Neuve-et-Labrador,,7.1
2020,"Men+, 18 to 64 years",Terre-Neuve-et-Labrador,,8.8
2020,"Men+, 65 years and over",Terre-Neuve-et-Labrador,,19.2
2020,Femmes+,Terre-Neuve-et-Labrador,,13.6
2020,"Women+, under 18 years",Terre-Neuve-et-Labrador,,9.2
2020,"Women+, 18 to 64 years",Terre-Neuve-et-Labrador,,9.8
2020,"Women+, 65 years and over",Terre-Neuve-et-Labrador,,26.5
2020,Toutes les personnes,Île-du-Prince-Édouard,11,12.1
2020,Personnes de moins de 18 ans,Île-du-Prince-Édouard,,12.5
2020,Personnes de 18 à 64 ans,Île-du-Prince-Édouard,,10.0
2020,Personnes de 65 ans et plus,Île-du-Prince-Édouard,,18.3
2020,Hommes+,Île-du-Prince-Édouard,,11.0
2020,"Men+, under 18 years",Île-du-Prince-Édouard,,10.7
2020,"Men+, 18 to 64 years",Île-du-Prince-Édouard,,9.3
2020,"Men+, 65 years and over",Île-du-Prince-Édouard,,17.0
2020,Femmes+,Île-du-Prince-Édouard,,13.1
2020,"Women+, under 18 years",Île-du-Prince-Édouard,,14.4
2020,"Women+, 18 to 64 years",Île-du-Prince-Édouard,,10.6
2020,"Women+, 65 years and over",Île-du-Prince-Édouard,,19.5
2020,Toutes les personnes,Nouvelle-Écosse,12,12.4
2020,Personnes de moins de 18 ans,Nouvelle-Écosse,,10.0
2020,Personnes de 18 à 64 ans,Nouvelle-Écosse,,10.5
2020,Personnes de 65 ans et plus,Nouvelle-Écosse,,20.1
2020,Hommes+,Nouvelle-Écosse,,10.3
2020,"Men+, under 18 years",Nouvelle-Écosse,,8.8
2020,"Men+, 18 to 64 years",Nouvelle-Écosse,,8.7
2020,"Men+, 65 years and over",Nouvelle-Écosse,,16.8
2020,Femmes+,Nouvelle-Écosse,,14.4
2020,"Women+, under 18 years",Nouvelle-Écosse,,11.2
2020,"Women+, 18 to 64 years",Nouvelle-Écosse,,12.2
2020,"Women+, 65 years and over",Nouvelle-Écosse,,22.9
2020,Toutes les personnes,Nouveau-Brunswick,13,12.8
2020,Personnes de moins de 18 ans,Nouveau-Brunswick,,9.1
2020,Personnes de 18 à 64 ans,Nouveau-Brunswick,,11.1
2020,Personnes de 65 ans et plus,Nouveau-Brunswick,,20.4
2020,Hommes+,Nouveau-Brunswick,,11.2
2020,"Men+, under 18 years",Nouveau-Brunswick,,10.0
2020,"Men+, 18 to 64 years",Nouveau-Brunswick,,9.9
2020,"Men+, 65 years and over",Nouveau-Brunswick,,15.9
2020,Femmes+,Nouveau-Brunswick,,14.4
2020,"Women+, under 18 years",Nouveau-Brunswick,,8.1
2020,"Women+, 18 to 64 years",Nouveau-Brunswick,,12.4
2020,"Women+, 65 years and over",Nouveau-Brunswick,,24.4
2020,Toutes les personnes,Québec,24,10.2
2020,Personnes de moins de 18 ans,Québec,,6.9
2020,Personnes de 18 à 64 ans,Québec,,8.3
2020,Personnes de 65 ans et plus,Québec,,19.6
2020,Hommes+,Québec,,9.0
2020,"Men+, under 18 years",Québec,,6.3
2020,"Men+, 18 to 64 years",Québec,,8.2
2020,"Men+, 65 years and over",Québec,,14.9
2020,Femmes+,Québec,,11.5
2020,"Women+, under 18 years",Québec,,7.6
2020,"Women+, 18 to 64 years",Québec,,8.5
2020,"Women+, 65 years and over",Québec,,23.8
2020,Toutes les personnes,Ontario,35,8.8
2020,Personnes de moins de 18 ans,Ontario,,7.7
2020,Personnes de 18 à 64 ans,Ontario,,8.1
2020,Personnes de 65 ans et plus,Ontario,,12.5
2020,Hommes+,Ontario,,8.2
2020,"Men+, under 18 years",Ontario,,7.5
2020,"Men+, 18 to 64 years",Ontario,,7.7
2020,"Men+, 65 years and over",Ontario,,10.8
2020,Femmes+,Ontario,,9.5
2020,"Women+, under 18 years",Ontario,,7.8
2020,"Women+, 18 to 64 years",Ontario,,8.6
2020,"Women+, 65 years and over",Ontario,,14.1
2020,Toutes les personnes,Provinces des Prairies,,8.2
2020,Personnes de moins de 18 ans,Provinces des Prairies,,7.7
2020,Personnes de 18 à 64 ans,Provinces des Prairies,,7.7
2020,Personnes de 65 ans et plus,Provinces des Prairies,,10.7
2020,Hommes+,Provinces des Prairies,,7.9
2020,"Men+, under 18 years",Provinces des Prairies,,7.7
2020,"Men+, 18 to 64 years",Provinces des Prairies,,7.8
2020,"Men+, 65 years and over",Provinces des Prairies,,8.5
2020,Femmes+,Provinces des Prairies,,8.4
2020,"Women+, under 18 years",Provinces des Prairies,,7.6
2020,"Women+, 18 to 64 years",Provinces des Prairies,,7.7
2020,"Women+, 65 years and over",Provinces des Prairies,,12.6
2020,Toutes les personnes,Manitoba,46,11.2
2020,Personnes de moins de 18 ans,Manitoba,,12.0
2020,Personnes de 18 à 64 ans,Manitoba,,10.6
2020,Personnes de 65 ans et plus,Manitoba,,12.3
2020,Hommes+,Manitoba,,10.7
2020,"Men+, under 18 years",Manitoba,,13.3
2020,"Men+, 18 to 64 years",Manitoba,,10.5
2020,"Men+, 65 years and over",Manitoba,,7.9
2020,Femmes+,Manitoba,,11.6
2020,"Women+, under 18 years",Manitoba,,10.7
2020,"Women+, 18 to 64 years",Manitoba,,10.7
2020,"Women+, 65 years and over",Manitoba,,16.0
2020,Toutes les personnes,Saskatchewan,47,9.6
2020,Personnes de moins de 18 ans,Saskatchewan,,9.0
2020,Personnes de 18 à 64 ans,Saskatchewan,,8.4
2020,Personnes de 65 ans et plus,Saskatchewan,,15.2
2020,Hommes+,Saskatchewan,,10.0
2020,"Men+, under 18 years",Saskatchewan,,11.0
2020,"Men+, 18 to 64 years",Saskatchewan,,8.6
2020,"Men+, 65 years and over",Saskatchewan,,14.4
2020,Femmes+,Saskatchewan,,9.2
2020,"Women+, under 18 years",Saskatchewan,,6.9
2020,"Women+, 18 to 64 years",Saskatchewan,,8.2
2020,"Women+, 65 years and over",Saskatchewan,,15.9
2020,Toutes les personnes,Alberta,48,6.9
2020,Personnes de moins de 18 ans,Alberta,,6.1
2020,Personnes de 18 à 64 ans,Alberta,,6.7
2020,Personnes de 65 ans et plus,Alberta,,8.7
2020,Hommes+,Alberta,,6.5
2020,"Men+, under 18 years",Alberta,,5.2
2020,"Men+, 18 to 64 years",Alberta,,6.8
2020,"Men+, 65 years and over",Alberta,,6.9
2020,Femmes+,Alberta,,7.3
2020,"Women+, under 18 years",Alberta,,7.0
2020,"Women+, 18 to 64 years",Alberta,,6.7
2020,"Women+, 65 years and over",Alberta,,10.4
2020,Toutes les personnes,Colombie-Britannique,59,9.0
2020,Personnes de moins de 18 ans,Colombie-Britannique,,6.7
2020,Personnes de 18 à 64 ans,Colombie-Britannique,,9.1
2020,Personnes de 65 ans et plus,Colombie-Britannique,,10.9
2020,Hommes+,Colombie-Britannique,,8.6
2020,"Men+, under 18 years",Colombie-Britannique,,7.7
2020,"Men+, 18 to 64 years",Colombie-Britannique,,9.1
2020,"Men+, 65 years and over",Colombie-Britannique,,7.9
2020,Femmes+,Colombie-Britannique,,9.3
2020,"Women+, under 18 years",Colombie-Britannique,,5.7
2020,"Women+, 18 to 64 years",Colombie-Britannique,,9.0
2020,"Women+, 65 years and over",Colombie-Britannique,,13.6
2020,Toutes les personnes,Territoires,,7.4
2020,Personnes de moins de 18 ans,Territoires,,
2020,Personnes de 18 à 64 ans,Territoires,,6.9
2020,Personnes de 65 ans et plus,Territoires,,10.0
2020,Hommes+,Territoires,,7.9
2020,"Men+, under 18 years",Territoires,,
2020,"Men+, 18 to 64 years",Territoires,,7.0
2020,"Men+, 65 years and over",Territoires,,
2020,Femmes+,Territoires,,6.9
2020,"Women+, under 18 years",Territoires,,
2020,"Women+, 18 to 64 years",Territoires,,6.7
2020,"Women+, 65 years and over",Territoires,,9.6
2020,Toutes les personnes,Yukon,60,9.1
2020,Personnes de moins de 18 ans,Yukon,,
2020,Personnes de 18 à 64 ans,Yukon,,9.3
2020,Personnes de 65 ans et plus,Yukon,,15.1
2020,Hommes+,Yukon,,9.9
2020,"Men+, under 18 years",Yukon,,
2020,"Men+, 18 to 64 years",Yukon,,10.7
2020,"Men+, 65 years and over",Yukon,,
2020,Femmes+,Yukon,,8.2
2020,"Women+, under 18 years",Yukon,,
2020,"Women+, 18 to 64 years",Yukon,,7.9
2020,"Women+, 65 years and over",Yukon,,17.4
2020,Toutes les personnes,Territoires du Nord-Ouest,61,
2020,Personnes de moins de 18 ans,Territoires du Nord-Ouest,,
2020,Personnes de 18 à 64 ans,Territoires du Nord-Ouest,,
2020,Personnes de 65 ans et plus,Territoires du Nord-Ouest,,
2020,Hommes+,Territoires du Nord-Ouest,,
2020,"Men+, under 18 years",Territoires du Nord-Ouest,,
2020,"Men+, 18 to 64 years",Territoires du Nord-Ouest,,
2020,"Men+, 65 years and over",Territoires du Nord-Ouest,,
2020,Femmes+,Territoires du Nord-Ouest,,
2020,"Women+, under 18 years",Territoires du Nord-Ouest,,
2020,"Women+, 18 to 64 years",Territoires du Nord-Ouest,,
2020,"Women+, 65 years and over",Territoires du Nord-Ouest,,
2020,Toutes les personnes,Nunavut,62,
2020,Personnes de moins de 18 ans,Nunavut,,
2020,Personnes de 18 à 64 ans,Nunavut,,
2020,Personnes de 65 ans et plus,Nunavut,,
2020,Hommes+,Nunavut,,
2020,"Men+, under 18 years",Nunavut,,
2020,"Men+, 18 to 64 years",Nunavut,,
2020,"Men+, 65 years and over",Nunavut,,
2020,Femmes+,Nunavut,,
2020,"Women+, under 18 years",Nunavut,,
2020,"Women+, 18 to 64 years",Nunavut,,
2020,"Women+, 65 years and over",Nunavut,,
2020,Toutes les personnes,"Québec, Québec",,6.7
2020,Personnes de moins de 18 ans,"Québec, Québec",,
2020,Personnes de 18 à 64 ans,"Québec, Québec",,5.4
2020,Personnes de 65 ans et plus,"Québec, Québec",,14.5
2020,Hommes+,"Québec, Québec",,5.9
2020,"Men+, under 18 years","Québec, Québec",,
2020,"Men+, 18 to 64 years","Québec, Québec",,5.0
2020,"Men+, 65 years and over","Québec, Québec",,12.0
2020,Femmes+,"Québec, Québec",,7.4
2020,"Women+, under 18 years","Québec, Québec",,
2020,"Women+, 18 to 64 years","Québec, Québec",,5.9
2020,"Women+, 65 years and over","Québec, Québec",,16.8
2020,Toutes les personnes,"Montréal, Québec",,9.8
2020,Personnes de moins de 18 ans,"Montréal, Québec",,7.6
2020,Personnes de 18 à 64 ans,"Montréal, Québec",,8.4
2020,Personnes de 65 ans et plus,"Montréal, Québec",,17.9
2020,Hommes+,"Montréal, Québec",,8.3
2020,"Men+, under 18 years","Montréal, Québec",,6.7
2020,"Men+, 18 to 64 years","Montréal, Québec",,7.6
2020,"Men+, 65 years and over","Montréal, Québec",,13.4
2020,Femmes+,"Montréal, Québec",,11.2
2020,"Women+, under 18 years","Montréal, Québec",,8.6
2020,"Women+, 18 to 64 years","Montréal, Québec",,9.1
2020,"Women+, 65 years and over","Montréal, Québec",,21.5
2020,Toutes les personnes,"Ottawa-Gatineau, Ontario/Québec",,7.0
2020,Personnes de moins de 18 ans,"Ottawa-Gatineau, Ontario/Québec",,3.8
2020,Personnes de 18 à 64 ans,"Ottawa-Gatineau, Ontario/Québec",,6.4
2020,Personnes de 65 ans et plus,"Ottawa-Gatineau, Ontario/Québec",,13.4
2020,Hommes+,"Ottawa-Gatineau, Ontario/Québec",,7.0
2020,"Men+, under 18 years","Ottawa-Gatineau, Ontario/Québec",,
2020,"Men+, 18 to 64 years","Ottawa-Gatineau, Ontario/Québec",,7.1
2020,"Men+, 65 years and over","Ottawa-Gatineau, Ontario/Québec",,10.9
2020,Femmes+,"Ottawa-Gatineau, Ontario/Québec",,7.0
2020,"Women+, under 18 years","Ottawa-Gatineau, Ontario/Québec",,3.8
2020,"Women+, 18 to 64 years","Ottawa-Gatineau, Ontario/Québec",,5.7
2020,"Women+, 65 years and over","Ottawa-Gatineau, Ontario/Québec",,15.6
2020,Toutes les personnes,"Toronto, Ontario",,9.6
2020,Personnes de moins de 18 ans,"Toronto, Ontario",,10.2
2020,Personnes de 18 à 64 ans,"Toronto, Ontario",,8.8
2020,Personnes de 65 ans et plus,"Toronto, Ontario",,12.7
2020,Hommes+,"Toronto, Ontario",,8.7
2020,"Men+, under 18 years","Toronto, Ontario",,9.3
2020,"Men+, 18 to 64 years","Toronto, Ontario",,7.9
2020,"Men+, 65 years and over","Toronto, Ontario",,12.0
2020,Femmes+,"Toronto, Ontario",,10.6
2020,"Women+, under 18 years","Toronto, Ontario",,11.1
2020,"Women+, 18 to 64 years","Toronto, Ontario",,9.7
2020,"Women+, 65 years and over","Toronto, Ontario",,13.3
2020,Toutes les personnes,"Winnipeg, Manitoba",,10.3
2020,Personnes de moins de 18 ans,"Winnipeg, Manitoba",,10.7
2020,Personnes de 18 à 64 ans,"Winnipeg, Manitoba",,10.0
2020,Personnes de 65 ans et plus,"Winnipeg, Manitoba",,11.2
2020,Hommes+,"Winnipeg, Manitoba",,10.4
2020,"Men+, under 18 years","Winnipeg, Manitoba",,12.2
2020,"Men+, 18 to 64 years","Winnipeg, Manitoba",,10.6
2020,"Men+, 65 years and over","Winnipeg, Manitoba",,7.0
2020,Femmes+,"Winnipeg, Manitoba",,10.2
2020,"Women+, under 18 years","Winnipeg, Manitoba",,9.0
2020,"Women+, 18 to 64 years","Winnipeg, Manitoba",,9.3
2020,"Women+, 65 years and over","Winnipeg, Manitoba",,14.8
2020,Toutes les personnes,"Calgary, Alberta",,7.0
2020,Personnes de moins de 18 ans,"Calgary, Alberta",,7.7
2020,Personnes de 18 à 64 ans,"Calgary, Alberta",,6.9
2020,Personnes de 65 ans et plus,"Calgary, Alberta",,6.5
2020,Hommes+,"Calgary, Alberta",,6.3
2020,"Men+, under 18 years","Calgary, Alberta",,
2020,"Men+, 18 to 64 years","Calgary, Alberta",,6.9
2020,"Men+, 65 years and over","Calgary, Alberta",,
2020,Femmes+,"Calgary, Alberta",,7.7
2020,"Women+, under 18 years","Calgary, Alberta",,9.3
2020,"Women+, 18 to 64 years","Calgary, Alberta",,6.8
2020,"Women+, 65 years and over","Calgary, Alberta",,9.5
2020,Toutes les personnes,"Edmonton, Alberta",,6.4
2020,Personnes de moins de 18 ans,"Edmonton, Alberta",,5.3
2020,Personnes de 18 à 64 ans,"Edmonton, Alberta",,6.5
2020,Personnes de 65 ans et plus,"Edmonton, Alberta",,7.5
2020,Hommes+,"Edmonton, Alberta",,6.1
2020,"Men+, under 18 years","Edmonton, Alberta",,
2020,"Men+, 18 to 64 years","Edmonton, Alberta",,6.5
2020,"Men+, 65 years and over","Edmonton, Alberta",,
2020,Femmes+,"Edmonton, Alberta",,6.7
2020,"Women+, under 18 years","Edmonton, Alberta",,
2020,"Women+, 18 to 64 years","Edmonton, Alberta",,6.6
2020,"Women+, 65 years and over","Edmonton, Alberta",,8.3
2020,Toutes les personnes,"Vancouver, Colombie-Britannique",,9.1
2020,Personnes de moins de 18 ans,"Vancouver, Colombie-Britannique",,5.8
2020,Personnes de 18 à 64 ans,"Vancouver, Colombie-Britannique",,9.7
2020,Personnes de 65 ans et plus,"Vancouver, Colombie-Britannique",,10.1
2020,Hommes+,"Vancouver, Colombie-Britannique",,8.6
2020,"Men+, under 18 years","Vancouver, Colombie-Britannique",,6.1
2020,"Men+, 18 to 64 years","Vancouver, Colombie-Britannique",,9.8
2020,"Men+, 65 years and over","Vancouver, Colombie-Britannique",,6.1
2020,Femmes+,"Vancouver, Colombie-Britannique",,9.6
2020,"Women+, under 18 years","Vancouver, Colombie-Britannique",,5.5
2020,"Women+, 18 to 64 years","Vancouver, Colombie-Britannique",,9.6
2020,"Women+, 65 years and over","Vancouver, Colombie-Britannique",,13.6
2021,Personnes de moins de 18 ans,Canada,,9.5
2021,Personnes de 18 à 64 ans,Canada,,9.1
2021,Personnes de 65 ans et plus,Canada,,17.1
2021,Hommes+,Canada,,9.7
2021,"Men+, under 18 years",Canada,,9.2
2021,"Men+, 18 to 64 years",Canada,,8.6
2021,"Men+, 65 years and over",Canada,,14.5
2021,Femmes+,Canada,,11.5
2021,"Women+, under 18 years",Canada,,9.8
2021,"Women+, 18 to 64 years",Canada,,9.5
2021,"Women+, 65 years and over",Canada,,19.3
2021,Toutes les personnes,Provinces de l'Atlantique,,13.0
2021,Personnes de moins de 18 ans,Provinces de l'Atlantique,,9.6
2021,Personnes de 18 à 64 ans,Provinces de l'Atlantique,,10.3
2021,Personnes de 65 ans et plus,Provinces de l'Atlantique,,23.1
2021,Hommes+,Provinces de l'Atlantique,,11.3
2021,"Men+, under 18 years",Provinces de l'Atlantique,,8.8
2021,"Men+, 18 to 64 years",Provinces de l'Atlantique,,9.1
2021,"Men+, 65 years and over",Provinces de l'Atlantique,,19.5
2021,Femmes+,Provinces de l'Atlantique,,14.8
2021,"Women+, under 18 years",Provinces de l'Atlantique,,10.4
2021,"Women+, 18 to 64 years",Provinces de l'Atlantique,,11.5
2021,"Women+, 65 years and over",Provinces de l'Atlantique,,26.3
2021,Toutes les personnes,Terre-Neuve-et-Labrador,10,15.0
2021,Personnes de moins de 18 ans,Terre-Neuve-et-Labrador,,12.3
2021,Personnes de 18 à 64 ans,Terre-Neuve-et-Labrador,,11.4
2021,Personnes de 65 ans et plus,Terre-Neuve-et-Labrador,,26.3
2021,Hommes+,Terre-Neuve-et-Labrador,,12.3
2021,"Men+, under 18 years",Terre-Neuve-et-Labrador,,9.6
2021,"Men+, 18 to 64 years",Terre-Neuve-et-Labrador,,9.1
2021,"Men+, 65 years and over",Terre-Neuve-et-Labrador,,23.1
2021,Femmes+,Terre-Neuve-et-Labrador,,17.7
2021,"Women+, under 18 years",Terre-Neuve-et-Labrador,,15.3
2021,"Women+, 18 to 64 years",Terre-Neuve-et-Labrador,,13.6
2021,"Women+, 65 years and over",Terre-Neuve-et-Labrador,,29.1
2021,Toutes les personnes,Île-du-Prince-Édouard,11,11.5
2021,Personnes de moins de 18 ans,Île-du-Prince-Édouard,,7.6
2021,Personnes de 18 à 64 ans,Île-du-Prince-Édouard,,9.7
2021,Personnes de 65 ans et plus,Île-du-Prince-Édouard,,20.9
2021,Hommes+,Île-du-Prince-Édouard,,9.1
2021,"Men+, under 18 years",Île-du-Prince-Édouard,,
2021,"Men+, 18 to 64 years",Île-du-Prince-Édouard,,7.6
2021,"Men+, 65 years and over",Île-du-Prince-Édouard,,16.3
2021,Femmes+,Île-du-Prince-Édouard,,13.8
2021,"Women+, under 18 years",Île-du-Prince-Édouard,,8.3
2021,"Women+, 18 to 64 years",Île-du-Prince-Édouard,,11.7
2021,"Women+, 65 years and over",Île-du-Prince-Édouard,,24.8
2021,Toutes les personnes,Nouvelle-Écosse,12,13.5
2021,Personnes de moins de 18 ans,Nouvelle-Écosse,,8.8
2021,Personnes de 18 à 64 ans,Nouvelle-Écosse,,11.6
2021,Personnes de 65 ans et plus,Nouvelle-Écosse,,22.4
2021,Hommes+,Nouvelle-Écosse,,12.1
2021,"Men+, under 18 years",Nouvelle-Écosse,,9.2
2021,"Men+, 18 to 64 years",Nouvelle-Écosse,,10.6
2021,"Men+, 65 years and over",Nouvelle-Écosse,,19.2
2021,Femmes+,Nouvelle-Écosse,,14.7
2021,"Women+, under 18 years",Nouvelle-Écosse,,8.3
2021,"Women+, 18 to 64 years",Nouvelle-Écosse,,12.5
2021,"Women+, 65 years and over",Nouvelle-Écosse,,25.2
2021,Toutes les personnes,Nouveau-Brunswick,13,11.5
2021,Personnes de moins de 18 ans,Nouveau-Brunswick,,9.5
2021,Personnes de 18 à 64 ans,Nouveau-Brunswick,,8.1
2021,Personnes de 65 ans et plus,Nouveau-Brunswick,,22.1
2021,Hommes+,Nouveau-Brunswick,,9.9
2021,"Men+, under 18 years",Nouveau-Brunswick,,8.4
2021,"Men+, 18 to 64 years",Nouveau-Brunswick,,7.5
2021,"Men+, 65 years and over",Nouveau-Brunswick,,17.9
2021,Femmes+,Nouveau-Brunswick,,13.1
2021,"Women+, under 18 years",Nouveau-Brunswick,,10.7
2021,"Women+, 18 to 64 years",Nouveau-Brunswick,,8.8
2021,"Women+, 65 years and over",Nouveau-Brunswick,,25.8
2021,Toutes les personnes,Québec,24,11.9
2021,Personnes de moins de 18 ans,Québec,,8.1
2021,Personnes de 18 à 64 ans,Québec,,9.2
2021,Personnes de 65 ans et plus,Québec,,23.8
2021,Hommes+,Québec,,10.9
2021,"Men+, under 18 years",Québec,,7.8
2021,"Men+, 18 to 64 years",Québec,,9.1
2021,"Men+, 65 years and over",Québec,,20.2
2021,Femmes+,Québec,,12.9
2021,"Women+, under 18 years",Québec,,8.5
2021,"Women+, 18 to 64 years",Québec,,9.3
2021,"Women+, 65 years and over",Québec,,26.9
2021,Toutes les personnes,Ontario,35,9.9
2021,Personnes de moins de 18 ans,Ontario,,9.7
2021,Personnes de 18 à 64 ans,Ontario,,9.0
2021,Personnes de 65 ans et plus,Ontario,,13.3
2021,Hommes+,Ontario,,9.0
2021,"Men+, under 18 years",Ontario,,9.3
2021,"Men+, 18 to 64 years",Ontario,,8.4
2021,"Men+, 65 years and over",Ontario,,11.3
2021,Femmes+,Ontario,,10.8
2021,"Women+, under 18 years",Ontario,,10.1
2021,"Women+, 18 to 64 years",Ontario,,9.7
2021,"Women+, 65 years and over",Ontario,,14.9
2021,Toutes les personnes,Provinces des Prairies,,10.5
2021,Personnes de moins de 18 ans,Provinces des Prairies,,11.0
2021,Personnes de 18 à 64 ans,Provinces des Prairies,,9.4
2021,Personnes de 65 ans et plus,Provinces des Prairies,,14.7
2021,Hommes+,Provinces des Prairies,,10.1
2021,"Men+, under 18 years",Provinces des Prairies,,11.1
2021,"Men+, 18 to 64 years",Provinces des Prairies,,9.2
2021,"Men+, 65 years and over",Provinces des Prairies,,12.7
2021,Femmes+,Provinces des Prairies,,10.9
2021,"Women+, under 18 years",Provinces des Prairies,,10.9
2021,"Women+, 18 to 64 years",Provinces des Prairies,,9.5
2021,"Women+, 65 years and over",Provinces des Prairies,,16.6
2021,Toutes les personnes,Manitoba,46,13.0
2021,Personnes de moins de 18 ans,Manitoba,,15.9
2021,Personnes de 18 à 64 ans,Manitoba,,10.6
2021,Personnes de 65 ans et plus,Manitoba,,17.7
2021,Hommes+,Manitoba,,11.9
2021,"Men+, under 18 years",Manitoba,,14.9
2021,"Men+, 18 to 64 years",Manitoba,,10.2
2021,"Men+, 65 years and over",Manitoba,,14.3
2021,Femmes+,Manitoba,,14.1
2021,"Women+, under 18 years",Manitoba,,17.0
2021,"Women+, 18 to 64 years",Manitoba,,11.0
2021,"Women+, 65 years and over",Manitoba,,20.6
2021,Toutes les personnes,Saskatchewan,47,12.0
2021,Personnes de moins de 18 ans,Saskatchewan,,11.7
2021,Personnes de 18 à 64 ans,Saskatchewan,,10.7
2021,Personnes de 65 ans et plus,Saskatchewan,,17.0
2021,Hommes+,Saskatchewan,,11.7
2021,"Men+, under 18 years",Saskatchewan,,12.9
2021,"Men+, 18 to 64 years",Saskatchewan,,10.6
2021,"Men+, 65 years and over",Saskatchewan,,14.4
2021,Femmes+,Saskatchewan,,12.4
2021,"Women+, under 18 years",Saskatchewan,,10.5
2021,"Women+, 18 to 64 years",Saskatchewan,,10.9
2021,"Women+, 65 years and over",Saskatchewan,,19.4
2021,Toutes les personnes,Alberta,48,9.4
2021,Personnes de moins de 18 ans,Alberta,,9.3
2021,Personnes de 18 à 64 ans,Alberta,,8.7
2021,Personnes de 65 ans et plus,Alberta,,13.0
2021,Hommes+,Alberta,,9.2
2021,"Men+, under 18 years",Alberta,,9.5
2021,"Men+, 18 to 64 years",Alberta,,8.6
2021,"Men+, 65 years and over",Alberta,,11.6
2021,Femmes+,Alberta,,9.7
2021,"Women+, under 18 years",Alberta,,9.2
2021,"Women+, 18 to 64 years",Alberta,,8.7
2021,"Women+, 65 years and over",Alberta,,14.3
2021,Toutes les personnes,Colombie-Britannique,59,9.5
2021,Personnes de moins de 18 ans,Colombie-Britannique,,8.2
2021,Personnes de 18 à 64 ans,Colombie-Britannique,,8.2
2021,Personnes de 65 ans et plus,Colombie-Britannique,,14.9
2021,Hommes+,Colombie-Britannique,,8.5
2021,"Men+, under 18 years",Colombie-Britannique,,8.1
2021,"Men+, 18 to 64 years",Colombie-Britannique,,7.6
2021,"Men+, 65 years and over",Colombie-Britannique,,12.1
2021,Femmes+,Colombie-Britannique,,10.4
2021,"Women+, under 18 years",Colombie-Britannique,,8.4
2021,"Women+, 18 to 64 years",Colombie-Britannique,,8.7
2021,"Women+, 65 years and over",Colombie-Britannique,,17.4
2021,Toutes les personnes,Territoires,,11.0
2021,Personnes de moins de 18 ans,Territoires,,14.8
2021,Personnes de 18 à 64 ans,Territoires,,9.1
2021,Personnes de 65 ans et plus,Territoires,,13.6
2021,Hommes+,Territoires,,11.0
2021,"Men+, under 18 years",Territoires,,
2021,"Men+, 18 to 64 years",Territoires,,10.3
2021,"Men+, 65 years and over",Territoires,,
2021,Femmes+,Territoires,,11.0
2021,"Women+, under 18 years",Territoires,,19.0
2021,"Women+, 18 to 64 years",Territoires,,7.9
2021,"Women+, 65 years and over",Territoires,,
2021,Toutes les personnes,Yukon,60,6.2
2021,Personnes de moins de 18 ans,Yukon,,
2021,Personnes de 18 à 64 ans,Yukon,,
2021,Personnes de 65 ans et plus,Yukon,,
2021,Hommes+,Yukon,,6.4
2021,"Men+, under 18 years",Yukon,,
2021,"Men+, 18 to 64 years",Yukon,,
2021,"Men+, 65 years and over",Yukon,,
2021,Femmes+,Yukon,,
2021,"Women+, under 18 years",Yukon,,
2021,"Women+, 18 to 64 years",Yukon,,
2021,"Women+, 65 years and over",Yukon,,
2021,Toutes les personnes,Territoires du Nord-Ouest,61,10.5
2021,Personnes de moins de 18 ans,Territoires du Nord-Ouest,,
2021,Personnes de 18 à 64 ans,Territoires du Nord-Ouest,,8.0
2021,Personnes de 65 ans et plus,Territoires du Nord-Ouest,,
2021,Hommes+,Territoires du Nord-Ouest,,
2021,"Men+, under 18 years",Territoires du Nord-Ouest,,
2021,"Men+, 18 to 64 years",Territoires du Nord-Ouest,,
2021,"Men+, 65 years and over",Territoires du Nord-Ouest,,
2021,Femmes+,Territoires du Nord-Ouest,,
2021,"Women+, under 18 years",Territoires du Nord-Ouest,,
2021,"Women+, 18 to 64 years",Territoires du Nord-Ouest,,
2021,"Women+, 65 years and over",Territoires du Nord-Ouest,,
2021,Toutes les personnes,Nunavut,62,16.8
2021,Personnes de moins de 18 ans,Nunavut,,18.8
2021,Personnes de 18 à 64 ans,Nunavut,,16.3
2021,Personnes de 65 ans et plus,Nunavut,,
2021,Hommes+,Nunavut,,16.2
2021,"Men+, under 18 years",Nunavut,,
2021,"Men+, 18 to 64 years",Nunavut,,18.7
2021,"Men+, 65 years and over",Nunavut,,
2021,Femmes+,Nunavut,,17.5
2021,"Women+, under 18 years",Nunavut,,25.8
2021,"Women+, 18 to 64 years",Nunavut,,13.9
2021,"Women+, 65 years and over",Nunavut,,
2021,Toutes les personnes,"Québec, Québec",,9.5
2021,Personnes de moins de 18 ans,"Québec, Québec",,
2021,Personnes de 18 à 64 ans,"Québec, Québec",,6.9
2021,Personnes de 65 ans et plus,"Québec, Québec",,20.4
2021,Hommes+,"Québec, Québec",,8.2
2021,"Men+, under 18 years","Québec, Québec",,
2021,"Men+, 18 to 64 years","Québec, Québec",,5.8
2021,"Men+, 65 years and over","Québec, Québec",,15.8
2021,Femmes+,"Québec, Québec",,10.7
2021,"Women+, under 18 years","Québec, Québec",,
2021,"Women+, 18 to 64 years","Québec, Québec",,8.0
2021,"Women+, 65 years and over","Québec, Québec",,24.2
2021,Toutes les personnes,"Montréal, Québec",,11.6
2021,Personnes de moins de 18 ans,"Montréal, Québec",,9.6
2021,Personnes de 18 à 64 ans,"Montréal, Québec",,9.5
2021,Personnes de 65 ans et plus,"Montréal, Québec",,21.9
2021,Hommes+,"Montréal, Québec",,10.5
2021,"Men+, under 18 years","Montréal, Québec",,7.6
2021,"Men+, 18 to 64 years","Montréal, Québec",,9.5
2021,"Men+, 65 years and over","Montréal, Québec",,18.6
2021,Femmes+,"Montréal, Québec",,12.7
2021,"Women+, under 18 years","Montréal, Québec",,11.8
2021,"Women+, 18 to 64 years","Montréal, Québec",,9.5
2021,"Women+, 65 years and over","Montréal, Québec",,24.7
2021,Toutes les personnes,"Ottawa-Gatineau, Ontario/Québec",,8.3
2021,Personnes de moins de 18 ans,"Ottawa-Gatineau, Ontario/Québec",,6.9
2021,Personnes de 18 à 64 ans,"Ottawa-Gatineau, Ontario/Québec",,8.2
2021,Personnes de 65 ans et plus,"Ottawa-Gatineau, Ontario/Québec",,9.7
2021,Hommes+,"Ottawa-Gatineau, Ontario/Québec",,7.1
2021,"Men+, under 18 years","Ottawa-Gatineau, Ontario/Québec",,5.8
2021,"Men+, 18 to 64 years","Ottawa-Gatineau, Ontario/Québec",,7.6
2021,"Men+, 65 years and over","Ottawa-Gatineau, Ontario/Québec",,6.6
2021,Femmes+,"Ottawa-Gatineau, Ontario/Québec",,9.5
2021,"Women+, under 18 years","Ottawa-Gatineau, Ontario/Québec",,
2021,"Women+, 18 to 64 years","Ottawa-Gatineau, Ontario/Québec",,8.9
2021,"Women+, 65 years and over","Ottawa-Gatineau, Ontario/Québec",,12.7
2021,Toutes les personnes,"Toronto, Ontario",,9.4
2021,Personnes de moins de 18 ans,"Toronto, Ontario",,8.9
2021,Personnes de 18 à 64 ans,"Toronto, Ontario",,8.6
2021,Personnes de 65 ans et plus,"Toronto, Ontario",,13.0
2021,Hommes+,"Toronto, Ontario",,8.7
2021,"Men+, under 18 years","Toronto, Ontario",,9.7
2021,"Men+, 18 to 64 years","Toronto, Ontario",,7.6
2021,"Men+, 65 years and over","Toronto, Ontario",,12.4
2021,Femmes+,"Toronto, Ontario",,10.0
2021,"Women+, under 18 years","Toronto, Ontario",,8.1
2021,"Women+, 18 to 64 years","Toronto, Ontario",,9.7
2021,"Women+, 65 years and over","Toronto, Ontario",,13.5
2021,Toutes les personnes,"Winnipeg, Manitoba",,12.0
2021,Personnes de moins de 18 ans,"Winnipeg, Manitoba",,14.9
2021,Personnes de 18 à 64 ans,"Winnipeg, Manitoba",,9.9
2021,Personnes de 65 ans et plus,"Winnipeg, Manitoba",,16.5
2021,Hommes+,"Winnipeg, Manitoba",,11.2
2021,"Men+, under 18 years","Winnipeg, Manitoba",,14.1
2021,"Men+, 18 to 64 years","Winnipeg, Manitoba",,9.9
2021,"Men+, 65 years and over","Winnipeg, Manitoba",,13.0
2021,Femmes+,"Winnipeg, Manitoba",,12.8
2021,"Women+, under 18 years","Winnipeg, Manitoba",,15.8
2021,"Women+, 18 to 64 years","Winnipeg, Manitoba",,9.8
2021,"Women+, 65 years and over","Winnipeg, Manitoba",,19.4
2021,Toutes les personnes,"Calgary, Alberta",,10.2
2021,Personnes de moins de 18 ans,"Calgary, Alberta",,9.6
2021,Personnes de 18 à 64 ans,"Calgary, Alberta",,9.5
2021,Personnes de 65 ans et plus,"Calgary, Alberta",,14.4
2021,Hommes+,"Calgary, Alberta",,10.4
2021,"Men+, under 18 years","Calgary, Alberta",,11.3
2021,"Men+, 18 to 64 years","Calgary, Alberta",,9.3
2021,"Men+, 65 years and over","Calgary, Alberta",,14.9
2021,Femmes+,"Calgary, Alberta",,10.0
2021,"Women+, under 18 years","Calgary, Alberta",,8.1
2021,"Women+, 18 to 64 years","Calgary, Alberta",,9.7
2021,"Women+, 65 years and over","Calgary, Alberta",,14.0
2021,Toutes les personnes,"Edmonton, Alberta",,8.7
2021,Personnes de moins de 18 ans,"Edmonton, Alberta",,9.9
2021,Personnes de 18 à 64 ans,"Edmonton, Alberta",,7.9
2021,Personnes de 65 ans et plus,"Edmonton, Alberta",,10.7
2021,Hommes+,"Edmonton, Alberta",,8.8
2021,"Men+, under 18 years","Edmonton, Alberta",,11.0
2021,"Men+, 18 to 64 years","Edmonton, Alberta",,8.1
2021,"Men+, 65 years and over","Edmonton, Alberta",,8.7
2021,Femmes+,"Edmonton, Alberta",,8.5
2021,"Women+, under 18 years","Edmonton, Alberta",,8.7
2021,"Women+, 18 to 64 years","Edmonton, Alberta",,7.6
2021,"Women+, 65 years and over","Edmonton, Alberta",,12.5
2021,Toutes les personnes,"Vancouver, Colombie-Britannique",,9.6
2021,Personnes de moins de 18 ans,"Vancouver, Colombie-Britannique",,8.8
2021,Personnes de 18 à 64 ans,"Vancouver, Colombie-Britannique",,8.3
2021,Personnes de 65 ans et plus,"Vancouver, Colombie-Britannique",,15.6
2021,Hommes+,"Vancouver, Colombie-Britannique",,8.7
2021,"Men+, under 18 years","Vancouver, Colombie-Britannique",,9.4
2021,"Men+, 18 to 64 years","Vancouver, Colombie-Britannique",,7.6
2021,"Men+, 65 years and over","Vancouver, Colombie-Britannique",,12.6
2021,Femmes+,"Vancouver, Colombie-Britannique",,10.5
2021,"Women+, under 18 years","Vancouver, Colombie-Britannique",,8.3
2021,"Women+, 18 to 64 years","Vancouver, Colombie-Britannique",,9.0
2021,"Women+, 65 years and over","Vancouver, Colombie-Britannique",,18.4
2022,Personnes de moins de 18 ans,Canada,,12.1
2022,Personnes de 18 à 64 ans,Canada,,10.8
2022,Personnes de 65 ans et plus,Canada,,15.8
2022,Hommes+,Canada,,11.3
2022,"Men+, under 18 years",Canada,,12.0
2022,"Men+, 18 to 64 years",Canada,,10.5
2022,"Men+, 65 years and over",Canada,,13.6
2022,Femmes+,Canada,,12.6
2022,"Women+, under 18 years",Canada,,12.3
2022,"Women+, 18 to 64 years",Canada,,11.1
2022,"Women+, 65 years and over",Canada,,17.7
2022,Toutes les personnes,Provinces de l'Atlantique,,16.3
2022,Personnes de moins de 18 ans,Provinces de l'Atlantique,,15.7
2022,Personnes de 18 à 64 ans,Provinces de l'Atlantique,,13.1
2022,Personnes de 65 ans et plus,Provinces de l'Atlantique,,25.1
2022,Hommes+,Provinces de l'Atlantique,,15.2
2022,"Men+, under 18 years",Provinces de l'Atlantique,,16.0
2022,"Men+, 18 to 64 years",Provinces de l'Atlantique,,12.8
2022,"Men+, 65 years and over",Provinces de l'Atlantique,,21.6
2022,Femmes+,Provinces de l'Atlantique,,17.3
2022,"Women+, under 18 years",Provinces de l'Atlantique,,15.4
2022,"Women+, 18 to 64 years",Provinces de l'Atlantique,,13.5
2022,"Women+, 65 years and over",Provinces de l'Atlantique,,28.2
2022,Toutes les personnes,Terre-Neuve-et-Labrador,10,16.3
2022,Personnes de moins de 18 ans,Terre-Neuve-et-Labrador,,14.3
2022,Personnes de 18 à 64 ans,Terre-Neuve-et-Labrador,,12.5
2022,Personnes de 65 ans et plus,Terre-Neuve-et-Labrador,,26.9
2022,Hommes+,Terre-Neuve-et-Labrador,,14.4
2022,"Men+, under 18 years",Terre-Neuve-et-Labrador,,13.8
2022,"Men+, 18 to 64 years",Terre-Neuve-et-Labrador,,11.4
2022,"Men+, 65 years and over",Terre-Neuve-et-Labrador,,22.7
2022,Femmes+,Terre-Neuve-et-Labrador,,18.1
2022,"Women+, under 18 years",Terre-Neuve-et-Labrador,,15.0
2022,"Women+, 18 to 64 years",Terre-Neuve-et-Labrador,,13.6
2022,"Women+, 65 years and over",Terre-Neuve-et-Labrador,,30.6
2022,Toutes les personnes,Île-du-Prince-Édouard,11,12.4
2022,Personnes de moins de 18 ans,Île-du-Prince-Édouard,,10.1
2022,Personnes de 18 à 64 ans,Île-du-Prince-Édouard,,10.3
2022,Personnes de 65 ans et plus,Île-du-Prince-Édouard,,21.0
2022,Hommes+,Île-du-Prince-Édouard,,11.4
2022,"Men+, under 18 years",Île-du-Prince-Édouard,,8.2
2022,"Men+, 18 to 64 years",Île-du-Prince-Édouard,,10.5
2022,"Men+, 65 years and over",Île-du-Prince-Édouard,,17.3
2022,Femmes+,Île-du-Prince-Édouard,,13.4
2022,"Women+, under 18 years",Île-du-Prince-Édouard,,12.1
2022,"Women+, 18 to 64 years",Île-du-Prince-Édouard,,10.0
2022,"Women+, 65 years and over",Île-du-Prince-Édouard,,24.2
2022,Toutes les personnes,Nouvelle-Écosse,12,17.2
2022,Personnes de moins de 18 ans,Nouvelle-Écosse,,17.3
2022,Personnes de 18 à 64 ans,Nouvelle-Écosse,,14.3
2022,Personnes de 65 ans et plus,Nouvelle-Écosse,,25.0
2022,Hommes+,Nouvelle-Écosse,,16.5
2022,"Men+, under 18 years",Nouvelle-Écosse,,18.3
2022,"Men+, 18 to 64 years",Nouvelle-Écosse,,14.1
2022,"Men+, 65 years and over",Nouvelle-Écosse,,22.0
2022,Femmes+,Nouvelle-Écosse,,17.8
2022,"Women+, under 18 years",Nouvelle-Écosse,,16.3
2022,"Women+, 18 to 64 years",Nouvelle-Écosse,,14.5
2022,"Women+, 65 years and over",Nouvelle-Écosse,,27.7
2022,Toutes les personnes,Nouveau-Brunswick,13,16.0
2022,Personnes de moins de 18 ans,Nouveau-Brunswick,,15.7
2022,Personnes de 18 à 64 ans,Nouveau-Brunswick,,12.7
2022,Personnes de 65 ans et plus,Nouveau-Brunswick,,24.7
2022,Hommes+,Nouveau-Brunswick,,15.0
2022,"Men+, under 18 years",Nouveau-Brunswick,,16.2
2022,"Men+, 18 to 64 years",Nouveau-Brunswick,,12.5
2022,"Men+, 65 years and over",Nouveau-Brunswick,,21.1
2022,Femmes+,Nouveau-Brunswick,,16.9
2022,"Women+, under 18 years",Nouveau-Brunswick,,15.3
2022,"Women+, 18 to 64 years",Nouveau-Brunswick,,12.8
2022,"Women+, 65 years and over",Nouveau-Brunswick,,28.0
2022,Toutes les personnes,Québec,24,10.9
2022,Personnes de moins de 18 ans,Québec,,8.3
2022,Personnes de 18 à 64 ans,Québec,,10.0
2022,Personnes de 65 ans et plus,Québec,,16.0
2022,Hommes+,Québec,,10.3
2022,"Men+, under 18 years",Québec,,7.7
2022,"Men+, 18 to 64 years",Québec,,10.2
2022,"Men+, 65 years and over",Québec,,13.4
2022,Femmes+,Québec,,11.5
2022,"Women+, under 18 years",Québec,,9.0
2022,"Women+, 18 to 64 years",Québec,,9.9
2022,"Women+, 65 years and over",Québec,,18.3
2022,Toutes les personnes,Ontario,35,12.0
2022,Personnes de moins de 18 ans,Ontario,,12.8
2022,Personnes de 18 à 64 ans,Ontario,,11.1
2022,Personnes de 65 ans et plus,Ontario,,14.2
2022,Hommes+,Ontario,,11.3
2022,"Men+, under 18 years",Ontario,,12.9
2022,"Men+, 18 to 64 years",Ontario,,10.7
2022,"Men+, 65 years and over",Ontario,,12.0
2022,Femmes+,Ontario,,12.6
2022,"Women+, under 18 years",Ontario,,12.8
2022,"Women+, 18 to 64 years",Ontario,,11.5
2022,"Women+, 65 years and over",Ontario,,16.1
2022,Toutes les personnes,Provinces des Prairies,,11.9
2022,Personnes de moins de 18 ans,Provinces des Prairies,,14.4
2022,Personnes de 18 à 64 ans,Provinces des Prairies,,10.6
2022,Personnes de 65 ans et plus,Provinces des Prairies,,13.7
2022,Hommes+,Provinces des Prairies,,11.4
2022,"Men+, under 18 years",Provinces des Prairies,,14.5
2022,"Men+, 18 to 64 years",Provinces des Prairies,,10.1
2022,"Men+, 65 years and over",Provinces des Prairies,,12.1
2022,Femmes+,Provinces des Prairies,,12.5
2022,"Women+, under 18 years",Provinces des Prairies,,14.3
2022,"Women+, 18 to 64 years",Provinces des Prairies,,11.2
2022,"Women+, 65 years and over",Provinces des Prairies,,15.2
2022,Toutes les personnes,Manitoba,46,15.1
2022,Personnes de moins de 18 ans,Manitoba,,19.7
2022,Personnes de 18 à 64 ans,Manitoba,,13.1
2022,Personnes de 65 ans et plus,Manitoba,,16.4
2022,Hommes+,Manitoba,,14.6
2022,"Men+, under 18 years",Manitoba,,20.2
2022,"Men+, 18 to 64 years",Manitoba,,12.6
2022,"Men+, 65 years and over",Manitoba,,14.4
2022,Femmes+,Manitoba,,15.6
2022,"Women+, under 18 years",Manitoba,,19.2
2022,"Women+, 18 to 64 years",Manitoba,,13.5
2022,"Women+, 65 years and over",Manitoba,,18.2
2022,Toutes les personnes,Saskatchewan,47,13.5
2022,Personnes de moins de 18 ans,Saskatchewan,,16.7
2022,Personnes de 18 à 64 ans,Saskatchewan,,11.7
2022,Personnes de 65 ans et plus,Saskatchewan,,15.6
2022,Hommes+,Saskatchewan,,13.3
2022,"Men+, under 18 years",Saskatchewan,,17.7
2022,"Men+, 18 to 64 years",Saskatchewan,,11.4
2022,"Men+, 65 years and over",Saskatchewan,,13.8
2022,Femmes+,Saskatchewan,,13.8
2022,"Women+, under 18 years",Saskatchewan,,15.7
2022,"Women+, 18 to 64 years",Saskatchewan,,12.1
2022,"Women+, 65 years and over",Saskatchewan,,17.1
2022,Toutes les personnes,Alberta,48,10.6
2022,Personnes de moins de 18 ans,Alberta,,12.2
2022,Personnes de 18 à 64 ans,Alberta,,9.6
2022,Personnes de 65 ans et plus,Alberta,,12.3
2022,Hommes+,Alberta,,10.0
2022,"Men+, under 18 years",Alberta,,12.0
2022,"Men+, 18 to 64 years",Alberta,,9.0
2022,"Men+, 65 years and over",Alberta,,10.9
2022,Femmes+,Alberta,,11.3
2022,"Women+, under 18 years",Alberta,,12.5
2022,"Women+, 18 to 64 years",Alberta,,10.3
2022,"Women+, 65 years and over",Alberta,,13.5
2022,Toutes les personnes,Colombie-Britannique,59,11.7
2022,Personnes de moins de 18 ans,Colombie-Britannique,,11.1
2022,Personnes de 18 à 64 ans,Colombie-Britannique,,10.2
2022,Personnes de 65 ans et plus,Colombie-Britannique,,16.9
2022,Hommes+,Colombie-Britannique,,10.9
2022,"Men+, under 18 years",Colombie-Britannique,,10.6
2022,"Men+, 18 to 64 years",Colombie-Britannique,,9.7
2022,"Men+, 65 years and over",Colombie-Britannique,,15.5
2022,Femmes+,Colombie-Britannique,,12.4
2022,"Women+, under 18 years",Colombie-Britannique,,11.7
2022,"Women+, 18 to 64 years",Colombie-Britannique,,10.7
2022,"Women+, 65 years and over",Colombie-Britannique,,18.2
2022,Toutes les personnes,Territoires,,13.3
2022,Personnes de moins de 18 ans,Territoires,,16.6
2022,Personnes de 18 à 64 ans,Territoires,,11.0
2022,Personnes de 65 ans et plus,Territoires,,19.8
2022,Hommes+,Territoires,,15.4
2022,"Men+, under 18 years",Territoires,,18.5
2022,"Men+, 18 to 64 years",Territoires,,12.7
2022,"Men+, 65 years and over",Territoires,,24.3
2022,Femmes+,Territoires,,11.2
2022,"Women+, under 18 years",Territoires,,14.6
2022,"Women+, 18 to 64 years",Territoires,,9.3
2022,"Women+, 65 years and over",Territoires,,15.0
2022,Toutes les personnes,Yukon,60,10.4
2022,Personnes de moins de 18 ans,Yukon,,
2022,Personnes de 18 à 64 ans,Yukon,,7.5
2022,Personnes de 65 ans et plus,Yukon,,20.1
2022,Hommes+,Yukon,,12.4
2022,"Men+, under 18 years",Yukon,,
2022,"Men+, 18 to 64 years",Yukon,,8.8
2022,"Men+, 65 years and over",Yukon,,25.9
2022,Femmes+,Yukon,,8.4
2022,"Women+, under 18 years",Yukon,,
2022,"Women+, 18 to 64 years",Yukon,,
2022,"Women+, 65 years and over",Yukon,,13.7
2022,Toutes les personnes,Territoires du Nord-Ouest,61,12.8
2022,Personnes de moins de 18 ans,Territoires du Nord-Ouest,,15.6
2022,Personnes de 18 à 64 ans,Territoires du Nord-Ouest,,11.1
2022,Personnes de 65 ans et plus,Territoires du Nord-Ouest,,17.7
2022,Hommes+,Territoires du Nord-Ouest,,15.6
2022,"Men+, under 18 years",Territoires du Nord-Ouest,,19.0
2022,"Men+, 18 to 64 years",Territoires du Nord-Ouest,,13.5
2022,"Men+, 65 years and over",Territoires du Nord-Ouest,,21.0
2022,Femmes+,Territoires du Nord-Ouest,,9.9
2022,"Women+, under 18 years",Territoires du Nord-Ouest,,11.9
2022,"Women+, 18 to 64 years",Territoires du Nord-Ouest,,8.6
2022,"Women+, 65 years and over",Territoires du Nord-Ouest,,
2022,Toutes les personnes,Nunavut,62,16.9
2022,Personnes de moins de 18 ans,Nunavut,,19.2
2022,Personnes de 18 à 64 ans,Nunavut,,15.0
2022,Personnes de 65 ans et plus,Nunavut,,24.2
2022,Hommes+,Nunavut,,18.2
2022,"Men+, under 18 years",Nunavut,,20.5
2022,"Men+, 18 to 64 years",Nunavut,,16.1
2022,"Men+, 65 years and over",Nunavut,,26.8
2022,Femmes+,Nunavut,,15.6
2022,"Women+, under 18 years",Nunavut,,
2022,"Women+, 18 to 64 years",Nunavut,,13.8
2022,"Women+, 65 years and over",Nunavut,,
2022,Toutes les personnes,"Québec, Québec",,8.6
2022,Personnes de moins de 18 ans,"Québec, Québec",,4.8
2022,Personnes de 18 à 64 ans,"Québec, Québec",,8.4
2022,Personnes de 65 ans et plus,"Québec, Québec",,12.2
2022,Hommes+,"Québec, Québec",,8.1
2022,"Men+, under 18 years","Québec, Québec",,4.4
2022,"Men+, 18 to 64 years","Québec, Québec",,9.1
2022,"Men+, 65 years and over","Québec, Québec",,8.8
2022,Femmes+,"Québec, Québec",,9.1
2022,"Women+, under 18 years","Québec, Québec",,5.3
2022,"Women+, 18 to 64 years","Québec, Québec",,7.8
2022,"Women+, 65 years and over","Québec, Québec",,15.1
2022,Toutes les personnes,"Montréal, Québec",,10.8
2022,Personnes de moins de 18 ans,"Montréal, Québec",,8.7
2022,Personnes de 18 à 64 ans,"Montréal, Québec",,10.1
2022,Personnes de 65 ans et plus,"Montréal, Québec",,16.3
2022,Hommes+,"Montréal, Québec",,10.5
2022,"Men+, under 18 years","Montréal, Québec",,8.4
2022,"Men+, 18 to 64 years","Montréal, Québec",,10.2
2022,"Men+, 65 years and over","Montréal, Québec",,14.5
2022,Femmes+,"Montréal, Québec",,11.2
2022,"Women+, under 18 years","Montréal, Québec",,9.0
2022,"Women+, 18 to 64 years","Montréal, Québec",,9.9
2022,"Women+, 65 years and over","Montréal, Québec",,17.7
2022,Toutes les personnes,"Ottawa-Gatineau, Ontario/Québec",,9.6
2022,Personnes de moins de 18 ans,"Ottawa-Gatineau, Ontario/Québec",,8.7
2022,Personnes de 18 à 64 ans,"Ottawa-Gatineau, Ontario/Québec",,9.6
2022,Personnes de 65 ans et plus,"Ottawa-Gatineau, Ontario/Québec",,10.7
2022,Hommes+,"Ottawa-Gatineau, Ontario/Québec",,9.3
2022,"Men+, under 18 years","Ottawa-Gatineau, Ontario/Québec",,7.5
2022,"Men+, 18 to 64 years","Ottawa-Gatineau, Ontario/Québec",,9.8
2022,"Men+, 65 years and over","Ottawa-Gatineau, Ontario/Québec",,9.7
2022,Femmes+,"Ottawa-Gatineau, Ontario/Québec",,10.0
2022,"Women+, under 18 years","Ottawa-Gatineau, Ontario/Québec",,10.0
2022,"Women+, 18 to 64 years","Ottawa-Gatineau, Ontario/Québec",,9.5
2022,"Women+, 65 years and over","Ottawa-Gatineau, Ontario/Québec",,11.6
2022,Toutes les personnes,"Toronto, Ontario",,12.2
2022,Personnes de moins de 18 ans,"Toronto, Ontario",,13.5
2022,Personnes de 18 à 64 ans,"Toronto, Ontario",,11.3
2022,Personnes de 65 ans et plus,"Toronto, Ontario",,14.7
2022,Hommes+,"Toronto, Ontario",,11.7
2022,"Men+, under 18 years","Toronto, Ontario",,14.1
2022,"Men+, 18 to 64 years","Toronto, Ontario",,10.9
2022,"Men+, 65 years and over","Toronto, Ontario",,12.4
2022,Femmes+,"Toronto, Ontario",,12.7
2022,"Women+, under 18 years","Toronto, Ontario",,12.8
2022,"Women+, 18 to 64 years","Toronto, Ontario",,11.7
2022,"Women+, 65 years and over","Toronto, Ontario",,16.7
2022,Toutes les personnes,"Winnipeg, Manitoba",,13.6
2022,Personnes de moins de 18 ans,"Winnipeg, Manitoba",,17.7
2022,Personnes de 18 à 64 ans,"Winnipeg, Manitoba",,12.2
2022,Personnes de 65 ans et plus,"Winnipeg, Manitoba",,14.2
2022,Hommes+,"Winnipeg, Manitoba",,13.0
2022,"Men+, under 18 years","Winnipeg, Manitoba",,18.0
2022,"Men+, 18 to 64 years","Winnipeg, Manitoba",,11.6
2022,"Men+, 65 years and over","Winnipeg, Manitoba",,12.1
2022,Femmes+,"Winnipeg, Manitoba",,14.2
2022,"Women+, under 18 years","Winnipeg, Manitoba",,17.3
2022,"Women+, 18 to 64 years","Winnipeg, Manitoba",,12.7
2022,"Women+, 65 years and over","Winnipeg, Manitoba",,16.0
2022,Toutes les personnes,"Calgary, Alberta",,10.1
2022,Personnes de moins de 18 ans,"Calgary, Alberta",,11.3
2022,Personnes de 18 à 64 ans,"Calgary, Alberta",,9.5
2022,Personnes de 65 ans et plus,"Calgary, Alberta",,10.9
2022,Hommes+,"Calgary, Alberta",,9.2
2022,"Men+, under 18 years","Calgary, Alberta",,10.9
2022,"Men+, 18 to 64 years","Calgary, Alberta",,8.7
2022,"Men+, 65 years and over","Calgary, Alberta",,9.0
2022,Femmes+,"Calgary, Alberta",,10.9
2022,"Women+, under 18 years","Calgary, Alberta",,11.7
2022,"Women+, 18 to 64 years","Calgary, Alberta",,10.3
2022,"Women+, 65 years and over","Calgary, Alberta",,12.6
2022,Toutes les personnes,"Edmonton, Alberta",,10.8
2022,Personnes de moins de 18 ans,"Edmonton, Alberta",,13.2
2022,Personnes de 18 à 64 ans,"Edmonton, Alberta",,10.1
2022,Personnes de 65 ans et plus,"Edmonton, Alberta",,10.5
2022,Hommes+,"Edmonton, Alberta",,10.4
2022,"Men+, under 18 years","Edmonton, Alberta",,12.1
2022,"Men+, 18 to 64 years","Edmonton, Alberta",,9.9
2022,"Men+, 65 years and over","Edmonton, Alberta",,10.2
2022,Femmes+,"Edmonton, Alberta",,11.2
2022,"Women+, under 18 years","Edmonton, Alberta",,14.5
2022,"Women+, 18 to 64 years","Edmonton, Alberta",,10.3
2022,"Women+, 65 years and over","Edmonton, Alberta",,10.9
2022,Toutes les personnes,"Vancouver, Colombie-Britannique",,11.4
2022,Personnes de moins de 18 ans,"Vancouver, Colombie-Britannique",,10.5
2022,Personnes de 18 à 64 ans,"Vancouver, Colombie-Britannique",,10.1
2022,Personnes de 65 ans et plus,"Vancouver, Colombie-Britannique",,17.0
2022,Hommes+,"Vancouver, Colombie-Britannique",,10.9
2022,"Men+, under 18 years","Vancouver, Colombie-Britannique",,10.1
2022,"Men+, 18 to 64 years","Vancouver, Colombie-Britannique",,9.7
2022,"Men+, 65 years and over","Vancouver, Colombie-Britannique",,16.4
2022,Femmes+,"Vancouver, Colombie-Britannique",,11.9
2022,"Women+, under 18 years","Vancouver, Colombie-Britannique",,11.0
2022,"Women+, 18 to 64 years","Vancouver, Colombie-Britannique",,10.6
2022,"Women+, 65 years and over","Vancouver, Colombie-Britannique",,17.5
2023,Personnes de moins de 18 ans,Canada,,13.4
2023,Personnes de 18 à 64 ans,Canada,,11.2
2023,Personnes de 65 ans et plus,Canada,,14.2
2023,Hommes+,Canada,,11.7
2023,"Men+, under 18 years",Canada,,13.6
2023,"Men+, 18 to 64 years",Canada,,10.8
2023,"Men+, 65 years and over",Canada,,12.5
2023,Femmes+,Canada,,12.6
2023,"Women+, under 18 years",Canada,,13.1
2023,"Women+, 18 to 64 years",Canada,,11.5
2023,"Women+, 65 years and over",Canada,,15.7
2023,Toutes les personnes,Provinces de l'Atlantique,,16.3
2023,Personnes de moins de 18 ans,Provinces de l'Atlantique,,17.8
2023,Personnes de 18 à 64 ans,Provinces de l'Atlantique,,13.2
2023,Personnes de 65 ans et plus,Provinces de l'Atlantique,,23.4
2023,Hommes+,Provinces de l'Atlantique,,15.5
2023,"Men+, under 18 years",Provinces de l'Atlantique,,18.4
2023,"Men+, 18 to 64 years",Provinces de l'Atlantique,,12.8
2023,"Men+, 65 years and over",Provinces de l'Atlantique,,20.9
2023,Femmes+,Provinces de l'Atlantique,,17.1
2023,"Women+, under 18 years",Provinces de l'Atlantique,,17.3
2023,"Women+, 18 to 64 years",Provinces de l'Atlantique,,13.6
2023,"Women+, 65 years and over",Provinces de l'Atlantique,,25.6
2023,Toutes les personnes,Terre-Neuve-et-Labrador,10,16.7
2023,Personnes de moins de 18 ans,Terre-Neuve-et-Labrador,,17.3
2023,Personnes de 18 à 64 ans,Terre-Neuve-et-Labrador,,13.0
2023,Personnes de 65 ans et plus,Terre-Neuve-et-Labrador,,25.3
2023,Hommes+,Terre-Neuve-et-Labrador,,15.5
2023,"Men+, under 18 years",Terre-Neuve-et-Labrador,,18.4
2023,"Men+, 18 to 64 years",Terre-Neuve-et-Labrador,,12.0
2023,"Men+, 65 years and over",Terre-Neuve-et-Labrador,,22.5
2023,Femmes+,Terre-Neuve-et-Labrador,,17.8
2023,"Women+, under 18 years",Terre-Neuve-et-Labrador,,16.1
2023,"Women+, 18 to 64 years",Terre-Neuve-et-Labrador,,14.0
2023,"Women+, 65 years and over",Terre-Neuve-et-Labrador,,27.8
2023,Toutes les personnes,Île-du-Prince-Édouard,11,14.2
2023,Personnes de moins de 18 ans,Île-du-Prince-Édouard,,15.6
2023,Personnes de 18 à 64 ans,Île-du-Prince-Édouard,,12.0
2023,Personnes de 65 ans et plus,Île-du-Prince-Édouard,,19.8
2023,Hommes+,Île-du-Prince-Édouard,,13.5
2023,"Men+, under 18 years",Île-du-Prince-Édouard,,16.4
2023,"Men+, 18 to 64 years",Île-du-Prince-Édouard,,11.2
2023,"Men+, 65 years and over",Île-du-Prince-Édouard,,17.9
2023,Femmes+,Île-du-Prince-Édouard,,15.0
2023,"Women+, under 18 years",Île-du-Prince-Édouard,,14.9
2023,"Women+, 18 to 64 years",Île-du-Prince-Édouard,,12.7
2023,"Women+, 65 years and over",Île-du-Prince-Édouard,,21.4
2023,Toutes les personnes,Nouvelle-Écosse,12,16.5
2023,Personnes de moins de 18 ans,Nouvelle-Écosse,,18.2
2023,Personnes de 18 à 64 ans,Nouvelle-Écosse,,13.9
2023,Personnes de 65 ans et plus,Nouvelle-Écosse,,22.6
2023,Hommes+,Nouvelle-Écosse,,16.0
2023,"Men+, under 18 years",Nouvelle-Écosse,,19.0
2023,"Men+, 18 to 64 years",Nouvelle-Écosse,,13.5
2023,"Men+, 65 years and over",Nouvelle-Écosse,,20.4
2023,Femmes+,Nouvelle-Écosse,,17.1
2023,"Women+, under 18 years",Nouvelle-Écosse,,17.3
2023,"Women+, 18 to 64 years",Nouvelle-Écosse,,14.2
2023,"Women+, 65 years and over",Nouvelle-Écosse,,24.5
2023,Toutes les personnes,Nouveau-Brunswick,13,16.3
2023,Personnes de moins de 18 ans,Nouveau-Brunswick,,18.3
2023,Personnes de 18 à 64 ans,Nouveau-Brunswick,,12.8
2023,Personnes de 65 ans et plus,Nouveau-Brunswick,,23.8
2023,Hommes+,Nouveau-Brunswick,,15.4
2023,"Men+, under 18 years",Nouveau-Brunswick,,18.0
2023,"Men+, 18 to 64 years",Nouveau-Brunswick,,12.6
2023,"Men+, 65 years and over",Nouveau-Brunswick,,21.0
2023,Femmes+,Nouveau-Brunswick,,17.0
2023,"Women+, under 18 years",Nouveau-Brunswick,,18.5
2023,"Women+, 18 to 64 years",Nouveau-Brunswick,,12.9
2023,"Women+, 65 years and over",Nouveau-Brunswick,,26.2
2023,Toutes les personnes,Québec,24,11.4
2023,Personnes de moins de 18 ans,Québec,,9.1
2023,Personnes de 18 à 64 ans,Québec,,10.6
2023,Personnes de 65 ans et plus,Québec,,16.2
2023,Hommes+,Québec,,10.8
2023,"Men+, under 18 years",Québec,,8.7
2023,"Men+, 18 to 64 years",Québec,,10.5
2023,"Men+, 65 years and over",Québec,,14.1
2023,Femmes+,Québec,,12.1
2023,"Women+, under 18 years",Québec,,9.5
2023,"Women+, 18 to 64 years",Québec,,10.7
2023,"Women+, 65 years and over",Québec,,18.0
2023,Toutes les personnes,Ontario,35,12.0
2023,Personnes de moins de 18 ans,Ontario,,14.1
2023,Personnes de 18 à 64 ans,Ontario,,11.5
2023,Personnes de 65 ans et plus,Ontario,,11.7
2023,Hommes+,Ontario,,11.8
2023,"Men+, under 18 years",Ontario,,14.5
2023,"Men+, 18 to 64 years",Ontario,,11.4
2023,"Men+, 65 years and over",Ontario,,10.2
2023,Femmes+,Ontario,,12.3
2023,"Women+, under 18 years",Ontario,,13.7
2023,"Women+, 18 to 64 years",Ontario,,11.7
2023,"Women+, 65 years and over",Ontario,,13.0
2023,Toutes les personnes,Provinces des Prairies,,11.7
2023,Personnes de moins de 18 ans,Provinces des Prairies,,15.3
2023,Personnes de 18 à 64 ans,Provinces des Prairies,,10.6
2023,Personnes de 65 ans et plus,Provinces des Prairies,,10.9
2023,Hommes+,Provinces des Prairies,,11.3
2023,"Men+, under 18 years",Provinces des Prairies,,15.9
2023,"Men+, 18 to 64 years",Provinces des Prairies,,9.9
2023,"Men+, 65 years and over",Provinces des Prairies,,9.8
2023,Femmes+,Provinces des Prairies,,12.1
2023,"Women+, under 18 years",Provinces des Prairies,,14.7
2023,"Women+, 18 to 64 years",Provinces des Prairies,,11.2
2023,"Women+, 65 years and over",Provinces des Prairies,,11.9
2023,Toutes les personnes,Manitoba,46,14.1
2023,Personnes de moins de 18 ans,Manitoba,,18.2
2023,Personnes de 18 à 64 ans,Manitoba,,12.8
2023,Personnes de 65 ans et plus,Manitoba,,13.4
2023,Hommes+,Manitoba,,13.6
2023,"Men+, under 18 years",Manitoba,,18.8
2023,"Men+, 18 to 64 years",Manitoba,,12.2
2023,"Men+, 65 years and over",Manitoba,,11.7
2023,Femmes+,Manitoba,,14.6
2023,"Women+, under 18 years",Manitoba,,17.5
2023,"Women+, 18 to 64 years",Manitoba,,13.4
2023,"Women+, 65 years and over",Manitoba,,14.8
2023,Toutes les personnes,Saskatchewan,47,14.6
2023,Personnes de moins de 18 ans,Saskatchewan,,19.0
2023,Personnes de 18 à 64 ans,Saskatchewan,,13.0
2023,Personnes de 65 ans et plus,Saskatchewan,,14.4
2023,Hommes+,Saskatchewan,,13.7
2023,"Men+, under 18 years",Saskatchewan,,19.2
2023,"Men+, 18 to 64 years",Saskatchewan,,11.9
2023,"Men+, 65 years and over",Saskatchewan,,12.3
2023,Femmes+,Saskatchewan,,15.6
2023,"Women+, under 18 years",Saskatchewan,,18.8
2023,"Women+, 18 to 64 years",Saskatchewan,,14.1
2023,"Women+, 65 years and over",Saskatchewan,,16.3
2023,Toutes les personnes,Alberta,48,10.2
2023,Personnes de moins de 18 ans,Alberta,,13.5
2023,Personnes de 18 à 64 ans,Alberta,,9.4
2023,Personnes de 65 ans et plus,Alberta,,9.1
2023,Hommes+,Alberta,,10.0
2023,"Men+, under 18 years",Alberta,,14.2
2023,"Men+, 18 to 64 years",Alberta,,8.8
2023,"Men+, 65 years and over",Alberta,,8.5
2023,Femmes+,Alberta,,10.5
2023,"Women+, under 18 years",Alberta,,12.7
2023,"Women+, 18 to 64 years",Alberta,,10.0
2023,"Women+, 65 years and over",Alberta,,9.7
2023,Toutes les personnes,Colombie-Britannique,59,12.2
2023,Personnes de moins de 18 ans,Colombie-Britannique,,13.5
2023,Personnes de 18 à 64 ans,Colombie-Britannique,,10.8
2023,Personnes de 65 ans et plus,Colombie-Britannique,,15.8
2023,Hommes+,Colombie-Britannique,,11.5
2023,"Men+, under 18 years",Colombie-Britannique,,13.2
2023,"Men+, 18 to 64 years",Colombie-Britannique,,10.3
2023,"Men+, 65 years and over",Colombie-Britannique,,13.8
2023,Femmes+,Colombie-Britannique,,12.9
2023,"Women+, under 18 years",Colombie-Britannique,,13.8
2023,"Women+, 18 to 64 years",Colombie-Britannique,,11.2
2023,"Women+, 65 years and over",Colombie-Britannique,,17.5
2023,Toutes les personnes,Territoires,,11.6
2023,Personnes de moins de 18 ans,Territoires,,14.2
2023,Personnes de 18 à 64 ans,Territoires,,9.9
2023,Personnes de 65 ans et plus,Territoires,,15.6
2023,Hommes+,Territoires,,12.4
2023,"Men+, under 18 years",Territoires,,14.5
2023,"Men+, 18 to 64 years",Territoires,,10.5
2023,"Men+, 65 years and over",Territoires,,18.3
2023,Femmes+,Territoires,,10.8
2023,"Women+, under 18 years",Territoires,,13.9
2023,"Women+, 18 to 64 years",Territoires,,9.2
2023,"Women+, 65 years and over",Territoires,,12.7
2023,Toutes les personnes,Yukon,60,10.0
2023,Personnes de moins de 18 ans,Yukon,,
2023,Personnes de 18 à 64 ans,Yukon,,8.5
2023,Personnes de 65 ans et plus,Yukon,,15.5
2023,Hommes+,Yukon,,11.0
2023,"Men+, under 18 years",Yukon,,
2023,"Men+, 18 to 64 years",Yukon,,9.2
2023,"Men+, 65 years and over",Yukon,,15.1
2023,Femmes+,Yukon,,9.1
2023,"Women+, under 18 years",Yukon,,
2023,"Women+, 18 to 64 years",Yukon,,7.7
2023,"Women+, 65 years and over",Yukon,,16.0
2023,Toutes les personnes,Territoires du Nord-Ouest,61,6.8
2023,Personnes de moins de 18 ans,Territoires du Nord-Ouest,,
2023,Personnes de 18 à 64 ans,Territoires du Nord-Ouest,,5.4
2023,Personnes de 65 ans et plus,Territoires du Nord-Ouest,,15.9
2023,Hommes+,Territoires du Nord-Ouest,,8.3
2023,"Men+, under 18 years",Territoires du Nord-Ouest,,
2023,"Men+, 18 to 64 years",Territoires du Nord-Ouest,,
2023,"Men+, 65 years and over",Territoires du Nord-Ouest,,21.9
2023,Femmes+,Territoires du Nord-Ouest,,5.3
2023,"Women+, under 18 years",Territoires du Nord-Ouest,,
2023,"Women+, 18 to 64 years",Territoires du Nord-Ouest,,
2023,"Women+, 65 years and over",Territoires du Nord-Ouest,,
2023,Toutes les personnes,Nunavut,62,18.6
2023,Personnes de moins de 18 ans,Nunavut,,20.9
2023,Personnes de 18 à 64 ans,Nunavut,,17.4
2023,Personnes de 65 ans et plus,Nunavut,,15.1
2023,Hommes+,Nunavut,,18.5
2023,"Men+, under 18 years",Nunavut,,20.1
2023,"Men+, 18 to 64 years",Nunavut,,17.3
2023,"Men+, 65 years and over",Nunavut,,
2023,Femmes+,Nunavut,,18.7
2023,"Women+, under 18 years",Nunavut,,21.7
2023,"Women+, 18 to 64 years",Nunavut,,17.4
2023,"Women+, 65 years and over",Nunavut,,
2023,Toutes les personnes,"Québec, Québec",,7.5
2023,Personnes de moins de 18 ans,"Québec, Québec",,3.5
2023,Personnes de 18 à 64 ans,"Québec, Québec",,7.3
2023,Personnes de 65 ans et plus,"Québec, Québec",,11.9
2023,Hommes+,"Québec, Québec",,6.5
2023,"Men+, under 18 years","Québec, Québec",,2.2
2023,"Men+, 18 to 64 years","Québec, Québec",,7.2
2023,"Men+, 65 years and over","Québec, Québec",,9.2
2023,Femmes+,"Québec, Québec",,8.4
2023,"Women+, under 18 years","Québec, Québec",,4.8
2023,"Women+, 18 to 64 years","Québec, Québec",,7.5
2023,"Women+, 65 years and over","Québec, Québec",,14.0
2023,Toutes les personnes,"Montréal, Québec",,11.7
2023,Personnes de moins de 18 ans,"Montréal, Québec",,10.2
2023,Personnes de 18 à 64 ans,"Montréal, Québec",,10.9
2023,Personnes de 65 ans et plus,"Montréal, Québec",,15.9
2023,Hommes+,"Montréal, Québec",,11.3
2023,"Men+, under 18 years","Montréal, Québec",,10.1
2023,"Men+, 18 to 64 years","Montréal, Québec",,11.0
2023,"Men+, 65 years and over","Montréal, Québec",,14.0
2023,Femmes+,"Montréal, Québec",,12.1
2023,"Women+, under 18 years","Montréal, Québec",,10.4
2023,"Women+, 18 to 64 years","Montréal, Québec",,10.9
2023,"Women+, 65 years and over","Montréal, Québec",,17.5
2023,Toutes les personnes,"Ottawa-Gatineau, Ontario/Québec",,8.8
2023,Personnes de moins de 18 ans,"Ottawa-Gatineau, Ontario/Québec",,8.6
2023,Personnes de 18 à 64 ans,"Ottawa-Gatineau, Ontario/Québec",,8.8
2023,Personnes de 65 ans et plus,"Ottawa-Gatineau, Ontario/Québec",,9.1
2023,Hommes+,"Ottawa-Gatineau, Ontario/Québec",,9.1
2023,"Men+, under 18 years","Ottawa-Gatineau, Ontario/Québec",,9.5
2023,"Men+, 18 to 64 years","Ottawa-Gatineau, Ontario/Québec",,8.8
2023,"Men+, 65 years and over","Ottawa-Gatineau, Ontario/Québec",,9.6
2023,Femmes+,"Ottawa-Gatineau, Ontario/Québec",,8.6
2023,"Women+, under 18 years","Ottawa-Gatineau, Ontario/Québec",,7.6
2023,"Women+, 18 to 64 years","Ottawa-Gatineau, Ontario/Québec",,8.8
2023,"Women+, 65 years and over","Ottawa-Gatineau, Ontario/Québec",,8.7
2023,Toutes les personnes,"Toronto, Ontario",,12.6
2023,Personnes de moins de 18 ans,"Toronto, Ontario",,15.7
2023,Personnes de 18 à 64 ans,"Toronto, Ontario",,11.8
2023,Personnes de 65 ans et plus,"Toronto, Ontario",,12.3
2023,Hommes+,"Toronto, Ontario",,12.3
2023,"Men+, under 18 years","Toronto, Ontario",,16.0
2023,"Men+, 18 to 64 years","Toronto, Ontario",,11.6
2023,"Men+, 65 years and over","Toronto, Ontario",,11.0
2023,Femmes+,"Toronto, Ontario",,12.8
2023,"Women+, under 18 years","Toronto, Ontario",,15.4
2023,"Women+, 18 to 64 years","Toronto, Ontario",,12.0
2023,"Women+, 65 years and over","Toronto, Ontario",,13.5
2023,Toutes les personnes,"Winnipeg, Manitoba",,12.1
2023,Personnes de moins de 18 ans,"Winnipeg, Manitoba",,14.9
2023,Personnes de 18 à 64 ans,"Winnipeg, Manitoba",,11.4
2023,Personnes de 65 ans et plus,"Winnipeg, Manitoba",,11.2
2023,Hommes+,"Winnipeg, Manitoba",,11.7
2023,"Men+, under 18 years","Winnipeg, Manitoba",,14.9
2023,"Men+, 18 to 64 years","Winnipeg, Manitoba",,11.3
2023,"Men+, 65 years and over","Winnipeg, Manitoba",,9.6
2023,Femmes+,"Winnipeg, Manitoba",,12.4
2023,"Women+, under 18 years","Winnipeg, Manitoba",,15.0
2023,"Women+, 18 to 64 years","Winnipeg, Manitoba",,11.6
2023,"Women+, 65 years and over","Winnipeg, Manitoba",,12.4
2023,Toutes les personnes,"Calgary, Alberta",,10.1
2023,Personnes de moins de 18 ans,"Calgary, Alberta",,15.0
2023,Personnes de 18 à 64 ans,"Calgary, Alberta",,8.7
2023,Personnes de 65 ans et plus,"Calgary, Alberta",,9.1
2023,Hommes+,"Calgary, Alberta",,9.6
2023,"Men+, under 18 years","Calgary, Alberta",,15.0
2023,"Men+, 18 to 64 years","Calgary, Alberta",,8.1
2023,"Men+, 65 years and over","Calgary, Alberta",,8.0
2023,Femmes+,"Calgary, Alberta",,10.6
2023,"Women+, under 18 years","Calgary, Alberta",,15.1
2023,"Women+, 18 to 64 years","Calgary, Alberta",,9.3
2023,"Women+, 65 years and over","Calgary, Alberta",,10.1
2023,Toutes les personnes,"Edmonton, Alberta",,11.0
2023,Personnes de moins de 18 ans,"Edmonton, Alberta",,14.1
2023,Personnes de 18 à 64 ans,"Edmonton, Alberta",,11.0
2023,Personnes de 65 ans et plus,"Edmonton, Alberta",,7.2
2023,Hommes+,"Edmonton, Alberta",,11.0
2023,"Men+, under 18 years","Edmonton, Alberta",,16.0
2023,"Men+, 18 to 64 years","Edmonton, Alberta",,10.2
2023,"Men+, 65 years and over","Edmonton, Alberta",,6.9
2023,Femmes+,"Edmonton, Alberta",,11.0
2023,"Women+, under 18 years","Edmonton, Alberta",,12.0
2023,"Women+, 18 to 64 years","Edmonton, Alberta",,11.7
2023,"Women+, 65 years and over","Edmonton, Alberta",,7.4
2023,Toutes les personnes,"Vancouver, Colombie-Britannique",,12.7
2023,Personnes de moins de 18 ans,"Vancouver, Colombie-Britannique",,16.0
2023,Personnes de 18 à 64 ans,"Vancouver, Colombie-Britannique",,11.0
2023,Personnes de 65 ans et plus,"Vancouver, Colombie-Britannique",,16.3
2023,Hommes+,"Vancouver, Colombie-Britannique",,11.7
2023,"Men+, under 18 years","Vancouver, Colombie-Britannique",,15.2
2023,"Men+, 18 to 64 years","Vancouver, Colombie-Britannique",,10.3
2023,"Men+, 65 years and over","Vancouver, Colombie-Britannique",,13.8
2023,Femmes+,"Vancouver, Colombie-Britannique",,13.7
2023,"Women+, under 18 years","Vancouver, Colombie-Britannique",,16.8
2023,"Women+, 18 to 64 years","Vancouver, Colombie-Britannique",,11.6
2023,"Women+, 65 years and over","Vancouver, Colombie-Britannique",,18.3
2024,Personnes de moins de 18 ans,Canada,,13.2
2024,Personnes de 18 à 64 ans,Canada,,11.7
2024,Personnes de 65 ans et plus,Canada,,14.4
2024,Hommes+,Canada,,12.0
2024,"Men+, under 18 years",Canada,,13.1
2024,"Men+, 18 to 64 years",Canada,,11.4
2024,"Men+, 65 years and over",Canada,,12.7
2024,Femmes+,Canada,,13.1
2024,"Women+, under 18 years",Canada,,13.2
2024,"Women+, 18 to 64 years",Canada,,12.1
2024,"Women+, 65 years and over",Canada,,16.0
2024,Toutes les personnes,Provinces de l'Atlantique,,15.6
2024,Personnes de moins de 18 ans,Provinces de l'Atlantique,,15.7
2024,Personnes de 18 à 64 ans,Provinces de l'Atlantique,,13.3
2024,Personnes de 65 ans et plus,Provinces de l'Atlantique,,21.6
2024,Hommes+,Provinces de l'Atlantique,,14.6
2024,"Men+, under 18 years",Provinces de l'Atlantique,,16.0
2024,"Men+, 18 to 64 years",Provinces de l'Atlantique,,12.5
2024,"Men+, 65 years and over",Provinces de l'Atlantique,,19.0
2024,Femmes+,Provinces de l'Atlantique,,16.6
2024,"Women+, under 18 years",Provinces de l'Atlantique,,15.4
2024,"Women+, 18 to 64 years",Provinces de l'Atlantique,,14.1
2024,"Women+, 65 years and over",Provinces de l'Atlantique,,23.9
2024,Toutes les personnes,Terre-Neuve-et-Labrador,10,15.1
2024,Personnes de moins de 18 ans,Terre-Neuve-et-Labrador,,13.2
2024,Personnes de 18 à 64 ans,Terre-Neuve-et-Labrador,,12.6
2024,Personnes de 65 ans et plus,Terre-Neuve-et-Labrador,,22.4
2024,Hommes+,Terre-Neuve-et-Labrador,,14.0
2024,"Men+, under 18 years",Terre-Neuve-et-Labrador,,14.7
2024,"Men+, 18 to 64 years",Terre-Neuve-et-Labrador,,11.8
2024,"Men+, 65 years and over",Terre-Neuve-et-Labrador,,18.9
2024,Femmes+,Terre-Neuve-et-Labrador,,16.3
2024,"Women+, under 18 years",Terre-Neuve-et-Labrador,,11.6
2024,"Women+, 18 to 64 years",Terre-Neuve-et-Labrador,,13.4
2024,"Women+, 65 years and over",Terre-Neuve-et-Labrador,,25.5
2024,Toutes les personnes,Île-du-Prince-Édouard,11,14.7
2024,Personnes de moins de 18 ans,Île-du-Prince-Édouard,,17.3
2024,Personnes de 18 à 64 ans,Île-du-Prince-Édouard,,12.4
2024,Personnes de 65 ans et plus,Île-du-Prince-Édouard,,19.3
2024,Hommes+,Île-du-Prince-Édouard,,13.2
2024,"Men+, under 18 years",Île-du-Prince-Édouard,,15.7
2024,"Men+, 18 to 64 years",Île-du-Prince-Édouard,,11.3
2024,"Men+, 65 years and over",Île-du-Prince-Édouard,,16.6
2024,Femmes+,Île-du-Prince-Édouard,,16.3
2024,"Women+, under 18 years",Île-du-Prince-Édouard,,19.0
2024,"Women+, 18 to 64 years",Île-du-Prince-Édouard,,13.5
2024,"Women+, 65 years and over",Île-du-Prince-Édouard,,21.7
2024,Toutes les personnes,Nouvelle-Écosse,12,16.0
2024,Personnes de moins de 18 ans,Nouvelle-Écosse,,17.1
2024,Personnes de 18 à 64 ans,Nouvelle-Écosse,,13.8
2024,Personnes de 65 ans et plus,Nouvelle-Écosse,,21.1
2024,Hommes+,Nouvelle-Écosse,,14.6
2024,"Men+, under 18 years",Nouvelle-Écosse,,16.5
2024,"Men+, 18 to 64 years",Nouvelle-Écosse,,12.7
2024,"Men+, 65 years and over",Nouvelle-Écosse,,18.5
2024,Femmes+,Nouvelle-Écosse,,17.3
2024,"Women+, under 18 years",Nouvelle-Écosse,,17.7
2024,"Women+, 18 to 64 years",Nouvelle-Écosse,,14.9
2024,"Women+, 65 years and over",Nouvelle-Écosse,,23.3
2024,Toutes les personnes,Nouveau-Brunswick,13,15.6
2024,Personnes de moins de 18 ans,Nouveau-Brunswick,,15.2
2024,Personnes de 18 à 64 ans,Nouveau-Brunswick,,13.2
2024,Personnes de 65 ans et plus,Nouveau-Brunswick,,22.2
2024,Hommes+,Nouveau-Brunswick,,15.1
2024,"Men+, under 18 years",Nouveau-Brunswick,,16.2
2024,"Men+, 18 to 64 years",Nouveau-Brunswick,,13.0
2024,"Men+, 65 years and over",Nouveau-Brunswick,,20.1
2024,Femmes+,Nouveau-Brunswick,,16.1
2024,"Women+, under 18 years",Nouveau-Brunswick,,14.1
2024,"Women+, 18 to 64 years",Nouveau-Brunswick,,13.5
2024,"Women+, 65 years and over",Nouveau-Brunswick,,24.0
2024,Toutes les personnes,Québec,24,11.6
2024,Personnes de moins de 18 ans,Québec,,9.4
2024,Personnes de 18 à 64 ans,Québec,,10.7
2024,Personnes de 65 ans et plus,Québec,,16.3
2024,Hommes+,Québec,,11.3
2024,"Men+, under 18 years",Québec,,10.0
2024,"Men+, 18 to 64 years",Québec,,10.9
2024,"Men+, 65 years and over",Québec,,13.8
2024,Femmes+,Québec,,12.0
2024,"Women+, under 18 years",Québec,,8.8
2024,"Women+, 18 to 64 years",Québec,,10.5
2024,"Women+, 65 years and over",Québec,,18.5
2024,Toutes les personnes,Ontario,35,12.7
2024,Personnes de moins de 18 ans,Ontario,,14.0
2024,Personnes de 18 à 64 ans,Ontario,,12.2
2024,Personnes de 65 ans et plus,Ontario,,12.9
2024,Hommes+,Ontario,,12.1
2024,"Men+, under 18 years",Ontario,,13.9
2024,"Men+, 18 to 64 years",Ontario,,11.7
2024,"Men+, 65 years and over",Ontario,,11.4
2024,Femmes+,Ontario,,13.2
2024,"Women+, under 18 years",Ontario,,14.0
2024,"Women+, 18 to 64 years",Ontario,,12.7
2024,"Women+, 65 years and over",Ontario,,14.1
2024,Toutes les personnes,Provinces des Prairies,,12.5
2024,Personnes de moins de 18 ans,Provinces des Prairies,,15.8
2024,Personnes de 18 à 64 ans,Provinces des Prairies,,11.6
2024,Personnes de 65 ans et plus,Provinces des Prairies,,11.6
2024,Hommes+,Provinces des Prairies,,11.9
2024,"Men+, under 18 years",Provinces des Prairies,,15.4
2024,"Men+, 18 to 64 years",Provinces des Prairies,,11.2
2024,"Men+, 65 years and over",Provinces des Prairies,,10.0
2024,Femmes+,Provinces des Prairies,,13.1
2024,"Women+, under 18 years",Provinces des Prairies,,16.3
2024,"Women+, 18 to 64 years",Provinces des Prairies,,12.1
2024,"Women+, 65 years and over",Provinces des Prairies,,13.0
2024,Toutes les personnes,Manitoba,46,15.3
2024,Personnes de moins de 18 ans,Manitoba,,20.3
2024,Personnes de 18 à 64 ans,Manitoba,,13.8
2024,Personnes de 65 ans et plus,Manitoba,,14.6
2024,Hommes+,Manitoba,,14.2
2024,"Men+, under 18 years",Manitoba,,18.7
2024,"Men+, 18 to 64 years",Manitoba,,13.0
2024,"Men+, 65 years and over",Manitoba,,12.9
2024,Femmes+,Manitoba,,16.5
2024,"Women+, under 18 years",Manitoba,,21.9
2024,"Women+, 18 to 64 years",Manitoba,,14.7
2024,"Women+, 65 years and over",Manitoba,,16.1
2024,Toutes les personnes,Saskatchewan,47,14.3
2024,Personnes de moins de 18 ans,Saskatchewan,,18.4
2024,Personnes de 18 à 64 ans,Saskatchewan,,12.6
2024,Personnes de 65 ans et plus,Saskatchewan,,14.9
2024,Hommes+,Saskatchewan,,13.9
2024,"Men+, under 18 years",Saskatchewan,,18.6
2024,"Men+, 18 to 64 years",Saskatchewan,,12.3
2024,"Men+, 65 years and over",Saskatchewan,,13.2
2024,Femmes+,Saskatchewan,,14.8
2024,"Women+, under 18 years",Saskatchewan,,18.3
2024,"Women+, 18 to 64 years",Saskatchewan,,12.9
2024,"Women+, 65 years and over",Saskatchewan,,16.5
2024,Toutes les personnes,Alberta,48,11.3
2024,Personnes de moins de 18 ans,Alberta,,13.9
2024,Personnes de 18 à 64 ans,Alberta,,10.8
2024,Personnes de 65 ans et plus,Alberta,,9.7
2024,Hommes+,Alberta,,10.8
2024,"Men+, under 18 years",Alberta,,13.7
2024,"Men+, 18 to 64 years",Alberta,,10.4
2024,"Men+, 65 years and over",Alberta,,8.2
2024,Femmes+,Alberta,,11.8
2024,"Women+, under 18 years",Alberta,,14.1
2024,"Women+, 18 to 64 years",Alberta,,11.1
2024,"Women+, 65 years and over",Alberta,,11.0
2024,Toutes les personnes,Colombie-Britannique,59,12.1
2024,Personnes de moins de 18 ans,Colombie-Britannique,,11.6
2024,Personnes de 18 à 64 ans,Colombie-Britannique,,11.4
2024,Personnes de 65 ans et plus,Colombie-Britannique,,14.7
2024,Hommes+,Colombie-Britannique,,11.5
2024,"Men+, under 18 years",Colombie-Britannique,,11.0
2024,"Men+, 18 to 64 years",Colombie-Britannique,,11.1
2024,"Men+, 65 years and over",Colombie-Britannique,,13.3
2024,Femmes+,Colombie-Britannique,,12.7
2024,"Women+, under 18 years",Colombie-Britannique,,12.3
2024,"Women+, 18 to 64 years",Colombie-Britannique,,11.8
2024,"Women+, 65 years and over",Colombie-Britannique,,16.0
2024,Toutes les personnes,Territoires,,10.1
2024,Personnes de moins de 18 ans,Territoires,,14.2
2024,Personnes de 18 à 64 ans,Territoires,,8.1
2024,Personnes de 65 ans et plus,Territoires,,12.2
2024,Hommes+,Territoires,,10.3
2024,"Men+, under 18 years",Territoires,,13.4
2024,"Men+, 18 to 64 years",Territoires,,8.6
2024,"Men+, 65 years and over",Territoires,,13.2
2024,Femmes+,Territoires,,9.8
2024,"Women+, under 18 years",Territoires,,15.1
2024,"Women+, 18 to 64 years",Territoires,,7.6
2024,"Women+, 65 years and over",Territoires,,11.1
2024,Toutes les personnes,Yukon,60,8.3
2024,Personnes de moins de 18 ans,Yukon,,7.6
2024,Personnes de 18 à 64 ans,Yukon,,7.3
2024,Personnes de 65 ans et plus,Yukon,,14.0
2024,Hommes+,Yukon,,8.5
2024,"Men+, under 18 years",Yukon,,
2024,"Men+, 18 to 64 years",Yukon,,8.4
2024,"Men+, 65 years and over",Yukon,,16.0
2024,Femmes+,Yukon,,8.1
2024,"Women+, under 18 years",Yukon,,12.3
2024,"Women+, 18 to 64 years",Yukon,,6.3
2024,"Women+, 65 years and over",Yukon,,11.8
2024,Toutes les personnes,Territoires du Nord-Ouest,61,7.2
2024,Personnes de moins de 18 ans,Territoires du Nord-Ouest,,
2024,Personnes de 18 à 64 ans,Territoires du Nord-Ouest,,6.2
2024,Personnes de 65 ans et plus,Territoires du Nord-Ouest,,
2024,Hommes+,Territoires du Nord-Ouest,,7.5
2024,"Men+, under 18 years",Territoires du Nord-Ouest,,
2024,"Men+, 18 to 64 years",Territoires du Nord-Ouest,,6.7
2024,"Men+, 65 years and over",Territoires du Nord-Ouest,,
2024,Femmes+,Territoires du Nord-Ouest,,6.9
2024,"Women+, under 18 years",Territoires du Nord-Ouest,,
2024,"Women+, 18 to 64 years",Territoires du Nord-Ouest,,5.6
2024,"Women+, 65 years and over",Territoires du Nord-Ouest,,
2024,Toutes les personnes,Nunavut,62,15.2
2024,Personnes de moins de 18 ans,Nunavut,,22.0
2024,Personnes de 18 à 64 ans,Nunavut,,11.6
2024,Personnes de 65 ans et plus,Nunavut,,
2024,Hommes+,Nunavut,,15.4
2024,"Men+, under 18 years",Nunavut,,
2024,"Men+, 18 to 64 years",Nunavut,,11.3
2024,"Men+, 65 years and over",Nunavut,,
2024,Femmes+,Nunavut,,15.0
2024,"Women+, under 18 years",Nunavut,,21.7
2024,"Women+, 18 to 64 years",Nunavut,,11.9
2024,"Women+, 65 years and over",Nunavut,,
2024,Toutes les personnes,"Québec, Québec",,9.6
2024,Personnes de moins de 18 ans,"Québec, Québec",,6.9
2024,Personnes de 18 à 64 ans,"Québec, Québec",,8.9
2024,Personnes de 65 ans et plus,"Québec, Québec",,13.6
2024,Hommes+,"Québec, Québec",,8.7
2024,"Men+, under 18 years","Québec, Québec",,7.6
2024,"Men+, 18 to 64 years","Québec, Québec",,8.3
2024,"Men+, 65 years and over","Québec, Québec",,10.6
2024,Femmes+,"Québec, Québec",,10.6
2024,"Women+, under 18 years","Québec, Québec",,6.3
2024,"Women+, 18 to 64 years","Québec, Québec",,9.5
2024,"Women+, 65 years and over","Québec, Québec",,16.3
2024,Toutes les personnes,"Montréal, Québec",,11.8
2024,Personnes de moins de 18 ans,"Montréal, Québec",,9.7
2024,Personnes de 18 à 64 ans,"Montréal, Québec",,11.3
2024,Personnes de 65 ans et plus,"Montréal, Québec",,15.5
2024,Hommes+,"Montréal, Québec",,11.6
2024,"Men+, under 18 years","Montréal, Québec",,9.9
2024,"Men+, 18 to 64 years","Montréal, Québec",,11.8
2024,"Men+, 65 years and over","Montréal, Québec",,13.1
2024,Femmes+,"Montréal, Québec",,11.9
2024,"Women+, under 18 years","Montréal, Québec",,9.6
2024,"Women+, 18 to 64 years","Montréal, Québec",,10.8
2024,"Women+, 65 years and over","Montréal, Québec",,17.6
2024,Toutes les personnes,"Ottawa-Gatineau, Ontario/Québec",,10.6
2024,Personnes de moins de 18 ans,"Ottawa-Gatineau, Ontario/Québec",,8.4
2024,Personnes de 18 à 64 ans,"Ottawa-Gatineau, Ontario/Québec",,11.3
2024,Personnes de 65 ans et plus,"Ottawa-Gatineau, Ontario/Québec",,10.3
2024,Hommes+,"Ottawa-Gatineau, Ontario/Québec",,10.6
2024,"Men+, under 18 years","Ottawa-Gatineau, Ontario/Québec",,9.5
2024,"Men+, 18 to 64 years","Ottawa-Gatineau, Ontario/Québec",,11.3
2024,"Men+, 65 years and over","Ottawa-Gatineau, Ontario/Québec",,9.5
2024,Femmes+,"Ottawa-Gatineau, Ontario/Québec",,10.5
2024,"Women+, under 18 years","Ottawa-Gatineau, Ontario/Québec",,7.2
2024,"Women+, 18 to 64 years","Ottawa-Gatineau, Ontario/Québec",,11.4
2024,"Women+, 65 years and over","Ottawa-Gatineau, Ontario/Québec",,11.0
2024,Toutes les personnes,"Toronto, Ontario",,13.4
2024,Personnes de moins de 18 ans,"Toronto, Ontario",,16.1
2024,Personnes de 18 à 64 ans,"Toronto, Ontario",,12.5
2024,Personnes de 65 ans et plus,"Toronto, Ontario",,14.0
2024,Hommes+,"Toronto, Ontario",,13.1
2024,"Men+, under 18 years","Toronto, Ontario",,16.6
2024,"Men+, 18 to 64 years","Toronto, Ontario",,12.1
2024,"Men+, 65 years and over","Toronto, Ontario",,12.9
2024,Femmes+,"Toronto, Ontario",,13.7
2024,"Women+, under 18 years","Toronto, Ontario",,15.5
2024,"Women+, 18 to 64 years","Toronto, Ontario",,12.9
2024,"Women+, 65 years and over","Toronto, Ontario",,14.9
2024,Toutes les personnes,"Winnipeg, Manitoba",,14.2
2024,Personnes de moins de 18 ans,"Winnipeg, Manitoba",,18.6
2024,Personnes de 18 à 64 ans,"Winnipeg, Manitoba",,13.2
2024,Personnes de 65 ans et plus,"Winnipeg, Manitoba",,13.1
2024,Hommes+,"Winnipeg, Manitoba",,13.0
2024,"Men+, under 18 years","Winnipeg, Manitoba",,16.4
2024,"Men+, 18 to 64 years","Winnipeg, Manitoba",,12.2
2024,"Men+, 65 years and over","Winnipeg, Manitoba",,12.0
2024,Femmes+,"Winnipeg, Manitoba",,15.5
2024,"Women+, under 18 years","Winnipeg, Manitoba",,20.9
2024,"Women+, 18 to 64 years","Winnipeg, Manitoba",,14.4
2024,"Women+, 65 years and over","Winnipeg, Manitoba",,14.0
2024,Toutes les personnes,"Calgary, Alberta",,10.8
2024,Personnes de moins de 18 ans,"Calgary, Alberta",,12.6
2024,Personnes de 18 à 64 ans,"Calgary, Alberta",,10.8
2024,Personnes de 65 ans et plus,"Calgary, Alberta",,8.7
2024,Hommes+,"Calgary, Alberta",,11.1
2024,"Men+, under 18 years","Calgary, Alberta",,13.5
2024,"Men+, 18 to 64 years","Calgary, Alberta",,11.2
2024,"Men+, 65 years and over","Calgary, Alberta",,7.7
2024,Femmes+,"Calgary, Alberta",,10.6
2024,"Women+, under 18 years","Calgary, Alberta",,11.7
2024,"Women+, 18 to 64 years","Calgary, Alberta",,10.4
2024,"Women+, 65 years and over","Calgary, Alberta",,9.6
2024,Toutes les personnes,"Edmonton, Alberta",,11.9
2024,Personnes de moins de 18 ans,"Edmonton, Alberta",,16.5
2024,Personnes de 18 à 64 ans,"Edmonton, Alberta",,11.1
2024,Personnes de 65 ans et plus,"Edmonton, Alberta",,9.2
2024,Hommes+,"Edmonton, Alberta",,10.8
2024,"Men+, under 18 years","Edmonton, Alberta",,15.4
2024,"Men+, 18 to 64 years","Edmonton, Alberta",,10.1
2024,"Men+, 65 years and over","Edmonton, Alberta",,6.9
2024,Femmes+,"Edmonton, Alberta",,13.1
2024,"Women+, under 18 years","Edmonton, Alberta",,17.6
2024,"Women+, 18 to 64 years","Edmonton, Alberta",,12.1
2024,"Women+, 65 years and over","Edmonton, Alberta",,11.3
2024,Toutes les personnes,"Vancouver, Colombie-Britannique",,11.6
2024,Personnes de moins de 18 ans,"Vancouver, Colombie-Britannique",,10.6
2024,Personnes de 18 à 64 ans,"Vancouver, Colombie-Britannique",,11.2
2024,Personnes de 65 ans et plus,"Vancouver, Colombie-Britannique",,14.1
2024,Hommes+,"Vancouver, Colombie-Britannique",,11.0
2024,"Men+, under 18 years","Vancouver, Colombie-Britannique",,9.9
2024,"Men+, 18 to 64 years","Vancouver, Colombie-Britannique",,10.8
2024,"Men+, 65 years and over","Vancouver, Colombie-Britannique",,13.0
2024,Femmes+,"Vancouver, Colombie-Britannique",,12.1
2024,"Women+, under 18 years","Vancouver, Colombie-Britannique",,11.2
2024,"Women+, 18 to 64 years","Vancouver, Colombie-Britannique",,11.5
2024,"Women+, 65 years and over","Vancouver, Colombie-Britannique",,15.1
