{"Year":[2011,2012,2013,2014,2015,2016,2017,2018,2019,2020,2021,2022,2023,2023,2023,2023,2023,2023,2023,2023,2023,2022,2022,2022,2022,2022,2022,2022,2022,2021,2021,2021,2021,2021,2021,2021,2021,2020,2020,2020,2020,2020,2020,2020,2020],"Groupe de stocks":[null,null,null,null,null,null,null,null,null,null,null,null,null,"Mammif\u00e8res marins","Poissons de fond","Petits poissons p\u00e9lagiques","Grands poissons p\u00e9lagiques","Salmonid\u00e9s","Crustac\u00e9s","Mollusques","Autres","Mammif\u00e8res marins","Poissons de fond","Petits poissons p\u00e9lagiques","Grands poissons p\u00e9lagiques","Salmonid\u00e9s","Crustac\u00e9s","Mollusques","Autres","Mammif\u00e8res marins","Poissons de fond","Petits poissons p\u00e9lagiques","Grands poissons p\u00e9lagiques","Salmonid\u00e9s","Crustac\u00e9s","Mollusques","Autres","Mammif\u00e8res marins","Poissons de fond","Petits poissons p\u00e9lagiques","Grands poissons p\u00e9lagiques","Salmonid\u00e9s","Crustac\u00e9s","Mollusques","Autres"],"Value":[89.6774193548,95.4838709677,97.4193548387,98.7012987013,95.5974842767,95.8823529412,95.530726257,96.0451977401,94.3181818182,98.3333333333,95.3125,96.9230769231,97.4874371859,94.1176470588,100.0,95.8333333333,100.0,96.0,98.2142857143,100.0,83.3333333333,94.1176470588,100.0,100.0,100.0,96.0,92.3076923077,100.0,100.0,94.1176470588,100.0,95.0,100.0,91.6666666667,92.3076923077,94.4444444444,100.0,94.1176470588,100.0,100.0,100.0,95.4545454545,97.6744186047,100.0,100.0]}