{"Year":[2015,2016,2017,2018,2019,2020,2021,2022,2023],"Value":[0.571472,1.837368,0.031489,0.652555,1.969301,4.048177,5.914369,6.113084,35.680816]}