{"Year":[2015,2016,2017,2018,2019,2020,2021,2022,2015,2015,2016,2016,2017,2017,2018,2018,2019,2019,2020,2020,2021,2021,2022,2022],"Type d'aide":[null,null,null,null,null,null,null,null,"Sant\u00e9 de base","Recherche m\u00e9dicale","Sant\u00e9 de base","Recherche m\u00e9dicale","Sant\u00e9 de base","Recherche m\u00e9dicale","Sant\u00e9 de base","Recherche m\u00e9dicale","Sant\u00e9 de base","Recherche m\u00e9dicale","Sant\u00e9 de base","Recherche m\u00e9dicale","Sant\u00e9 de base","Recherche m\u00e9dicale","Sant\u00e9 de base","Recherche m\u00e9dicale"],"Value":[386.196408,416.350733,392.869885,354.693852,271.841027,357.764228,1227.49141,946.58531,346.8528,39.343608,385.525637,30.825096,385.967402,6.902483,345.321562,9.37229,264.087567,7.75346,350.288443,7.475785,1222.226721,5.264689,942.605397,3.979913]}