{"Year":[2015,2016,2017,2018,2019,2020,2021,2022],"Value":[9.268409,16.682143,13.74045,15.167648,18.901755,9.376699,8.272352,11.420495]}