{"Year":[2000,2000,2000,2000,2001,2001,2001,2001,2002,2002,2002,2002,2003,2003,2003,2003,2004,2004,2004,2004,2005,2005,2005,2005,2006,2006,2006,2006,2007,2007,2007,2007,2008,2008,2008,2008,2009,2009,2009,2009,2010,2010,2010,2010,2011,2011,2011,2011,2012,2012,2012,2012,2013,2013,2013,2013,2014,2014,2014,2014,2015,2015,2015,2015,2016,2016,2016,2016,2017,2017,2017,2017,2018,2018,2018,2018,2019,2019,2019,2019,2020,2020,2020,2020,2021,2021,2021,2021],"Activit\u00e9 \u00e9conomique":[null,"Agriculture, sylviculture et p\u00eache","Industrie","Services",null,"Agriculture, sylviculture et p\u00eache","Industrie","Services",null,"Agriculture, sylviculture et p\u00eache","Industrie","Services",null,"Agriculture, sylviculture et p\u00eache","Industrie","Services",null,"Agriculture, sylviculture et p\u00eache","Industrie","Services",null,"Agriculture, sylviculture et p\u00eache","Industrie","Services",null,"Agriculture, sylviculture et p\u00eache","Industrie","Services",null,"Agriculture, sylviculture et p\u00eache","Industrie","Services",null,"Agriculture, sylviculture et p\u00eache","Industrie","Services",null,"Agriculture, sylviculture et p\u00eache","Industrie","Services",null,"Agriculture, sylviculture et p\u00eache","Industrie","Services",null,"Agriculture, sylviculture et p\u00eache","Industrie","Services",null,"Agriculture, sylviculture et p\u00eache","Industrie","Services",null,"Agriculture, sylviculture et p\u00eache","Industrie","Services",null,"Agriculture, sylviculture et p\u00eache","Industrie","Services",null,"Agriculture, sylviculture et p\u00eache","Industrie","Services",null,"Agriculture, sylviculture et p\u00eache","Industrie","Services",null,"Agriculture, sylviculture et p\u00eache","Industrie","Services",null,"Agriculture, sylviculture et p\u00eache","Industrie","Services",null,"Agriculture, sylviculture et p\u00eache","Industrie","Services",null,"Agriculture, sylviculture et p\u00eache","Industrie","Services",null,"Agriculture, sylviculture et p\u00eache","Industrie","Services"],"Value":[4.313699092,0.367717959,3.35904397,0.586937163,4.305331898,0.348845442,3.366816928,0.589669527,4.296964704,0.330142295,3.374456619,0.592365789,4.28859751,0.311607137,3.381964131,0.595026242,4.280230316,0.2932386,3.389340537,0.597651179,4.271863121,0.275035335,3.396586901,0.600240885,4.263495927,0.256996005,3.403704275,0.602795648,4.255128733,0.239119287,3.410693699,0.605315748,4.125365603,0.231827176,3.306682206,0.58685622,3.995602472,0.224535066,3.202670713,0.568396692,3.830962925,0.448431522,2.88001634,0.502515063,3.666323378,0.403144907,2.785777384,0.477401087,3.752832132,0.38279653,2.872204059,0.497831543,3.839340886,0.359318914,2.960799435,0.519222537,3.759526262,0.318003337,2.919274387,0.522248538,3.679711638,0.276187685,2.878045223,0.52547873,3.706642637,0.33680651,2.855397483,0.514438644,3.733573635,0.397425335,2.832749743,0.503398558,3.733573635,0.406817841,2.81261985,0.514135945,3.733573635,0.416665047,2.791515451,0.525393138,3.733573635,0.426861632,2.768461498,0.538250505,3.733573635,0.426861632,2.768461498,0.538250505]}