{"Year":[2015,2016,2017,2018,2019,2020,2021],"Value":[5.68299117,5.49269257,5.43992103,5.44079272,5.32628425,5.09259926,4.95257607]}