{"Year":[2015,2016,2017,2018,2018,2019,2019,2020,2020,2021,2021,2022,2022,2015,2016,2017,2018,2019,2020,2021,2022],"Mesure":["Aide publique au d\u00e9veloppement","Aide publique au d\u00e9veloppement","Aide publique au d\u00e9veloppement","Aide publique au d\u00e9veloppement","Autres apports du secteur public (autre que cr\u00e9dits \u00e0 l'exportation)","Aide publique au d\u00e9veloppement","Autres apports du secteur public (autre que cr\u00e9dits \u00e0 l'exportation)","Aide publique au d\u00e9veloppement","Autres apports du secteur public (autre que cr\u00e9dits \u00e0 l'exportation)","Aide publique au d\u00e9veloppement","Autres apports du secteur public (autre que cr\u00e9dits \u00e0 l'exportation)","Aide publique au d\u00e9veloppement","Autres apports du secteur public (autre que cr\u00e9dits \u00e0 l'exportation)",null,null,null,null,null,null,null,null],"Value":[125.1631,119.599028,264.940055,361.891129,14.093659,191.003932,38.595686,326.196125,35.269099,452.609545,83.090315,391.835624,136.978518,125.1631,119.599028,264.940055,375.984788,229.599618,361.465224,535.69986,528.814142]}