{"data":{"Year":[2015,2015,2016,2016,2017,2017,2018,2018,2019,2019,2020,2020,2021,2021,2022,2022,2023,2023,2015,2016,2017,2018,2019,2020,2021,2022,2023],"Sector":["Agricultural water resources","Water supply and sanitation","Agricultural water resources","Water supply and sanitation","Agricultural water resources","Water supply and sanitation","Agricultural water resources","Water supply and sanitation","Agricultural water resources","Water supply and sanitation","Agricultural water resources","Water supply and sanitation","Agricultural water resources","Water supply and sanitation","Agricultural water resources","Water supply and sanitation","Agricultural water resources","Water supply and sanitation",null,null,null,null,null,null,null,null,null],"Value":[8.183523,75.974244,10.857892,39.300907,9.568422,47.152373,10.937722,47.423277,13.848602,32.188709,16.657033,27.954532,20.532922,47.374795,6.721995,34.431967,9.253652,22.72156,84.157767,50.158799,56.720795,58.360999,46.037311,44.611565,67.907717,41.153962,31.975212]},"edges":[]}