{"data":{"Year":[2015,2016,2017,2018,2019,2020,2021,2022],"Value":[5.66497784,5.5043526,5.46364056,5.45533651,5.35644891,5.12279037,4.94962039,4.90134644]},"edges":[]}