Year,Value,Units
2020,35.3786007271678,Taux par 100 000 personnes
2019,63.8010638118298,Taux par 100 000 personnes
2018,43.8814413440431,Taux par 100 000 personnes
2017,197.884393451101,Taux par 100 000 personnes
2016,264.051176042804,Taux par 100 000 personnes
2015,50.6770883601276,Taux par 100 000 personnes
2020,13454.0,Nombre
2019,24001.0,Nombre
2018,16268.0,Nombre
2017,72317.0,Nombre
2016,95351.0,Nombre
2015,18094.0,Nombre
