Year,Value
2015,85.565621
2016,50.979148
2017,57.651827
2018,59.338654
2019,46.799211
2020,45.555123
2021,69.030807
2022,42.01407
