Year,Value
2015,125.1631
2016,119.599028
2017,264.940055
2018,375.984788
2019,229.599618
2020,361.465224
2021,535.69986
2022,528.814142
