{"data":{"Year":[2015,2015,2015,2015,2015,2016,2016,2016,2016,2016,2017,2017,2017,2017,2017,2018,2018,2018,2018,2018,2019,2019,2019,2019,2019,2020,2020,2020,2020,2020,2021,2021,2021,2021,2021,2022,2022,2022,2022,2022,2015,2016,2017,2018,2019,2020,2021,2022],"Type d\u2019aide \u00e0 la r\u00e9duction de la pauvret\u00e9":["\u00c9ducation de base","Sant\u00e9 de base","Distribution d'eau et assainissement","Aide alimentaire d\u00e9velopmentale","Aide plurisectorielle pour les services sociaux de base","\u00c9ducation de base","Sant\u00e9 de base","Distribution d'eau et assainissement","Aide alimentaire d\u00e9velopmentale","Aide plurisectorielle pour les services sociaux de base","\u00c9ducation de base","Sant\u00e9 de base","Distribution d'eau et assainissement","Aide alimentaire d\u00e9velopmentale","Aide plurisectorielle pour les services sociaux de base","\u00c9ducation de base","Sant\u00e9 de base","Distribution d'eau et assainissement","Aide alimentaire d\u00e9velopmentale","Aide plurisectorielle pour les services sociaux de base","\u00c9ducation de base","Sant\u00e9 de base","Distribution d'eau et assainissement","Aide alimentaire d\u00e9velopmentale","Aide plurisectorielle pour les services sociaux de base","\u00c9ducation de base","Sant\u00e9 de base","Distribution d'eau et assainissement","Aide alimentaire d\u00e9velopmentale","Aide plurisectorielle pour les services sociaux de base","\u00c9ducation de base","Sant\u00e9 de base","Distribution d'eau et assainissement","Aide alimentaire d\u00e9velopmentale","Aide plurisectorielle pour les services sociaux de base","\u00c9ducation de base","Sant\u00e9 de base","Distribution d'eau et assainissement","Aide alimentaire d\u00e9velopmentale","Aide plurisectorielle pour les services sociaux de base",null,null,null,null,null,null,null,null],"Value":[0.0060488672,0.0185572987,0.0041327682,0.0009608302,0.0004740772,0.0048395814,0.0203274296,0.0021060917,0.0027423663,0.0002868981,0.003933121,0.019722171,0.0024489414,0.0015391133,0.0000613562,0.0036365324,0.0173193349,0.002418322,0.0008268418,0.0019159689,0.0057481547,0.0129162426,0.0016003699,0.0002909762,0.0012148932,0.006833875,0.0180307762,0.0014693679,0.0011393686,0.0000557178,0.0060108203,0.0599585102,0.0021260416,0.0007457444,0.0007356499,0.0049832238,0.0445382666,0.0016609183,0.0005932564,0.0003588291,0.0301738416,0.0303023671,0.0277047028,0.026117,0.0217706366,0.0275291054,0.0695767663,0.0521344943]},"edges":[]}