{"data":{"Year":[2015,2016,2017,2018,2019,2020,2021,2022,2023],"Units":["Dollar am\u00e9ricain, millions, prix constants de 2023","Dollar am\u00e9ricain, millions, prix constants de 2023","Dollar am\u00e9ricain, millions, prix constants de 2023","Dollar am\u00e9ricain, millions, prix constants de 2023","Dollar am\u00e9ricain, millions, prix constants de 2023","Dollar am\u00e9ricain, millions, prix constants de 2023","Dollar am\u00e9ricain, millions, prix constants de 2023","Dollar am\u00e9ricain, millions, prix constants de 2023","Dollar am\u00e9ricain, millions, prix constants de 2023"],"Value":[0.562069,1.807802,0.03098,0.641803,1.937241,3.964335,5.818148,5.987949,34.848917]},"edges":[]}