{"data":{"Year":[2015,2016,2017,2018,2019,2020,2021,2022],"Series":["Aide publique au de\u0301veloppement consacre\u0301e a\u0300 la pre\u0301servation et a\u0300 l\u2019exploitation durable de la biodiversite\u0301","Aide publique au de\u0301veloppement consacre\u0301e a\u0300 la pre\u0301servation et a\u0300 l\u2019exploitation durable de la biodiversite\u0301","Aide publique au de\u0301veloppement consacre\u0301e a\u0300 la pre\u0301servation et a\u0300 l\u2019exploitation durable de la biodiversite\u0301","Aide publique au de\u0301veloppement consacre\u0301e a\u0300 la pre\u0301servation et a\u0300 l\u2019exploitation durable de la biodiversite\u0301","Aide publique au de\u0301veloppement consacre\u0301e a\u0300 la pre\u0301servation et a\u0300 l\u2019exploitation durable de la biodiversite\u0301","Aide publique au de\u0301veloppement consacre\u0301e a\u0300 la pre\u0301servation et a\u0300 l\u2019exploitation durable de la biodiversite\u0301","Aide publique au de\u0301veloppement consacre\u0301e a\u0300 la pre\u0301servation et a\u0300 l\u2019exploitation durable de la biodiversite\u0301","Aide publique au de\u0301veloppement consacre\u0301e a\u0300 la pre\u0301servation et a\u0300 l\u2019exploitation durable de la biodiversite\u0301"],"Value":[0.571472,1.837368,0.031489,0.652555,1.969301,4.048177,5.914369,6.113084]},"edges":[]}