{"data":{"Year":[2015,2016,2017,2018,2019,2020,2021,2022,2023],"Value":[0.924253297,0.972008293,1.015184673,0.957580015,1.451413726,1.454167252,1.451364994,1.53328799,1.422032077]},"edges":[]}