{"data":{"Year":[2015,2016,2017,2018,2019,2020,2021,2022,2023],"Value":[7.606877,4.978778,6.891287,9.379156,6.559179,3.087176,5.477154,2.896426,3.251522]},"edges":[]}