{"data":{"Year":[2015,2016,2017,2018,2019,2020,2021,2022,2015,2016,2017,2018,2019,2020,2015,2016,2017,2018,2019,2020,2021,2022,2021,2022],"Type d'aide":[null,null,null,null,null,null,null,null,"Sant\u00e9 de base","Sant\u00e9 de base","Sant\u00e9 de base","Sant\u00e9 de base","Sant\u00e9 de base","Sant\u00e9 de base","Recherche m\u00e9dicale","Recherche m\u00e9dicale","Recherche m\u00e9dicale","Recherche m\u00e9dicale","Recherche m\u00e9dicale","Recherche m\u00e9dicale","Sant\u00e9 de base","Sant\u00e9 de base","Recherche m\u00e9dicale","Recherche m\u00e9dicale"],"Value":[386.196408,416.350733,392.869885,354.693852,271.841027,357.764228,1227.49141,946.58531,346.8528,385.525637,385.967402,345.321562,264.087567,350.288443,39.343608,30.825096,6.902483,9.37229,7.75346,7.475785,1222.226721,942.605397,5.264689,3.979913]},"edges":[]}