{"data":{"Year":[2015,2016,2017,2018,2019,2020,2021,2022],"Value":[0.586007,2.26896,141.586469,183.366903,89.72143,219.83146,291.63965,292.85976]},"edges":[]}