Year,Value
2015,0.0301738416160583
2016,0.0303023671486629
2017,0.027704702791163
2018,0.0261169999637184
2019,0.0217706366032421
2020,0.0275291053764339
2021,0.0695767663389942
2022,0.0521344942675242
2023,0.0273307155637678
