Year,Value,GeoCode
2015,202.21542,
2016,205.22944,
2017,222.73863,
2018,216.06242,
2019,236.55917,
2020,236.953,
2021,250.3147,
2022,267.46501,
2023,266.21937,
