Year,Value
2015,386.196408
2016,416.350733
2017,392.869885
2018,354.693852
2019,271.841027
2020,357.764228
2021,1227.49141
2022,946.58531
2023,446.655505
