Year,Value
2019,2.71272419907307
2020,3.46959676157285
2021,2.67862988467221
2022,2.80371705095941
2023,3.0242914235019
