Year,Value
2015,0.178391421
2016,0.188394132
2017,0.198912042
2018,0.2100383
2019,0.224264106
