Year,Value
2020,
2019,0.0070454100450257
2018,0.0642653784651168
2017,0.0245253641315849
2016,0.250299056792403
2015,0.0244992943774772
