Year,Value
2011,89.6774193548387
2012,95.483870967742
2013,97.4193548387097
2014,98.7012987012987
2015,95.5974842767296
2016,95.8823529411765
2017,95.5307262569832
2018,96.045197740113
2019,94.3181818181818
2020,98.3333333333333
2021,95.3125
2022,96.9230769230769
2023,97.4874371859297
