Year,Value
2000,4.313699092
2001,4.305331898
2002,4.296964704
2003,4.28859751
2004,4.280230316
2005,4.271863121
2006,4.263495927
2007,4.255128733
2008,4.125365603
2009,3.995602472
2010,3.830962925
2011,3.666323378
2012,3.752832132
2013,3.839340886
2014,3.759526262
2015,3.679711638
2016,3.706642637
2017,3.733573635
2018,3.733573635
2019,3.733573635
2020,3.733573635
2021,3.733573635
