Year,Value
2015,84.157767
2016,50.158799
2017,56.720795
2018,58.360999
2019,46.037311
2020,44.611565
2021,67.907717
2022,41.153962
2023,31.975212
