Year,Source,Géographie,GeoCode,Value
1990,,,,607.907
1991,,,,603.23
1992,,,,621.376
1993,,,,626.533
1994,,,,648.617
1995,,,,666.95
1996,,,,688.359
1997,,,,704.827
1998,,,,711.291
1999,,,,721.214
2000,,,,748.696
2001,,,,741.534
2002,,,,748.752
2003,,,,767.211
2004,,,,767.348
2005,,,,763.017
2006,,,,759.131
2007,,,,778.556
2008,,,,761.206
2009,,,,717.107
2010,,,,732.333
2011,,,,740.2
2012,,,,744.212
2013,,,,751.357
2014,,,,748.409
2015,,,,743.371
2016,,,,726.808
2017,,,,738.815
2018,,,,749.308
2019,,,,748.008
2020,,,,680.926
2021,,,,691.322
2022,,,,695.853
2023,,,,686.881
2024,,,,684.704
1990,Inventaire provincial,Alberta,48,176.606
1990,Exploitation pétrolière et gazière,Alberta,48,72.556
1990,Transports,Alberta,48,15.292
1990,Industrie lourde,Alberta,48,12.792
1990,"Fabrication légère, construction et ressources forestières",Alberta,48,6.268
1990,Bâtiments,Alberta,48,12.194
1990,Déchets et autres,Alberta,48,2.146
1990,Agriculture,Alberta,48,14.7
1990,Inventaire provincial,Colombie-Britannique,59,50.721
1990,Exploitation pétrolière et gazière,Colombie-Britannique,59,7.954
1990,Transports,Colombie-Britannique,59,15.174
1990,Industrie lourde,Colombie-Britannique,59,8.904
1990,"Fabrication légère, construction et ressources forestières",Colombie-Britannique,59,3.327
1990,Bâtiments,Colombie-Britannique,59,7.55
1990,Déchets et autres,Colombie-Britannique,59,2.654
1990,Agriculture,Colombie-Britannique,59,2.476
1990,Exploitation pétrolière et gazière,Canada,,118.231
1990,Transports,Canada,,117.749
1990,Industrie lourde,Canada,,97.624
1990,"Fabrication légère, construction et ressources forestières",Canada,,31.456
1990,Bâtiments,Canada,,71.574
1990,Déchets et autres,Canada,,21.288
1990,Agriculture,Canada,,50.958
1990,Inventaire provincial,Manitoba,46,18.349
1990,Exploitation pétrolière et gazière,Manitoba,46,1.562
1990,Transports,Manitoba,46,4.959
1990,Industrie lourde,Manitoba,46,1.452
1990,"Fabrication légère, construction et ressources forestières",Manitoba,46,0.772
1990,Bâtiments,Manitoba,46,3.109
1990,Déchets et autres,Manitoba,46,0.891
1990,Agriculture,Manitoba,46,5.08
1990,Inventaire provincial,Nouveau-Brunswick,13,16.17
1990,Exploitation pétrolière et gazière,Nouveau-Brunswick,13,1.28
1990,Transports,Nouveau-Brunswick,13,3.498
1990,Industrie lourde,Nouveau-Brunswick,13,1.812
1990,"Fabrication légère, construction et ressources forestières",Nouveau-Brunswick,13,0.632
1990,Bâtiments,Nouveau-Brunswick,13,1.63
1990,Déchets et autres,Nouveau-Brunswick,13,0.776
1990,Agriculture,Nouveau-Brunswick,13,0.515
1990,Inventaire provincial,Terre-Neuve-et-Labrador,10,9.746
1990,Exploitation pétrolière et gazière,Terre-Neuve-et-Labrador,10,1.096
1990,Transports,Terre-Neuve-et-Labrador,10,2.693
1990,Industrie lourde,Terre-Neuve-et-Labrador,10,2.2
1990,"Fabrication légère, construction et ressources forestières",Terre-Neuve-et-Labrador,10,0.383
1990,Bâtiments,Terre-Neuve-et-Labrador,10,1.055
1990,Déchets et autres,Terre-Neuve-et-Labrador,10,0.6
1990,Agriculture,Terre-Neuve-et-Labrador,10,0.078
1990,Inventaire territorial,Territoires du Nord-Ouest,61,1.793
1990,Exploitation pétrolière et gazière,Territoires du Nord-Ouest,61,0.399
1990,Transports,Territoires du Nord-Ouest,61,0.526
1990,Industrie lourde,Territoires du Nord-Ouest,61,0.188
1990,"Fabrication légère, construction et ressources forestières",Territoires du Nord-Ouest,61,0.073
1990,Bâtiments,Territoires du Nord-Ouest,61,0.408
1990,Déchets et autres,Territoires du Nord-Ouest,61,0.04
1990,Agriculture,Territoires du Nord-Ouest,61,0.002
1990,Inventaire provincial,Nouvelle-Écosse,12,19.596
1990,Exploitation pétrolière et gazière,Nouvelle-Écosse,12,0.757
1990,Transports,Nouvelle-Écosse,12,4.097
1990,Industrie lourde,Nouvelle-Écosse,12,1.045
1990,"Fabrication légère, construction et ressources forestières",Nouvelle-Écosse,12,0.631
1990,Bâtiments,Nouvelle-Écosse,12,2.937
1990,Déchets et autres,Nouvelle-Écosse,12,0.798
1990,Agriculture,Nouvelle-Écosse,12,0.569
1990,Inventaire provincial,Ontario,35,178.602
1990,Exploitation pétrolière et gazière,Ontario,35,10.755
1990,Transports,Ontario,35,41.31
1990,Industrie lourde,Ontario,35,42.263
1990,"Fabrication légère, construction et ressources forestières",Ontario,35,12.874
1990,Bâtiments,Ontario,35,27.341
1990,Déchets et autres,Ontario,35,7.397
1990,Agriculture,Ontario,35,10.99
1990,Inventaire provincial,Île-du-Prince-Édouard,11,1.791
1990,Exploitation pétrolière et gazière,Île-du-Prince-Édouard,11,0.0
1990,Transports,Île-du-Prince-Édouard,11,0.54
1990,Industrie lourde,Île-du-Prince-Édouard,11,0.01
1990,"Fabrication légère, construction et ressources forestières",Île-du-Prince-Édouard,11,0.133
1990,Bâtiments,Île-du-Prince-Édouard,11,0.574
1990,Déchets et autres,Île-du-Prince-Édouard,11,0.073
1990,Agriculture,Île-du-Prince-Édouard,11,0.357
1990,Inventaire provincial,Québec,24,84.79
1990,Exploitation pétrolière et gazière,Québec,24,4.259
1990,Transports,Québec,24,24.617
1990,Industrie lourde,Québec,24,25.15
1990,"Fabrication légère, construction et ressources forestières",Québec,24,5.546
1990,Bâtiments,Québec,24,11.507
1990,Déchets et autres,Québec,24,4.9
1990,Agriculture,Québec,24,7.282
1990,Inventaire provincial,Saskatchewan,47,49.194
1990,Exploitation pétrolière et gazière,Saskatchewan,47,17.61
1990,Transports,Saskatchewan,47,4.819
1990,Industrie lourde,Saskatchewan,47,1.737
1990,"Fabrication légère, construction et ressources forestières",Saskatchewan,47,0.789
1990,Bâtiments,Saskatchewan,47,3.16
1990,Déchets et autres,Saskatchewan,47,0.992
1990,Agriculture,Saskatchewan,47,8.906
1990,Inventaire territorial,Yukon,60,0.55
1990,Exploitation pétrolière et gazière,Yukon,60,0.003
1990,Transports,Yukon,60,0.224
1990,Industrie lourde,Yukon,60,0.071
1990,"Fabrication légère, construction et ressources forestières",Yukon,60,0.027
1990,Bâtiments,Yukon,60,0.11
1990,Déchets et autres,Yukon,60,0.02
1990,Agriculture,Yukon,60,0.004
1991,Inventaire provincial,Alberta,48,177.45
1991,Exploitation pétrolière et gazière,Alberta,48,73.387
1991,Transports,Alberta,48,13.883
1991,Industrie lourde,Alberta,48,13.266
1991,"Fabrication légère, construction et ressources forestières",Alberta,48,5.549
1991,Bâtiments,Alberta,48,11.951
1991,Déchets et autres,Alberta,48,1.93
1991,Agriculture,Alberta,48,14.943
1991,Inventaire provincial,Colombie-Britannique,59,49.761
1991,Exploitation pétrolière et gazière,Colombie-Britannique,59,7.61
1991,Transports,Colombie-Britannique,59,15.155
1991,Industrie lourde,Colombie-Britannique,59,9.191
1991,"Fabrication légère, construction et ressources forestières",Colombie-Britannique,59,2.617
1991,Bâtiments,Colombie-Britannique,59,7.694
1991,Déchets et autres,Colombie-Britannique,59,2.519
1991,Agriculture,Colombie-Britannique,59,2.566
1991,Exploitation pétrolière et gazière,Canada,,119.731
1991,Transports,Canada,,113.146
1991,Industrie lourde,Canada,,97.423
1991,"Fabrication légère, construction et ressources forestières",Canada,,29.09
1991,Bâtiments,Canada,,70.938
1991,Déchets et autres,Canada,,21.281
1991,Agriculture,Canada,,51.078
1991,Inventaire provincial,Manitoba,46,18.006
1991,Exploitation pétrolière et gazière,Manitoba,46,1.672
1991,Transports,Manitoba,46,4.827
1991,Industrie lourde,Manitoba,46,1.342
1991,"Fabrication légère, construction et ressources forestières",Manitoba,46,0.696
1991,Bâtiments,Manitoba,46,3.031
1991,Déchets et autres,Manitoba,46,0.924
1991,Agriculture,Manitoba,46,5.124
1991,Inventaire provincial,Nouveau-Brunswick,13,15.518
1991,Exploitation pétrolière et gazière,Nouveau-Brunswick,13,1.219
1991,Transports,Nouveau-Brunswick,13,3.434
1991,Industrie lourde,Nouveau-Brunswick,13,1.754
1991,"Fabrication légère, construction et ressources forestières",Nouveau-Brunswick,13,0.627
1991,Bâtiments,Nouveau-Brunswick,13,1.718
1991,Déchets et autres,Nouveau-Brunswick,13,0.789
1991,Agriculture,Nouveau-Brunswick,13,0.52
1991,Inventaire provincial,Terre-Neuve-et-Labrador,10,8.653
1991,Exploitation pétrolière et gazière,Terre-Neuve-et-Labrador,10,1.062
1991,Transports,Terre-Neuve-et-Labrador,10,2.645
1991,Industrie lourde,Terre-Neuve-et-Labrador,10,1.631
1991,"Fabrication légère, construction et ressources forestières",Terre-Neuve-et-Labrador,10,0.302
1991,Bâtiments,Terre-Neuve-et-Labrador,10,1.009
1991,Déchets et autres,Terre-Neuve-et-Labrador,10,0.613
1991,Agriculture,Terre-Neuve-et-Labrador,10,0.09
1991,Inventaire territorial,Territoires du Nord-Ouest,61,1.764
1991,Exploitation pétrolière et gazière,Territoires du Nord-Ouest,61,0.318
1991,Transports,Territoires du Nord-Ouest,61,0.486
1991,Industrie lourde,Territoires du Nord-Ouest,61,0.139
1991,"Fabrication légère, construction et ressources forestières",Territoires du Nord-Ouest,61,0.048
1991,Bâtiments,Territoires du Nord-Ouest,61,0.567
1991,Déchets et autres,Territoires du Nord-Ouest,61,0.041
1991,Agriculture,Territoires du Nord-Ouest,61,0.009
1991,Inventaire provincial,Nouvelle-Écosse,12,19.264
1991,Exploitation pétrolière et gazière,Nouvelle-Écosse,12,0.847
1991,Transports,Nouvelle-Écosse,12,3.896
1991,Industrie lourde,Nouvelle-Écosse,12,0.91
1991,"Fabrication légère, construction et ressources forestières",Nouvelle-Écosse,12,0.53
1991,Bâtiments,Nouvelle-Écosse,12,2.669
1991,Déchets et autres,Nouvelle-Écosse,12,0.8
1991,Agriculture,Nouvelle-Écosse,12,0.644
1991,Inventaire provincial,Ontario,35,177.831
1991,Exploitation pétrolière et gazière,Ontario,35,10.084
1991,Transports,Ontario,35,39.592
1991,Industrie lourde,Ontario,35,42.293
1991,"Fabrication légère, construction et ressources forestières",Ontario,35,12.464
1991,Bâtiments,Ontario,35,27.58
1991,Déchets et autres,Ontario,35,7.692
1991,Agriculture,Ontario,35,10.835
1991,Inventaire provincial,Île-du-Prince-Édouard,11,1.74
1991,Exploitation pétrolière et gazière,Île-du-Prince-Édouard,11,0.0
1991,Transports,Île-du-Prince-Édouard,11,0.539
1991,Industrie lourde,Île-du-Prince-Édouard,11,0.009
1991,"Fabrication légère, construction et ressources forestières",Île-du-Prince-Édouard,11,0.137
1991,Bâtiments,Île-du-Prince-Édouard,11,0.537
1991,Déchets et autres,Île-du-Prince-Édouard,11,0.075
1991,Agriculture,Île-du-Prince-Édouard,11,0.349
1991,Inventaire provincial,Québec,24,80.158
1991,Exploitation pétrolière et gazière,Québec,24,3.674
1991,Transports,Québec,24,23.312
1991,Industrie lourde,Québec,24,25.049
1991,"Fabrication légère, construction et ressources forestières",Québec,24,4.804
1991,Bâtiments,Québec,24,10.802
1991,Déchets et autres,Québec,24,4.845
1991,Agriculture,Québec,24,7.145
1991,Inventaire provincial,Saskatchewan,47,52.574
1991,Exploitation pétrolière et gazière,Saskatchewan,47,19.852
1991,Transports,Saskatchewan,47,5.157
1991,Industrie lourde,Saskatchewan,47,1.764
1991,"Fabrication légère, construction et ressources forestières",Saskatchewan,47,1.29
1991,Bâtiments,Saskatchewan,47,3.28
1991,Déchets et autres,Saskatchewan,47,1.03
1991,Agriculture,Saskatchewan,47,8.846
1991,Inventaire territorial,Yukon,60,0.512
1991,Exploitation pétrolière et gazière,Yukon,60,0.007
1991,Transports,Yukon,60,0.219
1991,Industrie lourde,Yukon,60,0.075
1991,"Fabrication légère, construction et ressources forestières",Yukon,60,0.026
1991,Bâtiments,Yukon,60,0.101
1991,Déchets et autres,Yukon,60,0.021
1991,Agriculture,Yukon,60,0.007
1992,Inventaire provincial,Alberta,48,185.104
1992,Exploitation pétrolière et gazière,Alberta,48,78.225
1992,Transports,Alberta,48,13.999
1992,Industrie lourde,Alberta,48,13.002
1992,"Fabrication légère, construction et ressources forestières",Alberta,48,5.203
1992,Bâtiments,Alberta,48,11.387
1992,Déchets et autres,Alberta,48,2.018
1992,Agriculture,Alberta,48,15.559
1992,Inventaire provincial,Colombie-Britannique,59,48.798
1992,Exploitation pétrolière et gazière,Colombie-Britannique,59,6.906
1992,Transports,Colombie-Britannique,59,15.481
1992,Industrie lourde,Colombie-Britannique,59,8.388
1992,"Fabrication légère, construction et ressources forestières",Colombie-Britannique,59,2.648
1992,Bâtiments,Colombie-Britannique,59,7.734
1992,Déchets et autres,Colombie-Britannique,59,2.56
1992,Agriculture,Colombie-Britannique,59,2.674
1992,Exploitation pétrolière et gazière,Canada,,129.324
1992,Transports,Canada,,115.171
1992,Industrie lourde,Canada,,94.77
1992,"Fabrication légère, construction et ressources forestières",Canada,,28.399
1992,Bâtiments,Canada,,72.802
1992,Déchets et autres,Canada,,21.381
1992,Agriculture,Canada,,53.368
1992,Inventaire provincial,Manitoba,46,18.336
1992,Exploitation pétrolière et gazière,Manitoba,46,1.902
1992,Transports,Manitoba,46,4.864
1992,Industrie lourde,Manitoba,46,1.179
1992,"Fabrication légère, construction et ressources forestières",Manitoba,46,0.585
1992,Bâtiments,Manitoba,46,3.004
1992,Déchets et autres,Manitoba,46,0.957
1992,Agriculture,Manitoba,46,5.452
1992,Inventaire provincial,Nouveau-Brunswick,13,16.278
1992,Exploitation pétrolière et gazière,Nouveau-Brunswick,13,1.306
1992,Transports,Nouveau-Brunswick,13,3.522
1992,Industrie lourde,Nouveau-Brunswick,13,1.681
1992,"Fabrication légère, construction et ressources forestières",Nouveau-Brunswick,13,0.636
1992,Bâtiments,Nouveau-Brunswick,13,1.585
1992,Déchets et autres,Nouveau-Brunswick,13,0.817
1992,Agriculture,Nouveau-Brunswick,13,0.548
1992,Inventaire provincial,Terre-Neuve-et-Labrador,10,8.573
1992,Exploitation pétrolière et gazière,Terre-Neuve-et-Labrador,10,0.896
1992,Transports,Terre-Neuve-et-Labrador,10,2.663
1992,Industrie lourde,Terre-Neuve-et-Labrador,10,1.515
1992,"Fabrication légère, construction et ressources forestières",Terre-Neuve-et-Labrador,10,0.236
1992,Bâtiments,Terre-Neuve-et-Labrador,10,1.021
1992,Déchets et autres,Terre-Neuve-et-Labrador,10,0.627
1992,Agriculture,Terre-Neuve-et-Labrador,10,0.112
1992,Inventaire territorial,Territoires du Nord-Ouest,61,1.578
1992,Exploitation pétrolière et gazière,Territoires du Nord-Ouest,61,0.231
1992,Transports,Territoires du Nord-Ouest,61,0.498
1992,Industrie lourde,Territoires du Nord-Ouest,61,0.073
1992,"Fabrication légère, construction et ressources forestières",Territoires du Nord-Ouest,61,0.044
1992,Bâtiments,Territoires du Nord-Ouest,61,0.551
1992,Déchets et autres,Territoires du Nord-Ouest,61,0.042
1992,Agriculture,Territoires du Nord-Ouest,61,0.012
1992,Inventaire provincial,Nouvelle-Écosse,12,19.621
1992,Exploitation pétrolière et gazière,Nouvelle-Écosse,12,0.809
1992,Transports,Nouvelle-Écosse,12,4.003
1992,Industrie lourde,Nouvelle-Écosse,12,0.841
1992,"Fabrication légère, construction et ressources forestières",Nouvelle-Écosse,12,0.524
1992,Bâtiments,Nouvelle-Écosse,12,2.946
1992,Déchets et autres,Nouvelle-Écosse,12,0.805
1992,Agriculture,Nouvelle-Écosse,12,0.701
1992,Inventaire provincial,Ontario,35,181.662
1992,Exploitation pétrolière et gazière,Ontario,35,11.646
1992,Transports,Ontario,35,40.23
1992,Industrie lourde,Ontario,35,43.35
1992,"Fabrication légère, construction et ressources forestières",Ontario,35,11.41
1992,Bâtiments,Ontario,35,29.39
1992,Déchets et autres,Ontario,35,7.585
1992,Agriculture,Ontario,35,11.17
1992,Inventaire provincial,Île-du-Prince-Édouard,11,1.723
1992,Exploitation pétrolière et gazière,Île-du-Prince-Édouard,11,0.0
1992,Transports,Île-du-Prince-Édouard,11,0.53
1992,Industrie lourde,Île-du-Prince-Édouard,11,0.009
1992,"Fabrication légère, construction et ressources forestières",Île-du-Prince-Édouard,11,0.138
1992,Bâtiments,Île-du-Prince-Édouard,11,0.553
1992,Déchets et autres,Île-du-Prince-Édouard,11,0.077
1992,Agriculture,Île-du-Prince-Édouard,11,0.364
1992,Inventaire provincial,Québec,24,80.236
1992,Exploitation pétrolière et gazière,Québec,24,3.705
1992,Transports,Québec,24,23.878
1992,Industrie lourde,Québec,24,23.234
1992,"Fabrication légère, construction et ressources forestières",Québec,24,4.893
1992,Bâtiments,Québec,24,11.452
1992,Déchets et autres,Québec,24,4.803
1992,Agriculture,Québec,24,7.315
1992,Inventaire provincial,Saskatchewan,47,58.849
1992,Exploitation pétrolière et gazière,Saskatchewan,47,23.533
1992,Transports,Saskatchewan,47,5.282
1992,Industrie lourde,Saskatchewan,47,1.461
1992,"Fabrication légère, construction et ressources forestières",Saskatchewan,47,2.057
1992,Bâtiments,Saskatchewan,47,3.092
1992,Déchets et autres,Saskatchewan,47,1.069
1992,Agriculture,Saskatchewan,47,9.451
1992,Inventaire territorial,Yukon,60,0.618
1992,Exploitation pétrolière et gazière,Yukon,60,0.165
1992,Transports,Yukon,60,0.222
1992,Industrie lourde,Yukon,60,0.036
1992,"Fabrication légère, construction et ressources forestières",Yukon,60,0.025
1992,Bâtiments,Yukon,60,0.087
1992,Déchets et autres,Yukon,60,0.021
1992,Agriculture,Yukon,60,0.012
1993,Inventaire provincial,Alberta,48,191.187
1993,Exploitation pétrolière et gazière,Alberta,48,82.416
1993,Transports,Alberta,48,14.315
1993,Industrie lourde,Alberta,48,13.11
1993,"Fabrication légère, construction et ressources forestières",Alberta,48,4.398
1993,Bâtiments,Alberta,48,12.071
1993,Déchets et autres,Alberta,48,2.096
1993,Agriculture,Alberta,48,16.4
1993,Inventaire provincial,Colombie-Britannique,59,51.596
1993,Exploitation pétrolière et gazière,Colombie-Britannique,59,6.55
1993,Transports,Colombie-Britannique,59,15.884
1993,Industrie lourde,Colombie-Britannique,59,8.462
1993,"Fabrication légère, construction et ressources forestières",Colombie-Britannique,59,2.877
1993,Bâtiments,Colombie-Britannique,59,8.667
1993,Déchets et autres,Colombie-Britannique,59,2.577
1993,Agriculture,Colombie-Britannique,59,2.68
1993,Exploitation pétrolière et gazière,Canada,,138.118
1993,Transports,Canada,,118.124
1993,Industrie lourde,Canada,,94.274
1993,"Fabrication légère, construction et ressources forestières",Canada,,25.61
1993,Bâtiments,Canada,,76.412
1993,Déchets et autres,Canada,,21.652
1993,Agriculture,Canada,,54.848
1993,Inventaire provincial,Manitoba,46,18.36
1993,Exploitation pétrolière et gazière,Manitoba,46,1.963
1993,Transports,Manitoba,46,4.835
1993,Industrie lourde,Manitoba,46,1.139
1993,"Fabrication légère, construction et ressources forestières",Manitoba,46,0.535
1993,Bâtiments,Manitoba,46,3.069
1993,Déchets et autres,Manitoba,46,0.99
1993,Agriculture,Manitoba,46,5.526
1993,Inventaire provincial,Nouveau-Brunswick,13,15.525
1993,Exploitation pétrolière et gazière,Nouveau-Brunswick,13,1.51
1993,Transports,Nouveau-Brunswick,13,3.606
1993,Industrie lourde,Nouveau-Brunswick,13,1.741
1993,"Fabrication légère, construction et ressources forestières",Nouveau-Brunswick,13,0.597
1993,Bâtiments,Nouveau-Brunswick,13,1.496
1993,Déchets et autres,Nouveau-Brunswick,13,0.83
1993,Agriculture,Nouveau-Brunswick,13,0.544
1993,Inventaire provincial,Terre-Neuve-et-Labrador,10,8.742
1993,Exploitation pétrolière et gazière,Terre-Neuve-et-Labrador,10,1.096
1993,Transports,Terre-Neuve-et-Labrador,10,2.74
1993,Industrie lourde,Terre-Neuve-et-Labrador,10,1.524
1993,"Fabrication légère, construction et ressources forestières",Terre-Neuve-et-Labrador,10,0.229
1993,Bâtiments,Terre-Neuve-et-Labrador,10,1.042
1993,Déchets et autres,Terre-Neuve-et-Labrador,10,0.64
1993,Agriculture,Terre-Neuve-et-Labrador,10,0.106
1993,Inventaire territorial,Territoires du Nord-Ouest,61,1.879
1993,Exploitation pétrolière et gazière,Territoires du Nord-Ouest,61,0.262
1993,Transports,Territoires du Nord-Ouest,61,0.58
1993,Industrie lourde,Territoires du Nord-Ouest,61,0.173
1993,"Fabrication légère, construction et ressources forestières",Territoires du Nord-Ouest,61,0.039
1993,Bâtiments,Territoires du Nord-Ouest,61,0.643
1993,Déchets et autres,Territoires du Nord-Ouest,61,0.043
1993,Agriculture,Territoires du Nord-Ouest,61,0.002
1993,Inventaire provincial,Nouvelle-Écosse,12,19.637
1993,Exploitation pétrolière et gazière,Nouvelle-Écosse,12,0.954
1993,Transports,Nouvelle-Écosse,12,4.103
1993,Industrie lourde,Nouvelle-Écosse,12,0.867
1993,"Fabrication légère, construction et ressources forestières",Nouvelle-Écosse,12,0.492
1993,Bâtiments,Nouvelle-Écosse,12,2.8
1993,Déchets et autres,Nouvelle-Écosse,12,0.812
1993,Agriculture,Nouvelle-Écosse,12,0.617
1993,Inventaire provincial,Ontario,35,172.53
1993,Exploitation pétrolière et gazière,Ontario,35,12.075
1993,Transports,Ontario,35,41.071
1993,Industrie lourde,Ontario,35,40.986
1993,"Fabrication légère, construction et ressources forestières",Ontario,35,11.094
1993,Bâtiments,Ontario,35,30.646
1993,Déchets et autres,Ontario,35,7.727
1993,Agriculture,Ontario,35,11.203
1993,Inventaire provincial,Île-du-Prince-Édouard,11,1.729
1993,Exploitation pétrolière et gazière,Île-du-Prince-Édouard,11,0.0
1993,Transports,Île-du-Prince-Édouard,11,0.537
1993,Industrie lourde,Île-du-Prince-Édouard,11,0.008
1993,"Fabrication légère, construction et ressources forestières",Île-du-Prince-Édouard,11,0.141
1993,Bâtiments,Île-du-Prince-Édouard,11,0.531
1993,Déchets et autres,Île-du-Prince-Édouard,11,0.079
1993,Agriculture,Île-du-Prince-Édouard,11,0.357
1993,Inventaire provincial,Québec,24,81.395
1993,Exploitation pétrolière et gazière,Québec,24,3.897
1993,Transports,Québec,24,24.856
1993,Industrie lourde,Québec,24,23.939
1993,"Fabrication légère, construction et ressources forestières",Québec,24,4.55
1993,Bâtiments,Québec,24,11.745
1993,Déchets et autres,Québec,24,4.728
1993,Agriculture,Québec,24,7.389
1993,Inventaire provincial,Saskatchewan,47,63.435
1993,Exploitation pétrolière et gazière,Saskatchewan,47,27.279
1993,Transports,Saskatchewan,47,5.397
1993,Industrie lourde,Saskatchewan,47,2.308
1993,"Fabrication légère, construction et ressources forestières",Saskatchewan,47,0.634
1993,Bâtiments,Saskatchewan,47,3.6
1993,Déchets et autres,Saskatchewan,47,1.107
1993,Agriculture,Saskatchewan,47,10.017
1993,Inventaire territorial,Yukon,60,0.517
1993,Exploitation pétrolière et gazière,Yukon,60,0.116
1993,Transports,Yukon,60,0.2
1993,Industrie lourde,Yukon,60,0.016
1993,"Fabrication légère, construction et ressources forestières",Yukon,60,0.025
1993,Bâtiments,Yukon,60,0.1
1993,Déchets et autres,Yukon,60,0.022
1993,Agriculture,Yukon,60,0.008
1994,Inventaire provincial,Alberta,48,200.908
1994,Exploitation pétrolière et gazière,Alberta,48,84.308
1994,Transports,Alberta,48,15.988
1994,Industrie lourde,Alberta,48,14.948
1994,"Fabrication légère, construction et ressources forestières",Alberta,48,3.993
1994,Bâtiments,Alberta,48,12.833
1994,Déchets et autres,Alberta,48,2.211
1994,Agriculture,Alberta,48,17.048
1994,Inventaire provincial,Colombie-Britannique,59,54.318
1994,Exploitation pétrolière et gazière,Colombie-Britannique,59,8.696
1994,Transports,Colombie-Britannique,59,16.674
1994,Industrie lourde,Colombie-Britannique,59,8.697
1994,"Fabrication légère, construction et ressources forestières",Colombie-Britannique,59,2.97
1994,Bâtiments,Colombie-Britannique,59,8.225
1994,Déchets et autres,Colombie-Britannique,59,2.662
1994,Agriculture,Colombie-Britannique,59,2.599
1994,Exploitation pétrolière et gazière,Canada,,143.874
1994,Transports,Canada,,124.226
1994,Industrie lourde,Canada,,99.874
1994,"Fabrication légère, construction et ressources forestières",Canada,,26.03
1994,Bâtiments,Canada,,76.795
1994,Déchets et autres,Canada,,22.055
1994,Agriculture,Canada,,56.331
1994,Inventaire provincial,Manitoba,46,18.886
1994,Exploitation pétrolière et gazière,Manitoba,46,1.863
1994,Transports,Manitoba,46,5.08
1994,Industrie lourde,Manitoba,46,1.055
1994,"Fabrication légère, construction et ressources forestières",Manitoba,46,0.674
1994,Bâtiments,Manitoba,46,2.908
1994,Déchets et autres,Manitoba,46,1.024
1994,Agriculture,Manitoba,46,5.966
1994,Inventaire provincial,Nouveau-Brunswick,13,17.001
1994,Exploitation pétrolière et gazière,Nouveau-Brunswick,13,1.56
1994,Transports,Nouveau-Brunswick,13,3.772
1994,Industrie lourde,Nouveau-Brunswick,13,1.724
1994,"Fabrication légère, construction et ressources forestières",Nouveau-Brunswick,13,0.734
1994,Bâtiments,Nouveau-Brunswick,13,1.444
1994,Déchets et autres,Nouveau-Brunswick,13,0.858
1994,Agriculture,Nouveau-Brunswick,13,0.549
1994,Inventaire provincial,Terre-Neuve-et-Labrador,10,7.86
1994,Exploitation pétrolière et gazière,Terre-Neuve-et-Labrador,10,0.491
1994,Transports,Terre-Neuve-et-Labrador,10,2.737
1994,Industrie lourde,Terre-Neuve-et-Labrador,10,1.896
1994,"Fabrication légère, construction et ressources forestières",Terre-Neuve-et-Labrador,10,0.252
1994,Bâtiments,Terre-Neuve-et-Labrador,10,0.995
1994,Déchets et autres,Terre-Neuve-et-Labrador,10,0.654
1994,Agriculture,Terre-Neuve-et-Labrador,10,0.107
1994,Inventaire territorial,Territoires du Nord-Ouest,61,2.046
1994,Exploitation pétrolière et gazière,Territoires du Nord-Ouest,61,0.235
1994,Transports,Territoires du Nord-Ouest,61,0.599
1994,Industrie lourde,Territoires du Nord-Ouest,61,0.306
1994,"Fabrication légère, construction et ressources forestières",Territoires du Nord-Ouest,61,0.027
1994,Bâtiments,Territoires du Nord-Ouest,61,0.693
1994,Déchets et autres,Territoires du Nord-Ouest,61,0.045
1994,Agriculture,Territoires du Nord-Ouest,61,0.002
1994,Inventaire provincial,Nouvelle-Écosse,12,19.074
1994,Exploitation pétrolière et gazière,Nouvelle-Écosse,12,0.63
1994,Transports,Nouvelle-Écosse,12,4.221
1994,Industrie lourde,Nouvelle-Écosse,12,1.015
1994,"Fabrication légère, construction et ressources forestières",Nouvelle-Écosse,12,0.539
1994,Bâtiments,Nouvelle-Écosse,12,2.605
1994,Déchets et autres,Nouvelle-Écosse,12,0.822
1994,Agriculture,Nouvelle-Écosse,12,0.625
1994,Inventaire provincial,Ontario,35,174.416
1994,Exploitation pétrolière et gazière,Ontario,35,11.682
1994,Transports,Ontario,35,42.601
1994,Industrie lourde,Ontario,35,42.943
1994,"Fabrication légère, construction et ressources forestières",Ontario,35,11.289
1994,Bâtiments,Ontario,35,31.476
1994,Déchets et autres,Ontario,35,7.846
1994,Agriculture,Ontario,35,11.155
1994,Inventaire provincial,Île-du-Prince-Édouard,11,1.749
1994,Exploitation pétrolière et gazière,Île-du-Prince-Édouard,11,0.0
1994,Transports,Île-du-Prince-Édouard,11,0.571
1994,Industrie lourde,Île-du-Prince-Édouard,11,0.007
1994,"Fabrication légère, construction et ressources forestières",Île-du-Prince-Édouard,11,0.146
1994,Bâtiments,Île-du-Prince-Édouard,11,0.515
1994,Déchets et autres,Île-du-Prince-Édouard,11,0.081
1994,Agriculture,Île-du-Prince-Édouard,11,0.369
1994,Inventaire provincial,Québec,24,83.381
1994,Exploitation pétrolière et gazière,Québec,24,4.195
1994,Transports,Québec,24,26.08
1994,Industrie lourde,Québec,24,24.498
1994,"Fabrication légère, construction et ressources forestières",Québec,24,4.471
1994,Bâtiments,Québec,24,11.621
1994,Déchets et autres,Québec,24,4.684
1994,Agriculture,Québec,24,7.347
1994,Inventaire provincial,Saskatchewan,47,68.466
1994,Exploitation pétrolière et gazière,Saskatchewan,47,30.107
1994,Transports,Saskatchewan,47,5.718
1994,Industrie lourde,Saskatchewan,47,2.767
1994,"Fabrication légère, construction et ressources forestières",Saskatchewan,47,0.894
1994,Bâtiments,Saskatchewan,47,3.372
1994,Déchets et autres,Saskatchewan,47,1.146
1994,Agriculture,Saskatchewan,47,10.555
1994,Inventaire territorial,Yukon,60,0.514
1994,Exploitation pétrolière et gazière,Yukon,60,0.105
1994,Transports,Yukon,60,0.186
1994,Industrie lourde,Yukon,60,0.019
1994,"Fabrication légère, construction et ressources forestières",Yukon,60,0.041
1994,Bâtiments,Yukon,60,0.106
1994,Déchets et autres,Yukon,60,0.022
1994,Agriculture,Yukon,60,0.008
1995,Inventaire provincial,Alberta,48,206.392
1995,Exploitation pétrolière et gazière,Alberta,48,86.474
1995,Transports,Alberta,48,16.307
1995,Industrie lourde,Alberta,48,15.082
1995,"Fabrication légère, construction et ressources forestières",Alberta,48,4.892
1995,Bâtiments,Alberta,48,14.113
1995,Déchets et autres,Alberta,48,2.333
1995,Agriculture,Alberta,48,18.015
1995,Inventaire provincial,Colombie-Britannique,59,58.172
1995,Exploitation pétrolière et gazière,Colombie-Britannique,59,10.324
1995,Transports,Colombie-Britannique,59,17.439
1995,Industrie lourde,Colombie-Britannique,59,8.729
1995,"Fabrication légère, construction et ressources forestières",Colombie-Britannique,59,3.892
1995,Bâtiments,Colombie-Britannique,59,8.355
1995,Déchets et autres,Colombie-Britannique,59,2.787
1995,Agriculture,Colombie-Britannique,59,2.656
1995,Exploitation pétrolière et gazière,Canada,,150.976
1995,Transports,Canada,,126.339
1995,Industrie lourde,Canada,,100.761
1995,"Fabrication légère, construction et ressources forestières",Canada,,28.058
1995,Bâtiments,Canada,,77.569
1995,Déchets et autres,Canada,,22.028
1995,Agriculture,Canada,,58.851
1995,Inventaire provincial,Manitoba,46,19.526
1995,Exploitation pétrolière et gazière,Manitoba,46,1.929
1995,Transports,Manitoba,46,5.227
1995,Industrie lourde,Manitoba,46,1.139
1995,"Fabrication légère, construction et ressources forestières",Manitoba,46,0.733
1995,Bâtiments,Manitoba,46,3.122
1995,Déchets et autres,Manitoba,46,1.058
1995,Agriculture,Manitoba,46,6.117
1995,Inventaire provincial,Nouveau-Brunswick,13,17.506
1995,Exploitation pétrolière et gazière,Nouveau-Brunswick,13,1.347
1995,Transports,Nouveau-Brunswick,13,3.779
1995,Industrie lourde,Nouveau-Brunswick,13,1.796
1995,"Fabrication légère, construction et ressources forestières",Nouveau-Brunswick,13,0.739
1995,Bâtiments,Nouveau-Brunswick,13,1.385
1995,Déchets et autres,Nouveau-Brunswick,13,0.875
1995,Agriculture,Nouveau-Brunswick,13,0.6
1995,Inventaire provincial,Terre-Neuve-et-Labrador,10,8.853
1995,Exploitation pétrolière et gazière,Terre-Neuve-et-Labrador,10,0.987
1995,Transports,Terre-Neuve-et-Labrador,10,2.68
1995,Industrie lourde,Terre-Neuve-et-Labrador,10,1.942
1995,"Fabrication légère, construction et ressources forestières",Terre-Neuve-et-Labrador,10,0.238
1995,Bâtiments,Terre-Neuve-et-Labrador,10,0.956
1995,Déchets et autres,Terre-Neuve-et-Labrador,10,0.665
1995,Agriculture,Terre-Neuve-et-Labrador,10,0.11
1995,Inventaire territorial,Territoires du Nord-Ouest,61,2.107
1995,Exploitation pétrolière et gazière,Territoires du Nord-Ouest,61,0.24
1995,Transports,Territoires du Nord-Ouest,61,0.574
1995,Industrie lourde,Territoires du Nord-Ouest,61,0.366
1995,"Fabrication légère, construction et ressources forestières",Territoires du Nord-Ouest,61,0.051
1995,Bâtiments,Territoires du Nord-Ouest,61,0.677
1995,Déchets et autres,Territoires du Nord-Ouest,61,0.046
1995,Agriculture,Territoires du Nord-Ouest,61,0.0
1995,Inventaire provincial,Nouvelle-Écosse,12,18.893
1995,Exploitation pétrolière et gazière,Nouvelle-Écosse,12,0.716
1995,Transports,Nouvelle-Écosse,12,4.355
1995,Industrie lourde,Nouvelle-Écosse,12,1.187
1995,"Fabrication légère, construction et ressources forestières",Nouvelle-Écosse,12,0.597
1995,Bâtiments,Nouvelle-Écosse,12,2.437
1995,Déchets et autres,Nouvelle-Écosse,12,0.794
1995,Agriculture,Nouvelle-Écosse,12,0.672
1995,Inventaire provincial,Ontario,35,179.2
1995,Exploitation pétrolière et gazière,Ontario,35,12.012
1995,Transports,Ontario,35,43.226
1995,Industrie lourde,Ontario,35,44.282
1995,"Fabrication légère, construction et ressources forestières",Ontario,35,11.555
1995,Bâtiments,Ontario,35,30.895
1995,Déchets et autres,Ontario,35,8.016
1995,Agriculture,Ontario,35,11.615
1995,Inventaire provincial,Île-du-Prince-Édouard,11,1.743
1995,Exploitation pétrolière et gazière,Île-du-Prince-Édouard,11,0.0
1995,Transports,Île-du-Prince-Édouard,11,0.587
1995,Industrie lourde,Île-du-Prince-Édouard,11,0.007
1995,"Fabrication légère, construction et ressources forestières",Île-du-Prince-Édouard,11,0.131
1995,Bâtiments,Île-du-Prince-Édouard,11,0.504
1995,Déchets et autres,Île-du-Prince-Édouard,11,0.084
1995,Agriculture,Île-du-Prince-Édouard,11,0.39
1995,Inventaire provincial,Québec,24,82.003
1995,Exploitation pétrolière et gazière,Québec,24,3.905
1995,Transports,Québec,24,26.311
1995,Industrie lourde,Québec,24,23.416
1995,"Fabrication légère, construction et ressources forestières",Québec,24,4.538
1995,Bâtiments,Québec,24,11.694
1995,Déchets et autres,Québec,24,4.165
1995,Agriculture,Québec,24,7.599
1995,Inventaire provincial,Saskatchewan,47,71.975
1995,Exploitation pétrolière et gazière,Saskatchewan,47,32.891
1995,Transports,Saskatchewan,47,5.648
1995,Industrie lourde,Saskatchewan,47,2.785
1995,"Fabrication légère, construction et ressources forestières",Saskatchewan,47,0.671
1995,Bâtiments,Saskatchewan,47,3.344
1995,Déchets et autres,Saskatchewan,47,1.184
1995,Agriculture,Saskatchewan,47,11.066
1995,Inventaire territorial,Yukon,60,0.58
1995,Exploitation pétrolière et gazière,Yukon,60,0.153
1995,Transports,Yukon,60,0.205
1995,Industrie lourde,Yukon,60,0.03
1995,"Fabrication légère, construction et ressources forestières",Yukon,60,0.02
1995,Bâtiments,Yukon,60,0.086
1995,Déchets et autres,Yukon,60,0.023
1995,Agriculture,Yukon,60,0.011
1996,Inventaire provincial,Alberta,48,213.36
1996,Exploitation pétrolière et gazière,Alberta,48,90.794
1996,Transports,Alberta,48,16.818
1996,Industrie lourde,Alberta,48,15.279
1996,"Fabrication légère, construction et ressources forestières",Alberta,48,5.483
1996,Bâtiments,Alberta,48,15.441
1996,Déchets et autres,Alberta,48,2.38
1996,Agriculture,Alberta,48,18.481
1996,Inventaire provincial,Colombie-Britannique,59,60.223
1996,Exploitation pétrolière et gazière,Colombie-Britannique,59,11.535
1996,Transports,Colombie-Britannique,59,18.144
1996,Industrie lourde,Colombie-Britannique,59,9.065
1996,"Fabrication légère, construction et ressources forestières",Colombie-Britannique,59,4.182
1996,Bâtiments,Colombie-Britannique,59,9.043
1996,Déchets et autres,Colombie-Britannique,59,2.881
1996,Agriculture,Colombie-Britannique,59,2.715
1996,Exploitation pétrolière et gazière,Canada,,159.019
1996,Transports,Canada,,129.036
1996,Industrie lourde,Canada,,103.488
1996,"Fabrication légère, construction et ressources forestières",Canada,,28.099
1996,Bâtiments,Canada,,83.865
1996,Déchets et autres,Canada,,21.876
1996,Agriculture,Canada,,60.499
1996,Inventaire provincial,Manitoba,46,20.207
1996,Exploitation pétrolière et gazière,Manitoba,46,1.916
1996,Transports,Manitoba,46,5.242
1996,Industrie lourde,Manitoba,46,1.279
1996,"Fabrication légère, construction et ressources forestières",Manitoba,46,0.651
1996,Bâtiments,Manitoba,46,3.371
1996,Déchets et autres,Manitoba,46,1.09
1996,Agriculture,Manitoba,46,6.351
1996,Inventaire provincial,Nouveau-Brunswick,13,17.075
1996,Exploitation pétrolière et gazière,Nouveau-Brunswick,13,1.571
1996,Transports,Nouveau-Brunswick,13,3.934
1996,Industrie lourde,Nouveau-Brunswick,13,1.883
1996,"Fabrication légère, construction et ressources forestières",Nouveau-Brunswick,13,0.705
1996,Bâtiments,Nouveau-Brunswick,13,1.329
1996,Déchets et autres,Nouveau-Brunswick,13,0.888
1996,Agriculture,Nouveau-Brunswick,13,0.575
1996,Inventaire provincial,Terre-Neuve-et-Labrador,10,8.963
1996,Exploitation pétrolière et gazière,Terre-Neuve-et-Labrador,10,1.174
1996,Transports,Terre-Neuve-et-Labrador,10,2.714
1996,Industrie lourde,Terre-Neuve-et-Labrador,10,1.958
1996,"Fabrication légère, construction et ressources forestières",Terre-Neuve-et-Labrador,10,0.239
1996,Bâtiments,Terre-Neuve-et-Labrador,10,0.915
1996,Déchets et autres,Terre-Neuve-et-Labrador,10,0.667
1996,Agriculture,Terre-Neuve-et-Labrador,10,0.11
1996,Inventaire territorial,Territoires du Nord-Ouest,61,2.12
1996,Exploitation pétrolière et gazière,Territoires du Nord-Ouest,61,0.222
1996,Transports,Territoires du Nord-Ouest,61,0.621
1996,Industrie lourde,Territoires du Nord-Ouest,61,0.498
1996,"Fabrication légère, construction et ressources forestières",Territoires du Nord-Ouest,61,0.011
1996,Bâtiments,Territoires du Nord-Ouest,61,0.604
1996,Déchets et autres,Territoires du Nord-Ouest,61,0.047
1996,Inventaire provincial,Nouvelle-Écosse,12,18.844
1996,Exploitation pétrolière et gazière,Nouvelle-Écosse,12,0.752
1996,Transports,Nouvelle-Écosse,12,4.334
1996,Industrie lourde,Nouvelle-Écosse,12,0.987
1996,"Fabrication légère, construction et ressources forestières",Nouvelle-Écosse,12,0.545
1996,Bâtiments,Nouvelle-Écosse,12,2.567
1996,Déchets et autres,Nouvelle-Écosse,12,0.805
1996,Agriculture,Nouvelle-Écosse,12,0.677
1996,Inventaire provincial,Ontario,35,187.786
1996,Exploitation pétrolière et gazière,Ontario,35,13.672
1996,Transports,Ontario,35,43.871
1996,Industrie lourde,Ontario,35,46.1
1996,"Fabrication légère, construction et ressources forestières",Ontario,35,10.649
1996,Bâtiments,Ontario,35,34.052
1996,Déchets et autres,Ontario,35,7.518
1996,Agriculture,Ontario,35,11.682
1996,Inventaire provincial,Île-du-Prince-Édouard,11,1.811
1996,Exploitation pétrolière et gazière,Île-du-Prince-Édouard,11,0.0
1996,Transports,Île-du-Prince-Édouard,11,0.604
1996,Industrie lourde,Île-du-Prince-Édouard,11,0.007
1996,"Fabrication légère, construction et ressources forestières",Île-du-Prince-Édouard,11,0.151
1996,Bâtiments,Île-du-Prince-Édouard,11,0.535
1996,Déchets et autres,Île-du-Prince-Édouard,11,0.086
1996,Agriculture,Île-du-Prince-Édouard,11,0.401
1996,Inventaire provincial,Québec,24,83.469
1996,Exploitation pétrolière et gazière,Québec,24,4.136
1996,Transports,Québec,24,26.786
1996,Industrie lourde,Québec,24,23.656
1996,"Fabrication légère, construction et ressources forestières",Québec,24,4.407
1996,Bâtiments,Québec,24,12.062
1996,Déchets et autres,Québec,24,4.263
1996,Agriculture,Québec,24,7.754
1996,Inventaire provincial,Saskatchewan,47,73.955
1996,Exploitation pétrolière et gazière,Saskatchewan,47,33.135
1996,Transports,Saskatchewan,47,5.771
1996,Industrie lourde,Saskatchewan,47,2.754
1996,"Fabrication légère, construction et ressources forestières",Saskatchewan,47,1.064
1996,Bâtiments,Saskatchewan,47,3.873
1996,Déchets et autres,Saskatchewan,47,1.226
1996,Agriculture,Saskatchewan,47,11.746
1996,Inventaire territorial,Yukon,60,0.546
1996,Exploitation pétrolière et gazière,Yukon,60,0.113
1996,Transports,Yukon,60,0.196
1996,Industrie lourde,Yukon,60,0.022
1996,"Fabrication légère, construction et ressources forestières",Yukon,60,0.012
1996,Bâtiments,Yukon,60,0.073
1996,Déchets et autres,Yukon,60,0.024
1996,Agriculture,Yukon,60,0.008
1997,Inventaire provincial,Alberta,48,218.644
1997,Exploitation pétrolière et gazière,Alberta,48,91.884
1997,Transports,Alberta,48,17.858
1997,Industrie lourde,Alberta,48,16.417
1997,"Fabrication légère, construction et ressources forestières",Alberta,48,5.634
1997,Bâtiments,Alberta,48,14.886
1997,Déchets et autres,Alberta,48,2.435
1997,Agriculture,Alberta,48,18.752
1997,Inventaire provincial,Colombie-Britannique,59,59.374
1997,Exploitation pétrolière et gazière,Colombie-Britannique,59,10.264
1997,Transports,Colombie-Britannique,59,18.809
1997,Industrie lourde,Colombie-Britannique,59,9.178
1997,"Fabrication légère, construction et ressources forestières",Colombie-Britannique,59,3.883
1997,Bâtiments,Colombie-Britannique,59,8.536
1997,Déchets et autres,Colombie-Britannique,59,2.77
1997,Agriculture,Colombie-Britannique,59,2.807
1997,Exploitation pétrolière et gazière,Canada,,160.747
1997,Transports,Canada,,133.366
1997,Industrie lourde,Canada,,103.404
1997,"Fabrication légère, construction et ressources forestières",Canada,,28.812
1997,Bâtiments,Canada,,81.402
1997,Déchets et autres,Canada,,22.0
1997,Agriculture,Canada,,61.306
1997,Inventaire provincial,Manitoba,46,20.057
1997,Exploitation pétrolière et gazière,Manitoba,46,1.798
1997,Transports,Manitoba,46,5.302
1997,Industrie lourde,Manitoba,46,1.188
1997,"Fabrication légère, construction et ressources forestières",Manitoba,46,0.703
1997,Bâtiments,Manitoba,46,3.18
1997,Déchets et autres,Manitoba,46,1.121
1997,Agriculture,Manitoba,46,6.489
1997,Inventaire provincial,Nouveau-Brunswick,13,19.647
1997,Exploitation pétrolière et gazière,Nouveau-Brunswick,13,1.648
1997,Transports,Nouveau-Brunswick,13,3.94
1997,Industrie lourde,Nouveau-Brunswick,13,1.733
1997,"Fabrication légère, construction et ressources forestières",Nouveau-Brunswick,13,0.751
1997,Bâtiments,Nouveau-Brunswick,13,1.468
1997,Déchets et autres,Nouveau-Brunswick,13,0.89
1997,Agriculture,Nouveau-Brunswick,13,0.597
1997,Inventaire provincial,Terre-Neuve-et-Labrador,10,9.542
1997,Exploitation pétrolière et gazière,Terre-Neuve-et-Labrador,10,1.356
1997,Transports,Terre-Neuve-et-Labrador,10,2.692
1997,Industrie lourde,Terre-Neuve-et-Labrador,10,2.191
1997,"Fabrication légère, construction et ressources forestières",Terre-Neuve-et-Labrador,10,0.275
1997,Bâtiments,Terre-Neuve-et-Labrador,10,0.998
1997,Déchets et autres,Terre-Neuve-et-Labrador,10,0.66
1997,Agriculture,Terre-Neuve-et-Labrador,10,0.126
1997,Inventaire territorial,Territoires du Nord-Ouest,61,1.935
1997,Exploitation pétrolière et gazière,Territoires du Nord-Ouest,61,0.154
1997,Transports,Territoires du Nord-Ouest,61,0.614
1997,Industrie lourde,Territoires du Nord-Ouest,61,0.423
1997,"Fabrication légère, construction et ressources forestières",Territoires du Nord-Ouest,61,0.012
1997,Bâtiments,Territoires du Nord-Ouest,61,0.555
1997,Déchets et autres,Territoires du Nord-Ouest,61,0.048
1997,Agriculture,Territoires du Nord-Ouest,61,0.0
1997,Inventaire provincial,Nouvelle-Écosse,12,19.633
1997,Exploitation pétrolière et gazière,Nouvelle-Écosse,12,0.685
1997,Transports,Nouvelle-Écosse,12,4.369
1997,Industrie lourde,Nouvelle-Écosse,12,0.858
1997,"Fabrication légère, construction et ressources forestières",Nouvelle-Écosse,12,0.624
1997,Bâtiments,Nouvelle-Écosse,12,2.821
1997,Déchets et autres,Nouvelle-Écosse,12,0.775
1997,Agriculture,Nouvelle-Écosse,12,0.729
1997,Inventaire provincial,Ontario,35,193.1
1997,Exploitation pétrolière et gazière,Ontario,35,13.56
1997,Transports,Ontario,35,46.081
1997,Industrie lourde,Ontario,35,45.022
1997,"Fabrication légère, construction et ressources forestières",Ontario,35,11.016
1997,Bâtiments,Ontario,35,33.3
1997,Déchets et autres,Ontario,35,7.252
1997,Agriculture,Ontario,35,11.638
1997,Inventaire provincial,Île-du-Prince-Édouard,11,1.878
1997,Exploitation pétrolière et gazière,Île-du-Prince-Édouard,11,0.0
1997,Transports,Île-du-Prince-Édouard,11,0.622
1997,Industrie lourde,Île-du-Prince-Édouard,11,0.007
1997,"Fabrication légère, construction et ressources forestières",Île-du-Prince-Édouard,11,0.172
1997,Bâtiments,Île-du-Prince-Édouard,11,0.551
1997,Déchets et autres,Île-du-Prince-Édouard,11,0.088
1997,Agriculture,Île-du-Prince-Édouard,11,0.404
1997,Inventaire provincial,Québec,24,83.978
1997,Exploitation pétrolière et gazière,Québec,24,3.84
1997,Transports,Québec,24,27.131
1997,Industrie lourde,Québec,24,23.624
1997,"Fabrication légère, construction et ressources forestières",Québec,24,4.712
1997,Bâtiments,Québec,24,11.725
1997,Déchets et autres,Québec,24,4.678
1997,Agriculture,Québec,24,7.824
1997,Inventaire provincial,Saskatchewan,47,76.494
1997,Exploitation pétrolière et gazière,Saskatchewan,47,35.421
1997,Transports,Saskatchewan,47,5.746
1997,Industrie lourde,Saskatchewan,47,2.751
1997,"Fabrication légère, construction et ressources forestières",Saskatchewan,47,1.013
1997,Bâtiments,Saskatchewan,47,3.316
1997,Déchets et autres,Saskatchewan,47,1.259
1997,Agriculture,Saskatchewan,47,11.933
1997,Inventaire territorial,Yukon,60,0.546
1997,Exploitation pétrolière et gazière,Yukon,60,0.136
1997,Transports,Yukon,60,0.201
1997,Industrie lourde,Yukon,60,0.013
1997,"Fabrication légère, construction et ressources forestières",Yukon,60,0.016
1997,Bâtiments,Yukon,60,0.065
1997,Déchets et autres,Yukon,60,0.024
1997,Agriculture,Yukon,60,0.008
1998,Inventaire provincial,Alberta,48,219.904
1998,Exploitation pétrolière et gazière,Alberta,48,93.533
1998,Transports,Alberta,48,18.798
1998,Industrie lourde,Alberta,48,16.674
1998,"Fabrication légère, construction et ressources forestières",Alberta,48,4.039
1998,Bâtiments,Alberta,48,14.118
1998,Déchets et autres,Alberta,48,2.593
1998,Agriculture,Alberta,48,19.154
1998,Inventaire provincial,Colombie-Britannique,59,60.484
1998,Exploitation pétrolière et gazière,Colombie-Britannique,59,11.455
1998,Transports,Colombie-Britannique,59,19.033
1998,Industrie lourde,Colombie-Britannique,59,9.04
1998,"Fabrication légère, construction et ressources forestières",Colombie-Britannique,59,3.795
1998,Bâtiments,Colombie-Britannique,59,7.984
1998,Déchets et autres,Colombie-Britannique,59,2.838
1998,Agriculture,Colombie-Britannique,59,2.726
1998,Exploitation pétrolière et gazière,Canada,,165.253
1998,Transports,Canada,,136.47
1998,Industrie lourde,Canada,,99.831
1998,"Fabrication légère, construction et ressources forestières",Canada,,26.514
1998,Bâtiments,Canada,,73.154
1998,Déchets et autres,Canada,,22.597
1998,Agriculture,Canada,,61.355
1998,Inventaire provincial,Manitoba,46,20.518
1998,Exploitation pétrolière et gazière,Manitoba,46,1.506
1998,Transports,Manitoba,46,5.253
1998,Industrie lourde,Manitoba,46,1.418
1998,"Fabrication légère, construction et ressources forestières",Manitoba,46,0.708
1998,Bâtiments,Manitoba,46,2.868
1998,Déchets et autres,Manitoba,46,1.151
1998,Agriculture,Manitoba,46,6.599
1998,Inventaire provincial,Nouveau-Brunswick,13,20.442
1998,Exploitation pétrolière et gazière,Nouveau-Brunswick,13,1.46
1998,Transports,Nouveau-Brunswick,13,4.015
1998,Industrie lourde,Nouveau-Brunswick,13,1.61
1998,"Fabrication légère, construction et ressources forestières",Nouveau-Brunswick,13,0.735
1998,Bâtiments,Nouveau-Brunswick,13,1.249
1998,Déchets et autres,Nouveau-Brunswick,13,0.89
1998,Agriculture,Nouveau-Brunswick,13,0.612
1998,Inventaire provincial,Terre-Neuve-et-Labrador,10,11.094
1998,Exploitation pétrolière et gazière,Terre-Neuve-et-Labrador,10,3.46
1998,Transports,Terre-Neuve-et-Labrador,10,2.742
1998,Industrie lourde,Terre-Neuve-et-Labrador,10,1.958
1998,"Fabrication légère, construction et ressources forestières",Terre-Neuve-et-Labrador,10,0.248
1998,Bâtiments,Terre-Neuve-et-Labrador,10,0.848
1998,Déchets et autres,Terre-Neuve-et-Labrador,10,0.653
1998,Agriculture,Terre-Neuve-et-Labrador,10,0.134
1998,Inventaire territorial,Territoires du Nord-Ouest,61,1.756
1998,Exploitation pétrolière et gazière,Territoires du Nord-Ouest,61,0.146
1998,Transports,Territoires du Nord-Ouest,61,0.584
1998,Industrie lourde,Territoires du Nord-Ouest,61,0.492
1998,"Fabrication légère, construction et ressources forestières",Territoires du Nord-Ouest,61,0.01
1998,Bâtiments,Territoires du Nord-Ouest,61,0.301
1998,Déchets et autres,Territoires du Nord-Ouest,61,0.049
1998,Agriculture,Territoires du Nord-Ouest,61,0.0
1998,Inventaire provincial,Nouvelle-Écosse,12,19.781
1998,Exploitation pétrolière et gazière,Nouvelle-Écosse,12,0.671
1998,Transports,Nouvelle-Écosse,12,4.5
1998,Industrie lourde,Nouvelle-Écosse,12,1.04
1998,"Fabrication légère, construction et ressources forestières",Nouvelle-Écosse,12,0.629
1998,Bâtiments,Nouvelle-Écosse,12,2.518
1998,Déchets et autres,Nouvelle-Écosse,12,0.781
1998,Agriculture,Nouvelle-Écosse,12,0.689
1998,Inventaire provincial,Ontario,35,194.383
1998,Exploitation pétrolière et gazière,Ontario,35,14.011
1998,Transports,Ontario,35,47.133
1998,Industrie lourde,Ontario,35,41.107
1998,"Fabrication légère, construction et ressources forestières",Ontario,35,10.882
1998,Bâtiments,Ontario,35,28.914
1998,Déchets et autres,Ontario,35,7.215
1998,Agriculture,Ontario,35,11.544
1998,Inventaire provincial,Île-du-Prince-Édouard,11,1.85
1998,Exploitation pétrolière et gazière,Île-du-Prince-Édouard,11,0.0
1998,Transports,Île-du-Prince-Édouard,11,0.657
1998,Industrie lourde,Île-du-Prince-Édouard,11,0.007
1998,"Fabrication légère, construction et ressources forestières",Île-du-Prince-Édouard,11,0.157
1998,Bâtiments,Île-du-Prince-Édouard,11,0.518
1998,Déchets et autres,Île-du-Prince-Édouard,11,0.089
1998,Agriculture,Île-du-Prince-Édouard,11,0.414
1998,Inventaire provincial,Québec,24,85.042
1998,Exploitation pétrolière et gazière,Québec,24,3.928
1998,Transports,Québec,24,27.877
1998,Industrie lourde,Québec,24,23.81
1998,"Fabrication légère, construction et ressources forestières",Québec,24,4.309
1998,Bâtiments,Québec,24,10.557
1998,Déchets et autres,Québec,24,5.024
1998,Agriculture,Québec,24,7.926
1998,Inventaire provincial,Saskatchewan,47,75.539
1998,Exploitation pétrolière et gazière,Saskatchewan,47,34.944
1998,Transports,Saskatchewan,47,5.676
1998,Industrie lourde,Saskatchewan,47,2.664
1998,"Fabrication légère, construction et ressources forestières",Saskatchewan,47,0.988
1998,Bâtiments,Saskatchewan,47,3.212
1998,Déchets et autres,Saskatchewan,47,1.288
1998,Agriculture,Saskatchewan,47,11.548
1998,Inventaire territorial,Yukon,60,0.498
1998,Exploitation pétrolière et gazière,Yukon,60,0.14
1998,Transports,Yukon,60,0.202
1998,Industrie lourde,Yukon,60,0.011
1998,"Fabrication légère, construction et ressources forestières",Yukon,60,0.013
1998,Bâtiments,Yukon,60,0.067
1998,Déchets et autres,Yukon,60,0.025
1998,Agriculture,Yukon,60,0.009
1999,Inventaire provincial,Alberta,48,225.815
1999,Exploitation pétrolière et gazière,Alberta,48,100.361
1999,Transports,Alberta,48,19.211
1999,Industrie lourde,Alberta,48,16.788
1999,"Fabrication légère, construction et ressources forestières",Alberta,48,4.606
1999,Bâtiments,Alberta,48,13.759
1999,Déchets et autres,Alberta,48,2.676
1999,Agriculture,Alberta,48,19.538
1999,Inventaire provincial,Colombie-Britannique,59,61.772
1999,Exploitation pétrolière et gazière,Colombie-Britannique,59,12.216
1999,Transports,Colombie-Britannique,59,19.183
1999,Industrie lourde,Colombie-Britannique,59,9.353
1999,"Fabrication légère, construction et ressources forestières",Colombie-Britannique,59,3.933
1999,Bâtiments,Colombie-Britannique,59,8.417
1999,Déchets et autres,Colombie-Britannique,59,2.845
1999,Agriculture,Colombie-Britannique,59,2.862
1999,Exploitation pétrolière et gazière,Canada,,171.477
1999,Transports,Canada,,140.533
1999,Industrie lourde,Canada,,97.512
1999,"Fabrication légère, construction et ressources forestières",Canada,,27.179
1999,Bâtiments,Canada,,77.073
1999,Déchets et autres,Canada,,23.225
1999,Agriculture,Canada,,61.493
1999,Inventaire provincial,Manitoba,46,20.288
1999,Exploitation pétrolière et gazière,Manitoba,46,1.555
1999,Transports,Manitoba,46,5.363
1999,Industrie lourde,Manitoba,46,1.466
1999,"Fabrication légère, construction et ressources forestières",Manitoba,46,0.791
1999,Bâtiments,Manitoba,46,2.882
1999,Déchets et autres,Manitoba,46,1.181
1999,Agriculture,Manitoba,46,6.442
1999,Inventaire provincial,Nouveau-Brunswick,13,19.443
1999,Exploitation pétrolière et gazière,Nouveau-Brunswick,13,1.538
1999,Transports,Nouveau-Brunswick,13,4.196
1999,Industrie lourde,Nouveau-Brunswick,13,1.668
1999,"Fabrication légère, construction et ressources forestières",Nouveau-Brunswick,13,0.778
1999,Bâtiments,Nouveau-Brunswick,13,1.209
1999,Déchets et autres,Nouveau-Brunswick,13,0.888
1999,Agriculture,Nouveau-Brunswick,13,0.621
1999,Inventaire provincial,Terre-Neuve-et-Labrador,10,9.913
1999,Exploitation pétrolière et gazière,Terre-Neuve-et-Labrador,10,2.741
1999,Transports,Terre-Neuve-et-Labrador,10,2.828
1999,Industrie lourde,Terre-Neuve-et-Labrador,10,1.694
1999,"Fabrication légère, construction et ressources forestières",Terre-Neuve-et-Labrador,10,0.229
1999,Bâtiments,Terre-Neuve-et-Labrador,10,0.823
1999,Déchets et autres,Terre-Neuve-et-Labrador,10,0.648
1999,Agriculture,Terre-Neuve-et-Labrador,10,0.122
1999,Inventaire territorial,Territoires du Nord-Ouest,61,1.252
1999,Exploitation pétrolière et gazière,Territoires du Nord-Ouest,61,0.162
1999,Transports,Territoires du Nord-Ouest,61,0.3
1999,Industrie lourde,Territoires du Nord-Ouest,61,0.38
1999,"Fabrication légère, construction et ressources forestières",Territoires du Nord-Ouest,61,0.011
1999,Bâtiments,Territoires du Nord-Ouest,61,0.282
1999,Déchets et autres,Territoires du Nord-Ouest,61,0.03
1999,Agriculture,Territoires du Nord-Ouest,61,0.0
1999,Inventaire provincial,Nouvelle-Écosse,12,20.393
1999,Exploitation pétrolière et gazière,Nouvelle-Écosse,12,0.649
1999,Transports,Nouvelle-Écosse,12,4.762
1999,Industrie lourde,Nouvelle-Écosse,12,1.091
1999,"Fabrication légère, construction et ressources forestières",Nouvelle-Écosse,12,0.598
1999,Bâtiments,Nouvelle-Écosse,12,2.681
1999,Déchets et autres,Nouvelle-Écosse,12,0.775
1999,Agriculture,Nouvelle-Écosse,12,0.672
1999,Inventaire territorial,Nunavut,62,0.467
1999,Transports,Nunavut,62,0.284
1999,Industrie lourde,Nunavut,62,0.087
1999,"Fabrication légère, construction et ressources forestières",Nunavut,62,0.013
1999,Bâtiments,Nunavut,62,0.046
1999,Déchets et autres,Nunavut,62,0.02
1999,Inventaire provincial,Ontario,35,199.378
1999,Exploitation pétrolière et gazière,Ontario,35,13.473
1999,Transports,Ontario,35,49.417
1999,Industrie lourde,Ontario,35,39.925
1999,"Fabrication légère, construction et ressources forestières",Ontario,35,10.657
1999,Bâtiments,Ontario,35,31.727
1999,Déchets et autres,Ontario,35,7.273
1999,Agriculture,Ontario,35,11.391
1999,Inventaire provincial,Île-du-Prince-Édouard,11,1.844
1999,Exploitation pétrolière et gazière,Île-du-Prince-Édouard,11,0.0
1999,Transports,Île-du-Prince-Édouard,11,0.693
1999,Industrie lourde,Île-du-Prince-Édouard,11,0.009
1999,"Fabrication légère, construction et ressources forestières",Île-du-Prince-Édouard,11,0.123
1999,Bâtiments,Île-du-Prince-Édouard,11,0.503
1999,Déchets et autres,Île-du-Prince-Édouard,11,0.091
1999,Agriculture,Île-du-Prince-Édouard,11,0.408
1999,Inventaire provincial,Québec,24,84.565
1999,Exploitation pétrolière et gazière,Québec,24,3.737
1999,Transports,Québec,24,28.283
1999,Industrie lourde,Québec,24,22.471
1999,"Fabrication légère, construction et ressources forestières",Québec,24,4.491
1999,Bâtiments,Québec,24,11.059
1999,Déchets et autres,Québec,24,5.461
1999,Agriculture,Québec,24,7.874
1999,Inventaire provincial,Saskatchewan,47,75.492
1999,Exploitation pétrolière et gazière,Saskatchewan,47,34.848
1999,Transports,Saskatchewan,47,5.791
1999,Industrie lourde,Saskatchewan,47,2.572
1999,"Fabrication légère, construction et ressources forestières",Saskatchewan,47,0.937
1999,Bâtiments,Saskatchewan,47,3.6
1999,Déchets et autres,Saskatchewan,47,1.313
1999,Agriculture,Saskatchewan,47,11.549
1999,Inventaire territorial,Yukon,60,0.59
1999,Exploitation pétrolière et gazière,Yukon,60,0.197
1999,Transports,Yukon,60,0.221
1999,Industrie lourde,Yukon,60,0.009
1999,"Fabrication légère, construction et ressources forestières",Yukon,60,0.012
1999,Bâtiments,Yukon,60,0.084
1999,Déchets et autres,Yukon,60,0.025
1999,Agriculture,Yukon,60,0.013
2000,Inventaire provincial,Alberta,48,235.601
2000,Exploitation pétrolière et gazière,Alberta,48,105.985
2000,Transports,Alberta,48,19.333
2000,Industrie lourde,Alberta,48,17.155
2000,"Fabrication légère, construction et ressources forestières",Alberta,48,4.572
2000,Bâtiments,Alberta,48,15.646
2000,Déchets et autres,Alberta,48,2.773
2000,Agriculture,Alberta,48,20.36
2000,Inventaire provincial,Colombie-Britannique,59,63.244
2000,Exploitation pétrolière et gazière,Colombie-Britannique,59,11.684
2000,Transports,Colombie-Britannique,59,18.867
2000,Industrie lourde,Colombie-Britannique,59,9.525
2000,"Fabrication légère, construction et ressources forestières",Colombie-Britannique,59,4.647
2000,Bâtiments,Colombie-Britannique,59,8.722
2000,Déchets et autres,Colombie-Britannique,59,2.937
2000,Agriculture,Colombie-Britannique,59,2.959
2000,Exploitation pétrolière et gazière,Canada,,179.086
2000,Transports,Canada,,141.729
2000,Industrie lourde,Canada,,97.3
2000,"Fabrication légère, construction et ressources forestières",Canada,,28.359
2000,Bâtiments,Canada,,83.637
2000,Déchets et autres,Canada,,23.681
2000,Agriculture,Canada,,62.586
2000,Inventaire provincial,Manitoba,46,20.918
2000,Exploitation pétrolière et gazière,Manitoba,46,1.302
2000,Transports,Manitoba,46,5.372
2000,Industrie lourde,Manitoba,46,1.435
2000,"Fabrication légère, construction et ressources forestières",Manitoba,46,0.792
2000,Bâtiments,Manitoba,46,3.167
2000,Déchets et autres,Manitoba,46,1.206
2000,Agriculture,Manitoba,46,6.571
2000,Inventaire provincial,Nouveau-Brunswick,13,20.683
2000,Exploitation pétrolière et gazière,Nouveau-Brunswick,13,1.904
2000,Transports,Nouveau-Brunswick,13,4.274
2000,Industrie lourde,Nouveau-Brunswick,13,1.753
2000,"Fabrication légère, construction et ressources forestières",Nouveau-Brunswick,13,0.822
2000,Bâtiments,Nouveau-Brunswick,13,1.465
2000,Déchets et autres,Nouveau-Brunswick,13,0.885
2000,Agriculture,Nouveau-Brunswick,13,0.592
2000,Inventaire provincial,Terre-Neuve-et-Labrador,10,9.484
2000,Exploitation pétrolière et gazière,Terre-Neuve-et-Labrador,10,1.881
2000,Transports,Terre-Neuve-et-Labrador,10,2.921
2000,Industrie lourde,Terre-Neuve-et-Labrador,10,2.009
2000,"Fabrication légère, construction et ressources forestières",Terre-Neuve-et-Labrador,10,0.236
2000,Bâtiments,Terre-Neuve-et-Labrador,10,0.859
2000,Déchets et autres,Terre-Neuve-et-Labrador,10,0.645
2000,Agriculture,Terre-Neuve-et-Labrador,10,0.111
2000,Inventaire territorial,Territoires du Nord-Ouest,61,1.527
2000,Exploitation pétrolière et gazière,Territoires du Nord-Ouest,61,0.391
2000,Transports,Territoires du Nord-Ouest,61,0.326
2000,Industrie lourde,Territoires du Nord-Ouest,61,0.376
2000,"Fabrication légère, construction et ressources forestières",Territoires du Nord-Ouest,61,0.008
2000,Bâtiments,Territoires du Nord-Ouest,61,0.289
2000,Déchets et autres,Territoires du Nord-Ouest,61,0.03
2000,Agriculture,Territoires du Nord-Ouest,61,0.0
2000,Inventaire provincial,Nouvelle-Écosse,12,21.894
2000,Exploitation pétrolière et gazière,Nouvelle-Écosse,12,1.136
2000,Transports,Nouvelle-Écosse,12,4.732
2000,Industrie lourde,Nouvelle-Écosse,12,1.116
2000,"Fabrication légère, construction et ressources forestières",Nouvelle-Écosse,12,0.557
2000,Bâtiments,Nouvelle-Écosse,12,2.747
2000,Déchets et autres,Nouvelle-Écosse,12,0.764
2000,Agriculture,Nouvelle-Écosse,12,0.715
2000,Inventaire territorial,Nunavut,62,0.58
2000,Transports,Nunavut,62,0.323
2000,Industrie lourde,Nunavut,62,0.141
2000,"Fabrication légère, construction et ressources forestières",Nunavut,62,0.003
2000,Bâtiments,Nunavut,62,0.059
2000,Déchets et autres,Nunavut,62,0.02
2000,Inventaire provincial,Ontario,35,209.442
2000,Exploitation pétrolière et gazière,Ontario,35,12.974
2000,Transports,Ontario,35,50.751
2000,Industrie lourde,Ontario,35,38.687
2000,"Fabrication légère, construction et ressources forestières",Ontario,35,10.945
2000,Bâtiments,Ontario,35,34.341
2000,Déchets et autres,Ontario,35,7.475
2000,Agriculture,Ontario,35,11.286
2000,Inventaire provincial,Île-du-Prince-Édouard,11,1.972
2000,Exploitation pétrolière et gazière,Île-du-Prince-Édouard,11,0.0
2000,Transports,Île-du-Prince-Édouard,11,0.684
2000,Industrie lourde,Île-du-Prince-Édouard,11,0.013
2000,"Fabrication légère, construction et ressources forestières",Île-du-Prince-Édouard,11,0.209
2000,Bâtiments,Île-du-Prince-Édouard,11,0.524
2000,Déchets et autres,Île-du-Prince-Édouard,11,0.092
2000,Agriculture,Île-du-Prince-Édouard,11,0.396
2000,Inventaire provincial,Québec,24,85.005
2000,Exploitation pétrolière et gazière,Québec,24,3.99
2000,Transports,Québec,24,27.973
2000,Industrie lourde,Québec,24,22.525
2000,"Fabrication légère, construction et ressources forestières",Québec,24,4.616
2000,Bâtiments,Québec,24,11.984
2000,Déchets et autres,Québec,24,5.493
2000,Agriculture,Québec,24,7.817
2000,Inventaire provincial,Saskatchewan,47,77.816
2000,Exploitation pétrolière et gazière,Saskatchewan,47,37.694
2000,Transports,Saskatchewan,47,5.974
2000,Industrie lourde,Saskatchewan,47,2.535
2000,"Fabrication légère, construction et ressources forestières",Saskatchewan,47,0.939
2000,Bâtiments,Saskatchewan,47,3.743
2000,Déchets et autres,Saskatchewan,47,1.335
2000,Agriculture,Saskatchewan,47,11.776
2000,Inventaire territorial,Yukon,60,0.53
2000,Exploitation pétrolière et gazière,Yukon,60,0.146
2000,Transports,Yukon,60,0.199
2000,Industrie lourde,Yukon,60,0.032
2000,"Fabrication légère, construction et ressources forestières",Yukon,60,0.013
2000,Bâtiments,Yukon,60,0.091
2000,Déchets et autres,Yukon,60,0.025
2000,Agriculture,Yukon,60,0.002
2001,Inventaire provincial,Alberta,48,235.999
2001,Exploitation pétrolière et gazière,Alberta,48,108.513
2001,Transports,Alberta,48,20.175
2001,Industrie lourde,Alberta,48,16.95
2001,"Fabrication légère, construction et ressources forestières",Alberta,48,3.562
2001,Bâtiments,Alberta,48,13.694
2001,Déchets et autres,Alberta,48,2.855
2001,Agriculture,Alberta,48,20.566
2001,Inventaire provincial,Colombie-Britannique,59,64.555
2001,Exploitation pétrolière et gazière,Colombie-Britannique,59,13.254
2001,Transports,Colombie-Britannique,59,18.573
2001,Industrie lourde,Colombie-Britannique,59,8.57
2001,"Fabrication légère, construction et ressources forestières",Colombie-Britannique,59,5.003
2001,Bâtiments,Colombie-Britannique,59,8.621
2001,Déchets et autres,Colombie-Britannique,59,2.737
2001,Agriculture,Colombie-Britannique,59,3.053
2001,Exploitation pétrolière et gazière,Canada,,182.347
2001,Transports,Canada,,141.84
2001,Industrie lourde,Canada,,91.705
2001,"Fabrication légère, construction et ressources forestières",Canada,,26.81
2001,Bâtiments,Canada,,80.327
2001,Déchets et autres,Canada,,23.282
2001,Agriculture,Canada,,62.539
2001,Inventaire provincial,Manitoba,46,19.762
2001,Exploitation pétrolière et gazière,Manitoba,46,0.976
2001,Transports,Manitoba,46,5.318
2001,Industrie lourde,Manitoba,46,1.401
2001,"Fabrication légère, construction et ressources forestières",Manitoba,46,0.815
2001,Bâtiments,Manitoba,46,2.931
2001,Déchets et autres,Manitoba,46,1.229
2001,Agriculture,Manitoba,46,6.536
2001,Inventaire provincial,Nouveau-Brunswick,13,22.533
2001,Exploitation pétrolière et gazière,Nouveau-Brunswick,13,2.54
2001,Transports,Nouveau-Brunswick,13,4.245
2001,Industrie lourde,Nouveau-Brunswick,13,1.843
2001,"Fabrication légère, construction et ressources forestières",Nouveau-Brunswick,13,0.793
2001,Bâtiments,Nouveau-Brunswick,13,1.213
2001,Déchets et autres,Nouveau-Brunswick,13,0.879
2001,Agriculture,Nouveau-Brunswick,13,0.533
2001,Inventaire provincial,Terre-Neuve-et-Labrador,10,10.185
2001,Exploitation pétrolière et gazière,Terre-Neuve-et-Labrador,10,1.792
2001,Transports,Terre-Neuve-et-Labrador,10,2.963
2001,Industrie lourde,Terre-Neuve-et-Labrador,10,1.796
2001,"Fabrication légère, construction et ressources forestières",Terre-Neuve-et-Labrador,10,0.284
2001,Bâtiments,Terre-Neuve-et-Labrador,10,0.93
2001,Déchets et autres,Terre-Neuve-et-Labrador,10,0.644
2001,Agriculture,Terre-Neuve-et-Labrador,10,0.066
2001,Inventaire territorial,Territoires du Nord-Ouest,61,1.914
2001,Exploitation pétrolière et gazière,Territoires du Nord-Ouest,61,0.514
2001,Transports,Territoires du Nord-Ouest,61,0.346
2001,Industrie lourde,Territoires du Nord-Ouest,61,0.572
2001,"Fabrication légère, construction et ressources forestières",Territoires du Nord-Ouest,61,0.011
2001,Bâtiments,Territoires du Nord-Ouest,61,0.285
2001,Déchets et autres,Territoires du Nord-Ouest,61,0.031
2001,Agriculture,Territoires du Nord-Ouest,61,0.021
2001,Inventaire provincial,Nouvelle-Écosse,12,21.113
2001,Exploitation pétrolière et gazière,Nouvelle-Écosse,12,1.001
2001,Transports,Nouvelle-Écosse,12,4.641
2001,Industrie lourde,Nouvelle-Écosse,12,0.868
2001,"Fabrication légère, construction et ressources forestières",Nouvelle-Écosse,12,0.555
2001,Bâtiments,Nouvelle-Écosse,12,2.967
2001,Déchets et autres,Nouvelle-Écosse,12,0.75
2001,Agriculture,Nouvelle-Écosse,12,0.606
2001,Inventaire territorial,Nunavut,62,0.683
2001,Transports,Nunavut,62,0.325
2001,Industrie lourde,Nunavut,62,0.22
2001,"Fabrication légère, construction et ressources forestières",Nunavut,62,0.004
2001,Bâtiments,Nunavut,62,0.059
2001,Déchets et autres,Nunavut,62,0.021
2001,Inventaire provincial,Ontario,35,201.391
2001,Exploitation pétrolière et gazière,Ontario,35,11.789
2001,Transports,Ontario,35,50.746
2001,Industrie lourde,Ontario,35,35.795
2001,"Fabrication légère, construction et ressources forestières",Ontario,35,10.293
2001,Bâtiments,Ontario,35,33.63
2001,Déchets et autres,Ontario,35,7.394
2001,Agriculture,Ontario,35,11.135
2001,Inventaire provincial,Île-du-Prince-Édouard,11,1.876
2001,Exploitation pétrolière et gazière,Île-du-Prince-Édouard,11,0.0
2001,Transports,Île-du-Prince-Édouard,11,0.68
2001,Industrie lourde,Île-du-Prince-Édouard,11,0.009
2001,"Fabrication légère, construction et ressources forestières",Île-du-Prince-Édouard,11,0.19
2001,Bâtiments,Île-du-Prince-Édouard,11,0.503
2001,Déchets et autres,Île-du-Prince-Édouard,11,0.093
2001,Agriculture,Île-du-Prince-Édouard,11,0.355
2001,Inventaire provincial,Québec,24,83.117
2001,Exploitation pétrolière et gazière,Québec,24,3.995
2001,Transports,Québec,24,27.602
2001,Industrie lourde,Québec,24,21.131
2001,"Fabrication légère, construction et ressources forestières",Québec,24,4.499
2001,Bâtiments,Québec,24,11.823
2001,Déchets et autres,Québec,24,5.267
2001,Agriculture,Québec,24,8.212
2001,Inventaire provincial,Saskatchewan,47,77.881
2001,Exploitation pétrolière et gazière,Saskatchewan,47,37.858
2001,Transports,Saskatchewan,47,6.002
2001,Industrie lourde,Saskatchewan,47,2.525
2001,"Fabrication légère, construction et ressources forestières",Saskatchewan,47,0.789
2001,Bâtiments,Saskatchewan,47,3.585
2001,Déchets et autres,Saskatchewan,47,1.356
2001,Agriculture,Saskatchewan,47,11.442
2001,Inventaire territorial,Yukon,60,0.526
2001,Exploitation pétrolière et gazière,Yukon,60,0.115
2001,Transports,Yukon,60,0.224
2001,Industrie lourde,Yukon,60,0.025
2001,"Fabrication légère, construction et ressources forestières",Yukon,60,0.012
2001,Bâtiments,Yukon,60,0.087
2001,Déchets et autres,Yukon,60,0.026
2001,Agriculture,Yukon,60,0.016
2002,Inventaire provincial,Alberta,48,237.993
2002,Exploitation pétrolière et gazière,Alberta,48,110.156
2002,Transports,Alberta,48,19.755
2002,Industrie lourde,Alberta,48,16.687
2002,"Fabrication légère, construction et ressources forestières",Alberta,48,3.441
2002,Bâtiments,Alberta,48,15.873
2002,Déchets et autres,Alberta,48,2.933
2002,Agriculture,Alberta,48,19.903
2002,Inventaire provincial,Colombie-Britannique,59,61.671
2002,Exploitation pétrolière et gazière,Colombie-Britannique,59,12.891
2002,Transports,Colombie-Britannique,59,18.435
2002,Industrie lourde,Colombie-Britannique,59,8.089
2002,"Fabrication légère, construction et ressources forestières",Colombie-Britannique,59,4.541
2002,Bâtiments,Colombie-Britannique,59,9.134
2002,Déchets et autres,Colombie-Britannique,59,2.741
2002,Agriculture,Colombie-Britannique,59,2.854
2002,Exploitation pétrolière et gazière,Canada,,188.13
2002,Transports,Canada,,143.944
2002,Industrie lourde,Canada,,92.15
2002,"Fabrication légère, construction et ressources forestières",Canada,,27.148
2002,Bâtiments,Canada,,84.723
2002,Déchets et autres,Canada,,23.728
2002,Agriculture,Canada,,62.203
2002,Inventaire provincial,Manitoba,46,20.62
2002,Exploitation pétrolière et gazière,Manitoba,46,1.078
2002,Transports,Manitoba,46,5.432
2002,Industrie lourde,Manitoba,46,1.397
2002,"Fabrication légère, construction et ressources forestières",Manitoba,46,0.97
2002,Bâtiments,Manitoba,46,3.121
2002,Déchets et autres,Manitoba,46,1.25
2002,Agriculture,Manitoba,46,6.91
2002,Inventaire provincial,Nouveau-Brunswick,13,21.193
2002,Exploitation pétrolière et gazière,Nouveau-Brunswick,13,2.868
2002,Transports,Nouveau-Brunswick,13,4.311
2002,Industrie lourde,Nouveau-Brunswick,13,1.727
2002,"Fabrication légère, construction et ressources forestières",Nouveau-Brunswick,13,0.728
2002,Bâtiments,Nouveau-Brunswick,13,1.179
2002,Déchets et autres,Nouveau-Brunswick,13,0.873
2002,Agriculture,Nouveau-Brunswick,13,0.551
2002,Inventaire provincial,Terre-Neuve-et-Labrador,10,12.182
2002,Exploitation pétrolière et gazière,Terre-Neuve-et-Labrador,10,3.459
2002,Transports,Terre-Neuve-et-Labrador,10,3.063
2002,Industrie lourde,Terre-Neuve-et-Labrador,10,1.78
2002,"Fabrication légère, construction et ressources forestières",Terre-Neuve-et-Labrador,10,0.259
2002,Bâtiments,Terre-Neuve-et-Labrador,10,1.012
2002,Déchets et autres,Terre-Neuve-et-Labrador,10,0.643
2002,Agriculture,Terre-Neuve-et-Labrador,10,0.068
2002,Inventaire territorial,Territoires du Nord-Ouest,61,1.588
2002,Exploitation pétrolière et gazière,Territoires du Nord-Ouest,61,0.486
2002,Transports,Territoires du Nord-Ouest,61,0.32
2002,Industrie lourde,Territoires du Nord-Ouest,61,0.38
2002,"Fabrication légère, construction et ressources forestières",Territoires du Nord-Ouest,61,0.009
2002,Bâtiments,Territoires du Nord-Ouest,61,0.259
2002,Déchets et autres,Territoires du Nord-Ouest,61,0.031
2002,Agriculture,Territoires du Nord-Ouest,61,0.024
2002,Inventaire provincial,Nouvelle-Écosse,12,20.376
2002,Exploitation pétrolière et gazière,Nouvelle-Écosse,12,1.378
2002,Transports,Nouvelle-Écosse,12,4.75
2002,Industrie lourde,Nouvelle-Écosse,12,1.056
2002,"Fabrication légère, construction et ressources forestières",Nouvelle-Écosse,12,0.629
2002,Bâtiments,Nouvelle-Écosse,12,2.937
2002,Déchets et autres,Nouvelle-Écosse,12,0.753
2002,Agriculture,Nouvelle-Écosse,12,0.589
2002,Inventaire territorial,Nunavut,62,0.735
2002,Transports,Nunavut,62,0.33
2002,Industrie lourde,Nunavut,62,0.251
2002,"Fabrication légère, construction et ressources forestières",Nunavut,62,0.003
2002,Bâtiments,Nunavut,62,0.062
2002,Déchets et autres,Nunavut,62,0.022
2002,Inventaire provincial,Ontario,35,206.218
2002,Exploitation pétrolière et gazière,Ontario,35,13.049
2002,Transports,Ontario,35,51.946
2002,Industrie lourde,Ontario,35,36.843
2002,"Fabrication légère, construction et ressources forestières",Ontario,35,10.996
2002,Bâtiments,Ontario,35,34.07
2002,Déchets et autres,Ontario,35,7.793
2002,Agriculture,Ontario,35,11.453
2002,Inventaire provincial,Île-du-Prince-Édouard,11,1.884
2002,Exploitation pétrolière et gazière,Île-du-Prince-Édouard,11,0.0
2002,Transports,Île-du-Prince-Édouard,11,0.695
2002,Industrie lourde,Île-du-Prince-Édouard,11,0.003
2002,"Fabrication légère, construction et ressources forestières",Île-du-Prince-Édouard,11,0.182
2002,Bâtiments,Île-du-Prince-Édouard,11,0.517
2002,Déchets et autres,Île-du-Prince-Édouard,11,0.095
2002,Agriculture,Île-du-Prince-Édouard,11,0.368
2002,Inventaire provincial,Québec,24,84.458
2002,Exploitation pétrolière et gazière,Québec,24,4.105
2002,Transports,Québec,24,28.171
2002,Industrie lourde,Québec,24,21.438
2002,"Fabrication légère, construction et ressources forestières",Québec,24,4.673
2002,Bâtiments,Québec,24,12.402
2002,Déchets et autres,Québec,24,5.194
2002,Agriculture,Québec,24,8.027
2002,Inventaire provincial,Saskatchewan,47,79.317
2002,Exploitation pétrolière et gazière,Saskatchewan,47,38.564
2002,Transports,Saskatchewan,47,6.501
2002,Industrie lourde,Saskatchewan,47,2.477
2002,"Fabrication légère, construction et ressources forestières",Saskatchewan,47,0.706
2002,Bâtiments,Saskatchewan,47,4.073
2002,Déchets et autres,Saskatchewan,47,1.374
2002,Agriculture,Saskatchewan,47,11.439
2002,Inventaire territorial,Yukon,60,0.516
2002,Exploitation pétrolière et gazière,Yukon,60,0.095
2002,Transports,Yukon,60,0.235
2002,Industrie lourde,Yukon,60,0.022
2002,"Fabrication légère, construction et ressources forestières",Yukon,60,0.012
2002,Bâtiments,Yukon,60,0.085
2002,Déchets et autres,Yukon,60,0.026
2002,Agriculture,Yukon,60,0.017
2003,Inventaire provincial,Alberta,48,246.459
2003,Exploitation pétrolière et gazière,Alberta,48,115.517
2003,Transports,Alberta,48,20.337
2003,Industrie lourde,Alberta,48,16.42
2003,"Fabrication légère, construction et ressources forestières",Alberta,48,3.039
2003,Bâtiments,Alberta,48,18.139
2003,Déchets et autres,Alberta,48,2.98
2003,Agriculture,Alberta,48,19.869
2003,Inventaire provincial,Colombie-Britannique,59,61.702
2003,Exploitation pétrolière et gazière,Colombie-Britannique,59,12.577
2003,Transports,Colombie-Britannique,59,19.28
2003,Industrie lourde,Colombie-Britannique,59,8.234
2003,"Fabrication légère, construction et ressources forestières",Colombie-Britannique,59,4.76
2003,Bâtiments,Colombie-Britannique,59,8.175
2003,Déchets et autres,Colombie-Britannique,59,2.851
2003,Agriculture,Colombie-Britannique,59,2.893
2003,Exploitation pétrolière et gazière,Canada,,192.284
2003,Transports,Canada,,149.198
2003,Industrie lourde,Canada,,91.001
2003,"Fabrication légère, construction et ressources forestières",Canada,,27.089
2003,Bâtiments,Canada,,89.988
2003,Déchets et autres,Canada,,23.403
2003,Agriculture,Canada,,64.04
2003,Inventaire provincial,Manitoba,46,20.89
2003,Exploitation pétrolière et gazière,Manitoba,46,0.821
2003,Transports,Manitoba,46,5.624
2003,Industrie lourde,Manitoba,46,1.366
2003,"Fabrication légère, construction et ressources forestières",Manitoba,46,0.852
2003,Bâtiments,Manitoba,46,2.949
2003,Déchets et autres,Manitoba,46,1.266
2003,Agriculture,Manitoba,46,7.194
2003,Inventaire provincial,Nouveau-Brunswick,13,20.881
2003,Exploitation pétrolière et gazière,Nouveau-Brunswick,13,2.667
2003,Transports,Nouveau-Brunswick,13,4.273
2003,Industrie lourde,Nouveau-Brunswick,13,1.651
2003,"Fabrication légère, construction et ressources forestières",Nouveau-Brunswick,13,0.737
2003,Bâtiments,Nouveau-Brunswick,13,1.403
2003,Déchets et autres,Nouveau-Brunswick,13,0.847
2003,Agriculture,Nouveau-Brunswick,13,0.56
2003,Inventaire provincial,Terre-Neuve-et-Labrador,10,12.02
2003,Exploitation pétrolière et gazière,Terre-Neuve-et-Labrador,10,2.949
2003,Transports,Terre-Neuve-et-Labrador,10,3.42
2003,Industrie lourde,Terre-Neuve-et-Labrador,10,2.021
2003,"Fabrication légère, construction et ressources forestières",Terre-Neuve-et-Labrador,10,0.226
2003,Bâtiments,Terre-Neuve-et-Labrador,10,1.085
2003,Déchets et autres,Terre-Neuve-et-Labrador,10,0.641
2003,Agriculture,Terre-Neuve-et-Labrador,10,0.091
2003,Inventaire territorial,Territoires du Nord-Ouest,61,1.462
2003,Exploitation pétrolière et gazière,Territoires du Nord-Ouest,61,0.385
2003,Transports,Territoires du Nord-Ouest,61,0.311
2003,Industrie lourde,Territoires du Nord-Ouest,61,0.367
2003,"Fabrication légère, construction et ressources forestières",Territoires du Nord-Ouest,61,0.015
2003,Bâtiments,Territoires du Nord-Ouest,61,0.282
2003,Déchets et autres,Territoires du Nord-Ouest,61,0.031
2003,Agriculture,Territoires du Nord-Ouest,61,0.016
2003,Inventaire provincial,Nouvelle-Écosse,12,21.901
2003,Exploitation pétrolière et gazière,Nouvelle-Écosse,12,1.722
2003,Transports,Nouvelle-Écosse,12,5.006
2003,Industrie lourde,Nouvelle-Écosse,12,1.063
2003,"Fabrication légère, construction et ressources forestières",Nouvelle-Écosse,12,0.554
2003,Bâtiments,Nouvelle-Écosse,12,3.269
2003,Déchets et autres,Nouvelle-Écosse,12,0.705
2003,Agriculture,Nouvelle-Écosse,12,0.542
2003,Inventaire territorial,Nunavut,62,0.774
2003,Transports,Nunavut,62,0.338
2003,Industrie lourde,Nunavut,62,0.225
2003,"Fabrication légère, construction et ressources forestières",Nunavut,62,0.007
2003,Bâtiments,Nunavut,62,0.062
2003,Déchets et autres,Nunavut,62,0.022
2003,Inventaire provincial,Ontario,35,208.254
2003,Exploitation pétrolière et gazière,Ontario,35,12.299
2003,Transports,Ontario,35,52.93
2003,Industrie lourde,Ontario,35,35.406
2003,"Fabrication légère, construction et ressources forestières",Ontario,35,11.56
2003,Bâtiments,Ontario,35,36.808
2003,Déchets et autres,Ontario,35,7.824
2003,Agriculture,Ontario,35,11.782
2003,Inventaire provincial,Île-du-Prince-Édouard,11,1.96
2003,Exploitation pétrolière et gazière,Île-du-Prince-Édouard,11,0.0
2003,Transports,Île-du-Prince-Édouard,11,0.719
2003,Industrie lourde,Île-du-Prince-Édouard,11,0.003
2003,"Fabrication légère, construction et ressources forestières",Île-du-Prince-Édouard,11,0.195
2003,Bâtiments,Île-du-Prince-Édouard,11,0.521
2003,Déchets et autres,Île-du-Prince-Édouard,11,0.106
2003,Agriculture,Île-du-Prince-Édouard,11,0.38
2003,Inventaire provincial,Québec,24,88.888
2003,Exploitation pétrolière et gazière,Québec,24,4.247
2003,Transports,Québec,24,29.956
2003,Industrie lourde,Québec,24,21.774
2003,"Fabrication légère, construction et ressources forestières",Québec,24,4.654
2003,Bâtiments,Québec,24,13.501
2003,Déchets et autres,Québec,24,4.728
2003,Agriculture,Québec,24,8.056
2003,Inventaire provincial,Saskatchewan,47,81.51
2003,Exploitation pétrolière et gazière,Saskatchewan,47,39.019
2003,Transports,Saskatchewan,47,6.791
2003,Industrie lourde,Saskatchewan,47,2.439
2003,"Fabrication légère, construction et ressources forestières",Saskatchewan,47,0.478
2003,Bâtiments,Saskatchewan,47,3.69
2003,Déchets et autres,Saskatchewan,47,1.375
2003,Agriculture,Saskatchewan,47,12.632
2003,Inventaire territorial,Yukon,60,0.511
2003,Exploitation pétrolière et gazière,Yukon,60,0.08
2003,Transports,Yukon,60,0.212
2003,Industrie lourde,Yukon,60,0.032
2003,"Fabrication légère, construction et ressources forestières",Yukon,60,0.011
2003,Bâtiments,Yukon,60,0.104
2003,Déchets et autres,Yukon,60,0.026
2003,Agriculture,Yukon,60,0.025
2004,Inventaire provincial,Alberta,48,245.306
2004,Exploitation pétrolière et gazière,Alberta,48,115.387
2004,Transports,Alberta,48,21.387
2004,Industrie lourde,Alberta,48,17.642
2004,"Fabrication légère, construction et ressources forestières",Alberta,48,2.961
2004,Bâtiments,Alberta,48,17.319
2004,Déchets et autres,Alberta,48,3.149
2004,Agriculture,Alberta,48,20.364
2004,Inventaire provincial,Colombie-Britannique,59,63.824
2004,Exploitation pétrolière et gazière,Colombie-Britannique,59,13.363
2004,Transports,Colombie-Britannique,59,20.37
2004,Industrie lourde,Colombie-Britannique,59,7.963
2004,"Fabrication légère, construction et ressources forestières",Colombie-Britannique,59,4.94
2004,Bâtiments,Colombie-Britannique,59,8.156
2004,Déchets et autres,Colombie-Britannique,59,2.747
2004,Agriculture,Colombie-Britannique,59,2.936
2004,Exploitation pétrolière et gazière,Canada,,193.59
2004,Transports,Canada,,153.88
2004,Industrie lourde,Canada,,93.449
2004,"Fabrication légère, construction et ressources forestières",Canada,,27.919
2004,Bâtiments,Canada,,88.548
2004,Déchets et autres,Canada,,23.324
2004,Agriculture,Canada,,65.044
2004,Inventaire provincial,Manitoba,46,21.111
2004,Exploitation pétrolière et gazière,Manitoba,46,0.75
2004,Transports,Manitoba,46,5.79
2004,Industrie lourde,Manitoba,46,1.435
2004,"Fabrication légère, construction et ressources forestières",Manitoba,46,0.969
2004,Bâtiments,Manitoba,46,2.955
2004,Déchets et autres,Manitoba,46,1.284
2004,Agriculture,Manitoba,46,7.313
2004,Inventaire provincial,Nouveau-Brunswick,13,21.544
2004,Exploitation pétrolière et gazière,Nouveau-Brunswick,13,2.699
2004,Transports,Nouveau-Brunswick,13,4.281
2004,Industrie lourde,Nouveau-Brunswick,13,1.643
2004,"Fabrication légère, construction et ressources forestières",Nouveau-Brunswick,13,0.778
2004,Bâtiments,Nouveau-Brunswick,13,1.639
2004,Déchets et autres,Nouveau-Brunswick,13,0.828
2004,Agriculture,Nouveau-Brunswick,13,0.563
2004,Inventaire provincial,Terre-Neuve-et-Labrador,10,11.223
2004,Exploitation pétrolière et gazière,Terre-Neuve-et-Labrador,10,2.708
2004,Transports,Terre-Neuve-et-Labrador,10,3.244
2004,Industrie lourde,Terre-Neuve-et-Labrador,10,1.885
2004,"Fabrication légère, construction et ressources forestières",Terre-Neuve-et-Labrador,10,0.268
2004,Bâtiments,Terre-Neuve-et-Labrador,10,1.115
2004,Déchets et autres,Terre-Neuve-et-Labrador,10,0.636
2004,Agriculture,Terre-Neuve-et-Labrador,10,0.079
2004,Inventaire territorial,Territoires du Nord-Ouest,61,1.401
2004,Exploitation pétrolière et gazière,Territoires du Nord-Ouest,61,0.341
2004,Transports,Territoires du Nord-Ouest,61,0.359
2004,Industrie lourde,Territoires du Nord-Ouest,61,0.323
2004,"Fabrication légère, construction et ressources forestières",Territoires du Nord-Ouest,61,0.013
2004,Bâtiments,Territoires du Nord-Ouest,61,0.272
2004,Déchets et autres,Territoires du Nord-Ouest,61,0.031
2004,Agriculture,Territoires du Nord-Ouest,61,0.002
2004,Inventaire provincial,Nouvelle-Écosse,12,23.024
2004,Exploitation pétrolière et gazière,Nouvelle-Écosse,12,1.306
2004,Transports,Nouvelle-Écosse,12,4.936
2004,Industrie lourde,Nouvelle-Écosse,12,1.04
2004,"Fabrication légère, construction et ressources forestières",Nouvelle-Écosse,12,0.641
2004,Bâtiments,Nouvelle-Écosse,12,2.96
2004,Déchets et autres,Nouvelle-Écosse,12,0.668
2004,Agriculture,Nouvelle-Écosse,12,0.552
2004,Inventaire territorial,Nunavut,62,0.812
2004,Transports,Nunavut,62,0.337
2004,Industrie lourde,Nunavut,62,0.243
2004,"Fabrication légère, construction et ressources forestières",Nunavut,62,0.004
2004,Bâtiments,Nunavut,62,0.064
2004,Déchets et autres,Nunavut,62,0.023
2004,Inventaire provincial,Ontario,35,204.094
2004,Exploitation pétrolière et gazière,Ontario,35,12.046
2004,Transports,Ontario,35,55.111
2004,Industrie lourde,Ontario,35,38.037
2004,"Fabrication légère, construction et ressources forestières",Ontario,35,11.489
2004,Bâtiments,Ontario,35,36.475
2004,Déchets et autres,Ontario,35,7.798
2004,Agriculture,Ontario,35,11.536
2004,Inventaire provincial,Île-du-Prince-Édouard,11,1.963
2004,Exploitation pétrolière et gazière,Île-du-Prince-Édouard,11,0.0
2004,Transports,Île-du-Prince-Édouard,11,0.722
2004,Industrie lourde,Île-du-Prince-Édouard,11,0.003
2004,"Fabrication légère, construction et ressources forestières",Île-du-Prince-Édouard,11,0.207
2004,Bâtiments,Île-du-Prince-Édouard,11,0.53
2004,Déchets et autres,Île-du-Prince-Édouard,11,0.094
2004,Agriculture,Île-du-Prince-Édouard,11,0.398
2004,Inventaire provincial,Québec,24,88.783
2004,Exploitation pétrolière et gazière,Québec,24,4.53
2004,Transports,Québec,24,30.34
2004,Industrie lourde,Québec,24,20.753
2004,"Fabrication légère, construction et ressources forestières",Québec,24,5.102
2004,Bâtiments,Québec,24,13.436
2004,Déchets et autres,Québec,24,4.664
2004,Agriculture,Québec,24,8.221
2004,Inventaire provincial,Saskatchewan,47,83.766
2004,Exploitation pétrolière et gazière,Saskatchewan,47,40.391
2004,Transports,Saskatchewan,47,6.802
2004,Industrie lourde,Saskatchewan,47,2.437
2004,"Fabrication légère, construction et ressources forestières",Saskatchewan,47,0.535
2004,Bâtiments,Saskatchewan,47,3.519
2004,Déchets et autres,Saskatchewan,47,1.376
2004,Agriculture,Saskatchewan,47,13.06
2004,Inventaire territorial,Yukon,60,0.498
2004,Exploitation pétrolière et gazière,Yukon,60,0.068
2004,Transports,Yukon,60,0.201
2004,Industrie lourde,Yukon,60,0.046
2004,"Fabrication légère, construction et ressources forestières",Yukon,60,0.013
2004,Bâtiments,Yukon,60,0.108
2004,Déchets et autres,Yukon,60,0.026
2004,Agriculture,Yukon,60,0.019
2005,Inventaire provincial,Alberta,48,251.168
2005,Exploitation pétrolière et gazière,Alberta,48,119.66
2005,Transports,Alberta,48,22.083
2005,Industrie lourde,Alberta,48,17.713
2005,"Fabrication légère, construction et ressources forestières",Alberta,48,2.797
2005,Bâtiments,Alberta,48,16.186
2005,Déchets et autres,Alberta,48,3.294
2005,Agriculture,Alberta,48,21.101
2005,Inventaire provincial,Colombie-Britannique,59,62.252
2005,Exploitation pétrolière et gazière,Colombie-Britannique,59,13.039
2005,Transports,Colombie-Britannique,59,19.636
2005,Industrie lourde,Colombie-Britannique,59,7.266
2005,"Fabrication légère, construction et ressources forestières",Colombie-Britannique,59,5.201
2005,Bâtiments,Colombie-Britannique,59,8.425
2005,Déchets et autres,Colombie-Britannique,59,2.703
2005,Agriculture,Colombie-Britannique,59,2.897
2005,Exploitation pétrolière et gazière,Canada,,197.589
2005,Transports,Canada,,156.201
2005,Industrie lourde,Canada,,88.635
2005,"Fabrication légère, construction et ressources forestières",Canada,,27.389
2005,Bâtiments,Canada,,84.683
2005,Déchets et autres,Canada,,23.488
2005,Agriculture,Canada,,66.189
2005,Inventaire provincial,Manitoba,46,20.84
2005,Exploitation pétrolière et gazière,Manitoba,46,0.964
2005,Transports,Manitoba,46,5.688
2005,Industrie lourde,Manitoba,46,1.576
2005,"Fabrication légère, construction et ressources forestières",Manitoba,46,1.028
2005,Bâtiments,Manitoba,46,2.683
2005,Déchets et autres,Manitoba,46,1.303
2005,Agriculture,Manitoba,46,7.233
2005,Inventaire provincial,Nouveau-Brunswick,13,20.001
2005,Exploitation pétrolière et gazière,Nouveau-Brunswick,13,2.823
2005,Transports,Nouveau-Brunswick,13,4.391
2005,Industrie lourde,Nouveau-Brunswick,13,1.294
2005,"Fabrication légère, construction et ressources forestières",Nouveau-Brunswick,13,0.681
2005,Bâtiments,Nouveau-Brunswick,13,1.439
2005,Déchets et autres,Nouveau-Brunswick,13,0.809
2005,Agriculture,Nouveau-Brunswick,13,0.538
2005,Inventaire provincial,Terre-Neuve-et-Labrador,10,10.681
2005,Exploitation pétrolière et gazière,Terre-Neuve-et-Labrador,10,2.573
2005,Transports,Terre-Neuve-et-Labrador,10,3.307
2005,Industrie lourde,Terre-Neuve-et-Labrador,10,2.189
2005,"Fabrication légère, construction et ressources forestières",Terre-Neuve-et-Labrador,10,0.284
2005,Bâtiments,Terre-Neuve-et-Labrador,10,0.798
2005,Déchets et autres,Terre-Neuve-et-Labrador,10,0.633
2005,Agriculture,Terre-Neuve-et-Labrador,10,0.075
2005,Inventaire territorial,Territoires du Nord-Ouest,61,1.721
2005,Exploitation pétrolière et gazière,Territoires du Nord-Ouest,61,0.253
2005,Transports,Territoires du Nord-Ouest,61,0.75
2005,Industrie lourde,Territoires du Nord-Ouest,61,0.324
2005,Bâtiments,Territoires du Nord-Ouest,61,0.251
2005,Déchets et autres,Territoires du Nord-Ouest,61,0.031
2005,Agriculture,Territoires du Nord-Ouest,61,0.002
2005,Inventaire provincial,Nouvelle-Écosse,12,22.024
2005,Exploitation pétrolière et gazière,Nouvelle-Écosse,12,1.493
2005,Transports,Nouvelle-Écosse,12,4.921
2005,Industrie lourde,Nouvelle-Écosse,12,1.06
2005,Déchets et autres,Nouvelle-Écosse,12,0.58
2005,Agriculture,Nouvelle-Écosse,12,0.548
2005,Inventaire territorial,Nunavut,62,0.642
2005,Transports,Nunavut,62,0.339
2005,Industrie lourde,Nunavut,62,0.097
2005,Déchets et autres,Nunavut,62,0.023
2005,Inventaire provincial,Ontario,35,203.405
2005,Exploitation pétrolière et gazière,Ontario,35,12.374
2005,Transports,Ontario,35,56.942
2005,Industrie lourde,Ontario,35,34.511
2005,"Fabrication légère, construction et ressources forestières",Ontario,35,11.459
2005,Bâtiments,Ontario,35,36.025
2005,Déchets et autres,Ontario,35,7.998
2005,Agriculture,Ontario,35,11.319
2005,Inventaire provincial,Île-du-Prince-Édouard,11,1.897
2005,Exploitation pétrolière et gazière,Île-du-Prince-Édouard,11,0.0
2005,Transports,Île-du-Prince-Édouard,11,0.712
2005,Industrie lourde,Île-du-Prince-Édouard,11,0.002
2005,"Fabrication légère, construction et ressources forestières",Île-du-Prince-Édouard,11,0.213
2005,Bâtiments,Île-du-Prince-Édouard,11,0.479
2005,Déchets et autres,Île-du-Prince-Édouard,11,0.092
2005,Agriculture,Île-du-Prince-Édouard,11,0.394
2005,Inventaire provincial,Québec,24,85.294
2005,Exploitation pétrolière et gazière,Québec,24,4.485
2005,Transports,Québec,24,30.247
2005,Industrie lourde,Québec,24,20.313
2005,"Fabrication légère, construction et ressources forestières",Québec,24,4.594
2005,Bâtiments,Québec,24,12.18
2005,Déchets et autres,Québec,24,4.617
2005,Agriculture,Québec,24,8.21
2005,Inventaire provincial,Saskatchewan,47,82.529
2005,Exploitation pétrolière et gazière,Saskatchewan,47,39.847
2005,Transports,Saskatchewan,47,6.91
2005,Industrie lourde,Saskatchewan,47,2.243
2005,"Fabrication légère, construction et ressources forestières",Saskatchewan,47,0.576
2005,Bâtiments,Saskatchewan,47,3.371
2005,Déchets et autres,Saskatchewan,47,1.378
2005,Agriculture,Saskatchewan,47,13.863
2005,Inventaire territorial,Yukon,60,0.564
2005,Exploitation pétrolière et gazière,Yukon,60,0.079
2005,Transports,Yukon,60,0.273
2005,Industrie lourde,Yukon,60,0.047
2005,"Fabrication légère, construction et ressources forestières",Yukon,60,0.017
2005,Bâtiments,Yukon,60,0.09
2005,Déchets et autres,Yukon,60,0.027
2005,Agriculture,Yukon,60,0.01
2006,Inventaire provincial,Alberta,48,260.234
2006,Exploitation pétrolière et gazière,Alberta,48,126.801
2006,Transports,Alberta,48,23.762
2006,Industrie lourde,Alberta,48,17.568
2006,"Fabrication légère, construction et ressources forestières",Alberta,48,3.287
2006,Bâtiments,Alberta,48,16.419
2006,Déchets et autres,Alberta,48,3.312
2006,Agriculture,Alberta,48,20.458
2006,Inventaire provincial,Colombie-Britannique,59,60.84
2006,Exploitation pétrolière et gazière,Colombie-Britannique,59,13.982
2006,Transports,Colombie-Britannique,59,19.553
2006,Industrie lourde,Colombie-Britannique,59,6.911
2006,"Fabrication légère, construction et ressources forestières",Colombie-Britannique,59,3.508
2006,Bâtiments,Colombie-Britannique,59,8.342
2006,Déchets et autres,Colombie-Britannique,59,2.841
2006,Agriculture,Colombie-Britannique,59,2.69
2006,Exploitation pétrolière et gazière,Canada,,205.574
2006,Transports,Canada,,156.954
2006,Industrie lourde,Canada,,88.463
2006,"Fabrication légère, construction et ressources forestières",Canada,,25.991
2006,Bâtiments,Canada,,79.562
2006,Déchets et autres,Canada,,23.639
2006,Agriculture,Canada,,64.839
2006,Inventaire provincial,Manitoba,46,21.25
2006,Exploitation pétrolière et gazière,Manitoba,46,0.976
2006,Transports,Manitoba,46,5.837
2006,Industrie lourde,Manitoba,46,1.631
2006,"Fabrication légère, construction et ressources forestières",Manitoba,46,1.017
2006,Bâtiments,Manitoba,46,2.368
2006,Déchets et autres,Manitoba,46,1.316
2006,Agriculture,Manitoba,46,7.673
2006,Inventaire provincial,Nouveau-Brunswick,13,19.131
2006,Exploitation pétrolière et gazière,Nouveau-Brunswick,13,2.945
2006,Transports,Nouveau-Brunswick,13,4.327
2006,Industrie lourde,Nouveau-Brunswick,13,1.1
2006,"Fabrication légère, construction et ressources forestières",Nouveau-Brunswick,13,0.822
2006,Bâtiments,Nouveau-Brunswick,13,1.453
2006,Déchets et autres,Nouveau-Brunswick,13,0.786
2006,Agriculture,Nouveau-Brunswick,13,0.532
2006,Inventaire provincial,Terre-Neuve-et-Labrador,10,10.313
2006,Exploitation pétrolière et gazière,Terre-Neuve-et-Labrador,10,2.936
2006,Transports,Terre-Neuve-et-Labrador,10,3.204
2006,Industrie lourde,Terre-Neuve-et-Labrador,10,1.848
2006,"Fabrication légère, construction et ressources forestières",Terre-Neuve-et-Labrador,10,0.271
2006,Bâtiments,Terre-Neuve-et-Labrador,10,0.695
2006,Déchets et autres,Terre-Neuve-et-Labrador,10,0.637
2006,Agriculture,Terre-Neuve-et-Labrador,10,0.078
2006,Inventaire territorial,Territoires du Nord-Ouest,61,1.628
2006,Exploitation pétrolière et gazière,Territoires du Nord-Ouest,61,0.203
2006,Transports,Territoires du Nord-Ouest,61,0.709
2006,Industrie lourde,Territoires du Nord-Ouest,61,0.345
2006,Bâtiments,Territoires du Nord-Ouest,61,0.242
2006,Déchets et autres,Territoires du Nord-Ouest,61,0.032
2006,Inventaire provincial,Nouvelle-Écosse,12,21.045
2006,Exploitation pétrolière et gazière,Nouvelle-Écosse,12,1.454
2006,Transports,Nouvelle-Écosse,12,4.861
2006,Industrie lourde,Nouvelle-Écosse,12,0.838
2006,"Fabrication légère, construction et ressources forestières",Nouvelle-Écosse,12,0.605
2006,Bâtiments,Nouvelle-Écosse,12,2.513
2006,Déchets et autres,Nouvelle-Écosse,12,0.523
2006,Agriculture,Nouvelle-Écosse,12,0.499
2006,Inventaire territorial,Nunavut,62,0.677
2006,Transports,Nunavut,62,0.343
2006,Industrie lourde,Nunavut,62,0.155
2006,Bâtiments,Nunavut,62,0.054
2006,Déchets et autres,Nunavut,62,0.023
2006,Inventaire provincial,Ontario,35,195.179
2006,Exploitation pétrolière et gazière,Ontario,35,12.2
2006,Transports,Ontario,35,55.544
2006,Industrie lourde,Ontario,35,35.712
2006,"Fabrication légère, construction et ressources forestières",Ontario,35,10.624
2006,Bâtiments,Ontario,35,32.585
2006,Déchets et autres,Ontario,35,7.836
2006,Agriculture,Ontario,35,11.271
2006,Inventaire provincial,Île-du-Prince-Édouard,11,1.852
2006,Exploitation pétrolière et gazière,Île-du-Prince-Édouard,11,0.0
2006,Transports,Île-du-Prince-Édouard,11,0.708
2006,Industrie lourde,Île-du-Prince-Édouard,11,0.004
2006,"Fabrication légère, construction et ressources forestières",Île-du-Prince-Édouard,11,0.223
2006,Bâtiments,Île-du-Prince-Édouard,11,0.449
2006,Déchets et autres,Île-du-Prince-Édouard,11,0.089
2006,Agriculture,Île-du-Prince-Édouard,11,0.37
2006,Inventaire provincial,Québec,24,84.377
2006,Exploitation pétrolière et gazière,Québec,24,4.541
2006,Transports,Québec,24,30.323
2006,Industrie lourde,Québec,24,19.953
2006,"Fabrication légère, construction et ressources forestières",Québec,24,4.783
2006,Bâtiments,Québec,24,11.061
2006,Déchets et autres,Québec,24,4.837
2006,Agriculture,Québec,24,7.929
2006,Inventaire provincial,Saskatchewan,47,81.998
2006,Exploitation pétrolière et gazière,Saskatchewan,47,39.443
2006,Transports,Saskatchewan,47,7.485
2006,Industrie lourde,Saskatchewan,47,2.346
2006,"Fabrication légère, construction et ressources forestières",Saskatchewan,47,0.818
2006,Bâtiments,Saskatchewan,47,3.288
2006,Déchets et autres,Saskatchewan,47,1.38
2006,Agriculture,Saskatchewan,47,13.333
2006,Inventaire territorial,Yukon,60,0.605
2006,Exploitation pétrolière et gazière,Yukon,60,0.093
2006,Transports,Yukon,60,0.299
2006,Industrie lourde,Yukon,60,0.051
2006,"Fabrication légère, construction et ressources forestières",Yukon,60,0.018
2006,Bâtiments,Yukon,60,0.093
2006,Déchets et autres,Yukon,60,0.027
2006,Agriculture,Yukon,60,0.008
2007,Inventaire provincial,Alberta,48,268.438
2007,Exploitation pétrolière et gazière,Alberta,48,130.7
2007,Transports,Alberta,48,26.127
2007,Industrie lourde,Alberta,48,16.735
2007,"Fabrication légère, construction et ressources forestières",Alberta,48,3.285
2007,Bâtiments,Alberta,48,18.498
2007,Déchets et autres,Alberta,48,3.377
2007,Agriculture,Alberta,48,20.377
2007,Inventaire provincial,Colombie-Britannique,59,61.685
2007,Exploitation pétrolière et gazière,Colombie-Britannique,59,14.477
2007,Transports,Colombie-Britannique,59,20.026
2007,Industrie lourde,Colombie-Britannique,59,6.815
2007,"Fabrication légère, construction et ressources forestières",Colombie-Britannique,59,3.64
2007,Bâtiments,Colombie-Britannique,59,8.288
2007,Déchets et autres,Colombie-Britannique,59,2.9
2007,Agriculture,Colombie-Britannique,59,2.593
2007,Exploitation pétrolière et gazière,Canada,,209.409
2007,Transports,Canada,,162.179
2007,Industrie lourde,Canada,,86.727
2007,"Fabrication légère, construction et ressources forestières",Canada,,26.048
2007,Bâtiments,Canada,,85.379
2007,Déchets et autres,Canada,,23.188
2007,Agriculture,Canada,,64.692
2007,Inventaire provincial,Manitoba,46,21.473
2007,Exploitation pétrolière et gazière,Manitoba,46,0.882
2007,Transports,Manitoba,46,6.225
2007,Industrie lourde,Manitoba,46,1.659
2007,"Fabrication légère, construction et ressources forestières",Manitoba,46,1.136
2007,Bâtiments,Manitoba,46,2.608
2007,Déchets et autres,Manitoba,46,1.336
2007,Agriculture,Manitoba,46,7.122
2007,Inventaire provincial,Nouveau-Brunswick,13,19.205
2007,Exploitation pétrolière et gazière,Nouveau-Brunswick,13,2.952
2007,Transports,Nouveau-Brunswick,13,4.223
2007,Industrie lourde,Nouveau-Brunswick,13,1.398
2007,"Fabrication légère, construction et ressources forestières",Nouveau-Brunswick,13,0.828
2007,Bâtiments,Nouveau-Brunswick,13,1.555
2007,Déchets et autres,Nouveau-Brunswick,13,0.712
2007,Agriculture,Nouveau-Brunswick,13,0.512
2007,Inventaire provincial,Terre-Neuve-et-Labrador,10,11.228
2007,Exploitation pétrolière et gazière,Terre-Neuve-et-Labrador,10,3.057
2007,Transports,Terre-Neuve-et-Labrador,10,3.47
2007,Industrie lourde,Terre-Neuve-et-Labrador,10,1.736
2007,"Fabrication légère, construction et ressources forestières",Terre-Neuve-et-Labrador,10,0.292
2007,Bâtiments,Terre-Neuve-et-Labrador,10,0.906
2007,Déchets et autres,Terre-Neuve-et-Labrador,10,0.642
2007,Agriculture,Terre-Neuve-et-Labrador,10,0.08
2007,Inventaire territorial,Territoires du Nord-Ouest,61,1.782
2007,Exploitation pétrolière et gazière,Territoires du Nord-Ouest,61,0.229
2007,Transports,Territoires du Nord-Ouest,61,0.829
2007,Industrie lourde,Territoires du Nord-Ouest,61,0.295
2007,Bâtiments,Territoires du Nord-Ouest,61,0.276
2007,Déchets et autres,Territoires du Nord-Ouest,61,0.032
2007,Agriculture,Territoires du Nord-Ouest,61,0.0
2007,Inventaire provincial,Nouvelle-Écosse,12,22.625
2007,Exploitation pétrolière et gazière,Nouvelle-Écosse,12,1.328
2007,Transports,Nouvelle-Écosse,12,4.718
2007,Industrie lourde,Nouvelle-Écosse,12,0.792
2007,"Fabrication légère, construction et ressources forestières",Nouvelle-Écosse,12,0.654
2007,Bâtiments,Nouvelle-Écosse,12,2.888
2007,Déchets et autres,Nouvelle-Écosse,12,0.495
2007,Agriculture,Nouvelle-Écosse,12,0.518
2007,Inventaire territorial,Nunavut,62,0.7
2007,Transports,Nunavut,62,0.341
2007,Industrie lourde,Nunavut,62,0.175
2007,Bâtiments,Nunavut,62,0.056
2007,Déchets et autres,Nunavut,62,0.024
2007,Inventaire provincial,Ontario,35,199.029
2007,Exploitation pétrolière et gazière,Ontario,35,11.938
2007,Transports,Ontario,35,55.206
2007,Industrie lourde,Ontario,35,34.812
2007,"Fabrication légère, construction et ressources forestières",Ontario,35,10.633
2007,Bâtiments,Ontario,35,35.134
2007,Déchets et autres,Ontario,35,7.711
2007,Agriculture,Ontario,35,11.052
2007,Inventaire provincial,Île-du-Prince-Édouard,11,1.92
2007,Exploitation pétrolière et gazière,Île-du-Prince-Édouard,11,0.0
2007,Transports,Île-du-Prince-Édouard,11,0.727
2007,Industrie lourde,Île-du-Prince-Édouard,11,0.006
2007,"Fabrication légère, construction et ressources forestières",Île-du-Prince-Édouard,11,0.229
2007,Bâtiments,Île-du-Prince-Édouard,11,0.524
2007,Déchets et autres,Île-du-Prince-Édouard,11,0.086
2007,Agriculture,Île-du-Prince-Édouard,11,0.343
2007,Inventaire provincial,Québec,24,86.742
2007,Exploitation pétrolière et gazière,Québec,24,4.608
2007,Transports,Québec,24,31.949
2007,Industrie lourde,Québec,24,19.695
2007,"Fabrication légère, construction et ressources forestières",Québec,24,4.447
2007,Bâtiments,Québec,24,11.427
2007,Déchets et autres,Québec,24,4.491
2007,Agriculture,Québec,24,8.505
2007,Inventaire provincial,Saskatchewan,47,83.104
2007,Exploitation pétrolière et gazière,Saskatchewan,47,39.138
2007,Transports,Saskatchewan,47,8.002
2007,Industrie lourde,Saskatchewan,47,2.575
2007,"Fabrication légère, construction et ressources forestières",Saskatchewan,47,0.86
2007,Bâtiments,Saskatchewan,47,3.123
2007,Déchets et autres,Saskatchewan,47,1.356
2007,Agriculture,Saskatchewan,47,13.589
2007,Inventaire territorial,Yukon,60,0.626
2007,Exploitation pétrolière et gazière,Yukon,60,0.099
2007,Transports,Yukon,60,0.337
2007,Industrie lourde,Yukon,60,0.035
2007,"Fabrication légère, construction et ressources forestières",Yukon,60,0.014
2007,Bâtiments,Yukon,60,0.096
2007,Déchets et autres,Yukon,60,0.027
2007,Agriculture,Yukon,60,0.001
2008,Inventaire provincial,Alberta,48,266.713
2008,Exploitation pétrolière et gazière,Alberta,48,129.48
2008,Transports,Alberta,48,26.454
2008,Industrie lourde,Alberta,48,16.423
2008,"Fabrication légère, construction et ressources forestières",Alberta,48,3.098
2008,Bâtiments,Alberta,48,18.31
2008,Déchets et autres,Alberta,48,3.51
2008,Agriculture,Alberta,48,20.322
2008,Inventaire provincial,Colombie-Britannique,59,62.077
2008,Exploitation pétrolière et gazière,Colombie-Britannique,59,15.073
2008,Transports,Colombie-Britannique,59,20.119
2008,Industrie lourde,Colombie-Britannique,59,6.668
2008,"Fabrication légère, construction et ressources forestières",Colombie-Britannique,59,3.121
2008,Bâtiments,Colombie-Britannique,59,8.484
2008,Déchets et autres,Colombie-Britannique,59,2.909
2008,Agriculture,Colombie-Britannique,59,2.496
2008,Exploitation pétrolière et gazière,Canada,,205.632
2008,Transports,Canada,,162.154
2008,Industrie lourde,Canada,,85.087
2008,"Fabrication légère, construction et ressources forestières",Canada,,24.433
2008,Bâtiments,Canada,,85.258
2008,Déchets et autres,Canada,,23.327
2008,Agriculture,Canada,,63.987
2008,Inventaire provincial,Manitoba,46,21.355
2008,Exploitation pétrolière et gazière,Manitoba,46,0.769
2008,Transports,Manitoba,46,5.805
2008,Industrie lourde,Manitoba,46,1.732
2008,"Fabrication légère, construction et ressources forestières",Manitoba,46,1.128
2008,Bâtiments,Manitoba,46,2.785
2008,Déchets et autres,Manitoba,46,1.354
2008,Agriculture,Manitoba,46,7.332
2008,Inventaire provincial,Nouveau-Brunswick,13,18.115
2008,Exploitation pétrolière et gazière,Nouveau-Brunswick,13,3.022
2008,Transports,Nouveau-Brunswick,13,4.131
2008,Industrie lourde,Nouveau-Brunswick,13,1.019
2008,"Fabrication légère, construction et ressources forestières",Nouveau-Brunswick,13,0.69
2008,Bâtiments,Nouveau-Brunswick,13,1.553
2008,Déchets et autres,Nouveau-Brunswick,13,0.666
2008,Agriculture,Nouveau-Brunswick,13,0.484
2008,Inventaire provincial,Terre-Neuve-et-Labrador,10,10.888
2008,Exploitation pétrolière et gazière,Terre-Neuve-et-Labrador,10,2.596
2008,Transports,Terre-Neuve-et-Labrador,10,3.715
2008,Industrie lourde,Terre-Neuve-et-Labrador,10,1.8
2008,"Fabrication légère, construction et ressources forestières",Terre-Neuve-et-Labrador,10,0.219
2008,Bâtiments,Terre-Neuve-et-Labrador,10,0.907
2008,Déchets et autres,Terre-Neuve-et-Labrador,10,0.643
2008,Agriculture,Terre-Neuve-et-Labrador,10,0.083
2008,Inventaire territorial,Territoires du Nord-Ouest,61,1.601
2008,Exploitation pétrolière et gazière,Territoires du Nord-Ouest,61,0.128
2008,Transports,Territoires du Nord-Ouest,61,0.662
2008,Industrie lourde,Territoires du Nord-Ouest,61,0.32
2008,Bâtiments,Territoires du Nord-Ouest,61,0.35
2008,Déchets et autres,Territoires du Nord-Ouest,61,0.032
2008,Inventaire provincial,Nouvelle-Écosse,12,20.715
2008,Exploitation pétrolière et gazière,Nouvelle-Écosse,12,1.464
2008,Transports,Nouvelle-Écosse,12,4.792
2008,Industrie lourde,Nouvelle-Écosse,12,0.828
2008,"Fabrication légère, construction et ressources forestières",Nouvelle-Écosse,12,0.591
2008,Bâtiments,Nouvelle-Écosse,12,2.699
2008,Déchets et autres,Nouvelle-Écosse,12,0.508
2008,Agriculture,Nouvelle-Écosse,12,0.5
2008,Inventaire territorial,Nunavut,62,0.677
2008,Transports,Nunavut,62,0.333
2008,Industrie lourde,Nunavut,62,0.135
2008,Bâtiments,Nunavut,62,0.057
2008,Déchets et autres,Nunavut,62,0.025
2008,Inventaire provincial,Ontario,35,191.207
2008,Exploitation pétrolière et gazière,Ontario,35,11.209
2008,Transports,Ontario,35,54.633
2008,Industrie lourde,Ontario,35,34.15
2008,"Fabrication légère, construction et ressources forestières",Ontario,35,10.213
2008,Bâtiments,Ontario,35,35.663
2008,Déchets et autres,Ontario,35,7.815
2008,Agriculture,Ontario,35,10.684
2008,Inventaire provincial,Île-du-Prince-Édouard,11,1.832
2008,Exploitation pétrolière et gazière,Île-du-Prince-Édouard,11,0.0
2008,Transports,Île-du-Prince-Édouard,11,0.721
2008,Industrie lourde,Île-du-Prince-Édouard,11,0.005
2008,"Fabrication légère, construction et ressources forestières",Île-du-Prince-Édouard,11,0.207
2008,Bâtiments,Île-du-Prince-Édouard,11,0.48
2008,Déchets et autres,Île-du-Prince-Édouard,11,0.089
2008,Agriculture,Île-du-Prince-Édouard,11,0.326
2008,Inventaire provincial,Québec,24,82.949
2008,Exploitation pétrolière et gazière,Québec,24,4.41
2008,Transports,Québec,24,31.926
2008,Industrie lourde,Québec,24,18.989
2008,"Fabrication légère, construction et ressources forestières",Québec,24,4.176
2008,Bâtiments,Québec,24,10.541
2008,Déchets et autres,Québec,24,4.39
2008,Agriculture,Québec,24,8.028
2008,Inventaire provincial,Saskatchewan,47,82.456
2008,Exploitation pétrolière et gazière,Saskatchewan,47,37.424
2008,Transports,Saskatchewan,47,8.526
2008,Industrie lourde,Saskatchewan,47,2.983
2008,"Fabrication légère, construction et ressources forestières",Saskatchewan,47,0.918
2008,Bâtiments,Saskatchewan,47,3.323
2008,Déchets et autres,Saskatchewan,47,1.361
2008,Agriculture,Saskatchewan,47,13.731
2008,Inventaire territorial,Yukon,60,0.62
2008,Exploitation pétrolière et gazière,Yukon,60,0.057
2008,Transports,Yukon,60,0.338
2008,Industrie lourde,Yukon,60,0.035
2008,"Fabrication légère, construction et ressources forestières",Yukon,60,0.039
2008,Bâtiments,Yukon,60,0.106
2008,Déchets et autres,Yukon,60,0.027
2008,Agriculture,Yukon,60,0.001
2009,Inventaire provincial,Alberta,48,259.871
2009,Exploitation pétrolière et gazière,Alberta,48,128.42
2009,Transports,Alberta,48,26.429
2009,Industrie lourde,Alberta,48,15.299
2009,"Fabrication légère, construction et ressources forestières",Alberta,48,2.528
2009,Bâtiments,Alberta,48,18.272
2009,Déchets et autres,Alberta,48,3.62
2009,Agriculture,Alberta,48,19.035
2009,Inventaire provincial,Colombie-Britannique,59,58.639
2009,Exploitation pétrolière et gazière,Colombie-Britannique,59,14.679
2009,Transports,Colombie-Britannique,59,19.516
2009,Industrie lourde,Colombie-Britannique,59,6.131
2009,"Fabrication légère, construction et ressources forestières",Colombie-Britannique,59,2.168
2009,Bâtiments,Colombie-Britannique,59,8.161
2009,Déchets et autres,Colombie-Britannique,59,2.987
2009,Agriculture,Colombie-Britannique,59,2.27
2009,Exploitation pétrolière et gazière,Canada,,200.198
2009,Transports,Canada,,161.116
2009,Industrie lourde,Canada,,71.864
2009,"Fabrication légère, construction et ressources forestières",Canada,,20.985
2009,Bâtiments,Canada,,83.652
2009,Déchets et autres,Canada,,22.123
2009,Agriculture,Canada,,61.108
2009,Inventaire provincial,Manitoba,46,19.847
2009,Exploitation pétrolière et gazière,Manitoba,46,0.675
2009,Transports,Manitoba,46,5.748
2009,Industrie lourde,Manitoba,46,1.602
2009,"Fabrication légère, construction et ressources forestières",Manitoba,46,0.938
2009,Bâtiments,Manitoba,46,2.645
2009,Déchets et autres,Manitoba,46,1.37
2009,Agriculture,Manitoba,46,6.664
2009,Inventaire provincial,Nouveau-Brunswick,13,17.779
2009,Exploitation pétrolière et gazière,Nouveau-Brunswick,13,3.363
2009,Transports,Nouveau-Brunswick,13,3.864
2009,Industrie lourde,Nouveau-Brunswick,13,1.02
2009,"Fabrication légère, construction et ressources forestières",Nouveau-Brunswick,13,0.614
2009,Bâtiments,Nouveau-Brunswick,13,1.314
2009,Déchets et autres,Nouveau-Brunswick,13,0.658
2009,Agriculture,Nouveau-Brunswick,13,0.517
2009,Inventaire provincial,Terre-Neuve-et-Labrador,10,10.203
2009,Exploitation pétrolière et gazière,Terre-Neuve-et-Labrador,10,2.694
2009,Transports,Terre-Neuve-et-Labrador,10,3.417
2009,Industrie lourde,Terre-Neuve-et-Labrador,10,1.612
2009,"Fabrication légère, construction et ressources forestières",Terre-Neuve-et-Labrador,10,0.252
2009,Bâtiments,Terre-Neuve-et-Labrador,10,0.752
2009,Déchets et autres,Terre-Neuve-et-Labrador,10,0.567
2009,Agriculture,Terre-Neuve-et-Labrador,10,0.084
2009,Inventaire territorial,Territoires du Nord-Ouest,61,1.465
2009,Exploitation pétrolière et gazière,Territoires du Nord-Ouest,61,0.045
2009,Transports,Territoires du Nord-Ouest,61,0.56
2009,Industrie lourde,Territoires du Nord-Ouest,61,0.385
2009,Bâtiments,Territoires du Nord-Ouest,61,0.365
2009,Déchets et autres,Territoires du Nord-Ouest,61,0.033
2009,Inventaire provincial,Nouvelle-Écosse,12,20.121
2009,Exploitation pétrolière et gazière,Nouvelle-Écosse,12,1.502
2009,Transports,Nouvelle-Écosse,12,4.631
2009,Industrie lourde,Nouvelle-Écosse,12,0.593
2009,"Fabrication légère, construction et ressources forestières",Nouvelle-Écosse,12,0.518
2009,Bâtiments,Nouvelle-Écosse,12,2.651
2009,Déchets et autres,Nouvelle-Écosse,12,0.478
2009,Agriculture,Nouvelle-Écosse,12,0.47
2009,Inventaire territorial,Nunavut,62,0.647
2009,Transports,Nunavut,62,0.295
2009,Industrie lourde,Nunavut,62,0.144
2009,Bâtiments,Nunavut,62,0.058
2009,Déchets et autres,Nunavut,62,0.026
2009,Inventaire provincial,Ontario,35,165.778
2009,Exploitation pétrolière et gazière,Ontario,35,10.049
2009,Transports,Ontario,35,55.298
2009,Industrie lourde,Ontario,35,25.71
2009,"Fabrication légère, construction et ressources forestières",Ontario,35,8.572
2009,Bâtiments,Ontario,35,33.803
2009,Déchets et autres,Ontario,35,7.415
2009,Agriculture,Ontario,35,10.584
2009,Inventaire provincial,Île-du-Prince-Édouard,11,1.81
2009,Exploitation pétrolière et gazière,Île-du-Prince-Édouard,11,0.0
2009,Transports,Île-du-Prince-Édouard,11,0.7
2009,Industrie lourde,Île-du-Prince-Édouard,11,0.004
2009,"Fabrication légère, construction et ressources forestières",Île-du-Prince-Édouard,11,0.187
2009,Bâtiments,Île-du-Prince-Édouard,11,0.506
2009,Déchets et autres,Île-du-Prince-Édouard,11,0.088
2009,Agriculture,Île-du-Prince-Édouard,11,0.318
2009,Inventaire provincial,Québec,24,81.001
2009,Exploitation pétrolière et gazière,Québec,24,4.269
2009,Transports,Québec,24,31.271
2009,Industrie lourde,Québec,24,17.275
2009,"Fabrication légère, construction et ressources forestières",Québec,24,4.407
2009,Bâtiments,Québec,24,11.354
2009,Déchets et autres,Québec,24,3.488
2009,Agriculture,Québec,24,8.256
2009,Inventaire provincial,Saskatchewan,47,79.367
2009,Exploitation pétrolière et gazière,Saskatchewan,47,34.48
2009,Transports,Saskatchewan,47,9.037
2009,Industrie lourde,Saskatchewan,47,2.051
2009,"Fabrication légère, construction et ressources forestières",Saskatchewan,47,0.749
2009,Bâtiments,Saskatchewan,47,3.684
2009,Déchets et autres,Saskatchewan,47,1.367
2009,Agriculture,Saskatchewan,47,12.91
2009,Inventaire territorial,Yukon,60,0.579
2009,Exploitation pétrolière et gazière,Yukon,60,0.022
2009,Transports,Yukon,60,0.35
2009,Industrie lourde,Yukon,60,0.037
2009,"Fabrication légère, construction et ressources forestières",Yukon,60,0.037
2009,Bâtiments,Yukon,60,0.087
2009,Déchets et autres,Yukon,60,0.028
2009,Agriculture,Yukon,60,0.002
2010,Inventaire provincial,Alberta,48,269.028
2010,Exploitation pétrolière et gazière,Alberta,48,135.201
2010,Transports,Alberta,48,27.703
2010,Industrie lourde,Alberta,48,16.674
2010,"Fabrication légère, construction et ressources forestières",Alberta,48,2.897
2010,Bâtiments,Alberta,48,18.039
2010,Déchets et autres,Alberta,48,3.639
2010,Agriculture,Alberta,48,19.067
2010,Inventaire provincial,Colombie-Britannique,59,59.484
2010,Exploitation pétrolière et gazière,Colombie-Britannique,59,14.868
2010,Transports,Colombie-Britannique,59,19.643
2010,Industrie lourde,Colombie-Britannique,59,5.967
2010,"Fabrication légère, construction et ressources forestières",Colombie-Britannique,59,2.38
2010,Bâtiments,Colombie-Britannique,59,8.182
2010,Déchets et autres,Colombie-Britannique,59,2.928
2010,Agriculture,Colombie-Britannique,59,2.482
2010,Exploitation pétrolière et gazière,Canada,,205.919
2010,Transports,Canada,,165.618
2010,Industrie lourde,Canada,,75.814
2010,"Fabrication légère, construction et ressources forestières",Canada,,22.536
2010,Bâtiments,Canada,,81.478
2010,Déchets et autres,Canada,,21.701
2010,Agriculture,Canada,,61.188
2010,Inventaire provincial,Manitoba,46,19.421
2010,Exploitation pétrolière et gazière,Manitoba,46,0.598
2010,Transports,Manitoba,46,5.948
2010,Industrie lourde,Manitoba,46,1.309
2010,"Fabrication légère, construction et ressources forestières",Manitoba,46,0.936
2010,Bâtiments,Manitoba,46,2.607
2010,Déchets et autres,Manitoba,46,1.392
2010,Agriculture,Manitoba,46,6.533
2010,Inventaire provincial,Nouveau-Brunswick,13,17.787
2010,Exploitation pétrolière et gazière,Nouveau-Brunswick,13,4.196
2010,Transports,Nouveau-Brunswick,13,4.121
2010,Industrie lourde,Nouveau-Brunswick,13,1.119
2010,"Fabrication légère, construction et ressources forestières",Nouveau-Brunswick,13,0.76
2010,Bâtiments,Nouveau-Brunswick,13,1.519
2010,Déchets et autres,Nouveau-Brunswick,13,0.651
2010,Agriculture,Nouveau-Brunswick,13,0.588
2010,Inventaire provincial,Terre-Neuve-et-Labrador,10,10.248
2010,Exploitation pétrolière et gazière,Terre-Neuve-et-Labrador,10,2.565
2010,Transports,Terre-Neuve-et-Labrador,10,3.505
2010,Industrie lourde,Terre-Neuve-et-Labrador,10,1.638
2010,"Fabrication légère, construction et ressources forestières",Terre-Neuve-et-Labrador,10,0.328
2010,Bâtiments,Terre-Neuve-et-Labrador,10,0.806
2010,Déchets et autres,Terre-Neuve-et-Labrador,10,0.568
2010,Agriculture,Terre-Neuve-et-Labrador,10,0.101
2010,Inventaire territorial,Territoires du Nord-Ouest,61,1.489
2010,Exploitation pétrolière et gazière,Territoires du Nord-Ouest,61,0.129
2010,Transports,Territoires du Nord-Ouest,61,0.486
2010,Industrie lourde,Territoires du Nord-Ouest,61,0.44
2010,Bâtiments,Territoires du Nord-Ouest,61,0.323
2010,Déchets et autres,Territoires du Nord-Ouest,61,0.033
2010,Inventaire provincial,Nouvelle-Écosse,12,20.094
2010,Exploitation pétrolière et gazière,Nouvelle-Écosse,12,1.49
2010,Transports,Nouvelle-Écosse,12,4.704
2010,Industrie lourde,Nouvelle-Écosse,12,0.744
2010,"Fabrication légère, construction et ressources forestières",Nouvelle-Écosse,12,0.582
2010,Bâtiments,Nouvelle-Écosse,12,2.617
2010,Déchets et autres,Nouvelle-Écosse,12,0.488
2010,Agriculture,Nouvelle-Écosse,12,0.483
2010,Inventaire territorial,Nunavut,62,0.651
2010,Transports,Nunavut,62,0.296
2010,Industrie lourde,Nunavut,62,0.144
2010,Bâtiments,Nunavut,62,0.06
2010,Déchets et autres,Nunavut,62,0.027
2010,Inventaire provincial,Ontario,35,173.969
2010,Exploitation pétrolière et gazière,Ontario,35,10.03
2010,Transports,Ontario,35,57.085
2010,Industrie lourde,Ontario,35,28.445
2010,"Fabrication légère, construction et ressources forestières",Ontario,35,8.806
2010,Bâtiments,Ontario,35,32.847
2010,Déchets et autres,Ontario,35,7.025
2010,Agriculture,Ontario,35,10.815
2010,Inventaire provincial,Île-du-Prince-Édouard,11,1.843
2010,Exploitation pétrolière et gazière,Île-du-Prince-Édouard,11,0.0
2010,Transports,Île-du-Prince-Édouard,11,0.713
2010,Industrie lourde,Île-du-Prince-Édouard,11,0.004
2010,"Fabrication légère, construction et ressources forestières",Île-du-Prince-Édouard,11,0.246
2010,Bâtiments,Île-du-Prince-Édouard,11,0.469
2010,Déchets et autres,Île-du-Prince-Édouard,11,0.087
2010,Agriculture,Île-du-Prince-Édouard,11,0.323
2010,Inventaire provincial,Québec,24,78.917
2010,Exploitation pétrolière et gazière,Québec,24,3.138
2010,Transports,Québec,24,31.608
2010,Industrie lourde,Québec,24,16.789
2010,"Fabrication légère, construction et ressources forestières",Québec,24,4.809
2010,Bâtiments,Québec,24,10.307
2010,Déchets et autres,Québec,24,3.458
2010,Agriculture,Québec,24,8.35
2010,Inventaire provincial,Saskatchewan,47,78.755
2010,Exploitation pétrolière et gazière,Saskatchewan,47,33.674
2010,Transports,Saskatchewan,47,9.409
2010,Industrie lourde,Saskatchewan,47,2.482
2010,"Fabrication légère, construction et ressources forestières",Saskatchewan,47,0.747
2010,Bâtiments,Saskatchewan,47,3.619
2010,Déchets et autres,Saskatchewan,47,1.376
2010,Agriculture,Saskatchewan,47,12.443
2010,Inventaire territorial,Yukon,60,0.648
2010,Exploitation pétrolière et gazière,Yukon,60,0.03
2010,Transports,Yukon,60,0.398
2010,Industrie lourde,Yukon,60,0.059
2010,"Fabrication légère, construction et ressources forestières",Yukon,60,0.031
2010,Bâtiments,Yukon,60,0.081
2010,Déchets et autres,Yukon,60,0.028
2010,Agriculture,Yukon,60,0.003
2011,Inventaire provincial,Alberta,48,277.403
2011,Exploitation pétrolière et gazière,Alberta,48,141.866
2011,Transports,Alberta,48,26.346
2011,Industrie lourde,Alberta,48,18.312
2011,"Fabrication légère, construction et ressources forestières",Alberta,48,3.129
2011,Bâtiments,Alberta,48,19.185
2011,Déchets et autres,Alberta,48,3.736
2011,Agriculture,Alberta,48,19.05
2011,Inventaire provincial,Colombie-Britannique,59,58.343
2011,Exploitation pétrolière et gazière,Colombie-Britannique,59,15.279
2011,Transports,Colombie-Britannique,59,18.444
2011,Industrie lourde,Colombie-Britannique,59,6.146
2011,"Fabrication légère, construction et ressources forestières",Colombie-Britannique,59,2.446
2011,Bâtiments,Colombie-Britannique,59,8.269
2011,Déchets et autres,Colombie-Britannique,59,2.928
2011,Agriculture,Colombie-Britannique,59,2.448
2011,Exploitation pétrolière et gazière,Canada,,212.058
2011,Transports,Canada,,163.818
2011,Industrie lourde,Canada,,81.851
2011,"Fabrication légère, construction et ressources forestières",Canada,,23.941
2011,Bâtiments,Canada,,85.896
2011,Déchets et autres,Canada,,21.63
2011,Agriculture,Canada,,61.825
2011,Inventaire provincial,Manitoba,46,19.164
2011,Exploitation pétrolière et gazière,Manitoba,46,0.704
2011,Transports,Manitoba,46,5.736
2011,Industrie lourde,Manitoba,46,1.273
2011,"Fabrication légère, construction et ressources forestières",Manitoba,46,0.959
2011,Bâtiments,Manitoba,46,2.648
2011,Déchets et autres,Manitoba,46,1.408
2011,Agriculture,Manitoba,46,6.307
2011,Inventaire provincial,Nouveau-Brunswick,13,17.914
2011,Exploitation pétrolière et gazière,Nouveau-Brunswick,13,3.595
2011,Transports,Nouveau-Brunswick,13,4.8
2011,Industrie lourde,Nouveau-Brunswick,13,1.235
2011,"Fabrication légère, construction et ressources forestières",Nouveau-Brunswick,13,0.722
2011,Bâtiments,Nouveau-Brunswick,13,1.927
2011,Déchets et autres,Nouveau-Brunswick,13,0.67
2011,Agriculture,Nouveau-Brunswick,13,0.572
2011,Inventaire provincial,Terre-Neuve-et-Labrador,10,10.419
2011,Exploitation pétrolière et gazière,Terre-Neuve-et-Labrador,10,2.226
2011,Transports,Terre-Neuve-et-Labrador,10,3.996
2011,Industrie lourde,Terre-Neuve-et-Labrador,10,1.412
2011,"Fabrication légère, construction et ressources forestières",Terre-Neuve-et-Labrador,10,0.386
2011,Bâtiments,Terre-Neuve-et-Labrador,10,0.913
2011,Déchets et autres,Terre-Neuve-et-Labrador,10,0.572
2011,Agriculture,Terre-Neuve-et-Labrador,10,0.122
2011,Inventaire territorial,Territoires du Nord-Ouest,61,1.486
2011,Exploitation pétrolière et gazière,Territoires du Nord-Ouest,61,0.1
2011,Transports,Territoires du Nord-Ouest,61,0.591
2011,Industrie lourde,Territoires du Nord-Ouest,61,0.318
2011,Bâtiments,Territoires du Nord-Ouest,61,0.326
2011,Déchets et autres,Territoires du Nord-Ouest,61,0.034
2011,Inventaire provincial,Nouvelle-Écosse,12,20.622
2011,Exploitation pétrolière et gazière,Nouvelle-Écosse,12,1.593
2011,Transports,Nouvelle-Écosse,12,5.073
2011,Industrie lourde,Nouvelle-Écosse,12,0.763
2011,"Fabrication légère, construction et ressources forestières",Nouvelle-Écosse,12,0.583
2011,Bâtiments,Nouvelle-Écosse,12,2.983
2011,Déchets et autres,Nouvelle-Écosse,12,0.48
2011,Agriculture,Nouvelle-Écosse,12,0.521
2011,Inventaire territorial,Nunavut,62,0.726
2011,Transports,Nunavut,62,0.313
2011,Industrie lourde,Nunavut,62,0.197
2011,Bâtiments,Nunavut,62,0.062
2011,Déchets et autres,Nunavut,62,0.028
2011,Inventaire provincial,Ontario,35,171.991
2011,Exploitation pétrolière et gazière,Ontario,35,9.629
2011,Transports,Ontario,35,56.736
2011,Industrie lourde,Ontario,35,30.572
2011,"Fabrication légère, construction et ressources forestières",Ontario,35,9.224
2011,Bâtiments,Ontario,35,35.267
2011,Déchets et autres,Ontario,35,7.176
2011,Agriculture,Ontario,35,11.231
2011,Inventaire provincial,Île-du-Prince-Édouard,11,1.996
2011,Exploitation pétrolière et gazière,Île-du-Prince-Édouard,11,0.0
2011,Transports,Île-du-Prince-Édouard,11,0.786
2011,Industrie lourde,Île-du-Prince-Édouard,11,0.005
2011,"Fabrication légère, construction et ressources forestières",Île-du-Prince-Édouard,11,0.208
2011,Bâtiments,Île-du-Prince-Édouard,11,0.582
2011,Déchets et autres,Île-du-Prince-Édouard,11,0.085
2011,Agriculture,Île-du-Prince-Édouard,11,0.329
2011,Inventaire provincial,Québec,24,80.527
2011,Exploitation pétrolière et gazière,Québec,24,2.731
2011,Transports,Québec,24,32.141
2011,Industrie lourde,Québec,24,18.184
2011,"Fabrication légère, construction et ressources forestières",Québec,24,5.357
2011,Bâtiments,Québec,24,10.234
2011,Déchets et autres,Québec,24,3.099
2011,Agriculture,Québec,24,8.35
2011,Inventaire provincial,Saskatchewan,47,78.925
2011,Exploitation pétrolière et gazière,Saskatchewan,47,34.312
2011,Transports,Saskatchewan,47,8.488
2011,Industrie lourde,Saskatchewan,47,3.327
2011,"Fabrication légère, construction et ressources forestières",Saskatchewan,47,0.841
2011,Bâtiments,Saskatchewan,47,3.402
2011,Déchets et autres,Saskatchewan,47,1.385
2011,Agriculture,Saskatchewan,47,12.888
2011,Inventaire territorial,Yukon,60,0.684
2011,Exploitation pétrolière et gazière,Yukon,60,0.023
2011,Transports,Yukon,60,0.368
2011,Industrie lourde,Yukon,60,0.106
2011,"Fabrication légère, construction et ressources forestières",Yukon,60,0.028
2011,Bâtiments,Yukon,60,0.098
2011,Déchets et autres,Yukon,60,0.029
2011,Agriculture,Yukon,60,0.005
2012,Inventaire provincial,Alberta,48,284.664
2012,Exploitation pétrolière et gazière,Alberta,48,146.553
2012,Transports,Alberta,48,27.401
2012,Industrie lourde,Alberta,48,18.291
2012,"Fabrication légère, construction et ressources forestières",Alberta,48,3.028
2012,Bâtiments,Alberta,48,22.85
2012,Déchets et autres,Alberta,48,3.857
2012,Agriculture,Alberta,48,19.336
2012,Inventaire provincial,Colombie-Britannique,59,58.618
2012,Exploitation pétrolière et gazière,Colombie-Britannique,59,14.688
2012,Transports,Colombie-Britannique,59,19.327
2012,Industrie lourde,Colombie-Britannique,59,6.056
2012,"Fabrication légère, construction et ressources forestières",Colombie-Britannique,59,2.676
2012,Bâtiments,Colombie-Britannique,59,7.992
2012,Déchets et autres,Colombie-Britannique,59,2.707
2012,Agriculture,Colombie-Britannique,59,2.604
2012,Exploitation pétrolière et gazière,Canada,,218.643
2012,Transports,Canada,,164.165
2012,Industrie lourde,Canada,,81.926
2012,"Fabrication légère, construction et ressources forestières",Canada,,23.812
2012,Bâtiments,Canada,,84.377
2012,Déchets et autres,Canada,,21.546
2012,Agriculture,Canada,,63.859
2012,Inventaire provincial,Manitoba,46,20.581
2012,Exploitation pétrolière et gazière,Manitoba,46,0.773
2012,Transports,Manitoba,46,6.601
2012,Industrie lourde,Manitoba,46,1.181
2012,"Fabrication légère, construction et ressources forestières",Manitoba,46,1.159
2012,Bâtiments,Manitoba,46,2.492
2012,Déchets et autres,Manitoba,46,1.426
2012,Agriculture,Manitoba,46,6.836
2012,Inventaire provincial,Nouveau-Brunswick,13,16.33
2012,Exploitation pétrolière et gazière,Nouveau-Brunswick,13,3.466
2012,Transports,Nouveau-Brunswick,13,4.447
2012,Industrie lourde,Nouveau-Brunswick,13,1.098
2012,"Fabrication légère, construction et ressources forestières",Nouveau-Brunswick,13,0.55
2012,Bâtiments,Nouveau-Brunswick,13,1.887
2012,Déchets et autres,Nouveau-Brunswick,13,0.626
2012,Agriculture,Nouveau-Brunswick,13,0.561
2012,Inventaire provincial,Terre-Neuve-et-Labrador,10,10.082
2012,Exploitation pétrolière et gazière,Terre-Neuve-et-Labrador,10,2.256
2012,Transports,Terre-Neuve-et-Labrador,10,3.812
2012,Industrie lourde,Terre-Neuve-et-Labrador,10,1.367
2012,"Fabrication légère, construction et ressources forestières",Terre-Neuve-et-Labrador,10,0.426
2012,Bâtiments,Terre-Neuve-et-Labrador,10,0.712
2012,Déchets et autres,Terre-Neuve-et-Labrador,10,0.595
2012,Agriculture,Terre-Neuve-et-Labrador,10,0.145
2012,Inventaire territorial,Territoires du Nord-Ouest,61,1.573
2012,Exploitation pétrolière et gazière,Territoires du Nord-Ouest,61,0.116
2012,Transports,Territoires du Nord-Ouest,61,0.617
2012,Industrie lourde,Territoires du Nord-Ouest,61,0.445
2012,Bâtiments,Territoires du Nord-Ouest,61,0.278
2012,Déchets et autres,Territoires du Nord-Ouest,61,0.035
2012,Inventaire provincial,Nouvelle-Écosse,12,19.015
2012,Exploitation pétrolière et gazière,Nouvelle-Écosse,12,1.55
2012,Transports,Nouvelle-Écosse,12,4.953
2012,Industrie lourde,Nouvelle-Écosse,12,0.727
2012,"Fabrication légère, construction et ressources forestières",Nouvelle-Écosse,12,0.5
2012,Bâtiments,Nouvelle-Écosse,12,2.518
2012,Déchets et autres,Nouvelle-Écosse,12,0.495
2012,Agriculture,Nouvelle-Écosse,12,0.475
2012,Inventaire territorial,Nunavut,62,0.77
2012,Transports,Nunavut,62,0.344
2012,Industrie lourde,Nunavut,62,0.206
2012,Bâtiments,Nunavut,62,0.064
2012,Déchets et autres,Nunavut,62,0.029
2012,Inventaire provincial,Ontario,35,168.006
2012,Exploitation pétrolière et gazière,Ontario,35,10.165
2012,Transports,Ontario,35,54.299
2012,Industrie lourde,Ontario,35,31.284
2012,"Fabrication légère, construction et ressources forestières",Ontario,35,9.0
2012,Bâtiments,Ontario,35,32.826
2012,Déchets et autres,Ontario,35,7.128
2012,Agriculture,Ontario,35,11.233
2012,Inventaire provincial,Île-du-Prince-Édouard,11,1.922
2012,Exploitation pétrolière et gazière,Île-du-Prince-Édouard,11,0.0
2012,Transports,Île-du-Prince-Édouard,11,0.781
2012,Industrie lourde,Île-du-Prince-Édouard,11,0.005
2012,"Fabrication légère, construction et ressources forestières",Île-du-Prince-Édouard,11,0.232
2012,Bâtiments,Île-du-Prince-Édouard,11,0.488
2012,Déchets et autres,Île-du-Prince-Édouard,11,0.084
2012,Agriculture,Île-du-Prince-Édouard,11,0.321
2012,Inventaire provincial,Québec,24,79.324
2012,Exploitation pétrolière et gazière,Québec,24,2.691
2012,Transports,Québec,24,31.886
2012,Industrie lourde,Québec,24,17.924
2012,"Fabrication légère, construction et ressources forestières",Québec,24,5.365
2012,Bâtiments,Québec,24,8.973
2012,Déchets et autres,Québec,24,3.138
2012,Agriculture,Québec,24,8.806
2012,Inventaire provincial,Saskatchewan,47,82.65
2012,Exploitation pétrolière et gazière,Saskatchewan,47,36.36
2012,Transports,Saskatchewan,47,9.335
2012,Industrie lourde,Saskatchewan,47,3.228
2012,"Fabrication légère, construction et ressources forestières",Saskatchewan,47,0.829
2012,Bâtiments,Saskatchewan,47,3.197
2012,Déchets et autres,Saskatchewan,47,1.397
2012,Agriculture,Saskatchewan,47,13.536
2012,Inventaire territorial,Yukon,60,0.677
2012,Exploitation pétrolière et gazière,Yukon,60,0.026
2012,Transports,Yukon,60,0.363
2012,Industrie lourde,Yukon,60,0.114
2012,"Fabrication légère, construction et ressources forestières",Yukon,60,0.023
2012,Bâtiments,Yukon,60,0.098
2012,Déchets et autres,Yukon,60,0.029
2012,Agriculture,Yukon,60,0.005
2013,Inventaire provincial,Alberta,48,291.528
2013,Exploitation pétrolière et gazière,Alberta,48,151.546
2013,Transports,Alberta,48,29.02
2013,Industrie lourde,Alberta,48,18.767
2013,"Fabrication légère, construction et ressources forestières",Alberta,48,3.267
2013,Bâtiments,Alberta,48,20.423
2013,Déchets et autres,Alberta,48,4.031
2013,Agriculture,Alberta,48,19.764
2013,Inventaire provincial,Colombie-Britannique,59,59.506
2013,Exploitation pétrolière et gazière,Colombie-Britannique,59,14.825
2013,Transports,Colombie-Britannique,59,20.164
2013,Industrie lourde,Colombie-Britannique,59,5.773
2013,"Fabrication légère, construction et ressources forestières",Colombie-Britannique,59,2.872
2013,Bâtiments,Colombie-Britannique,59,7.914
2013,Déchets et autres,Colombie-Britannique,59,2.567
2013,Agriculture,Colombie-Britannique,59,2.669
2013,Exploitation pétrolière et gazière,Canada,,225.093
2013,Transports,Canada,,165.924
2013,Industrie lourde,Canada,,80.508
2013,"Fabrication légère, construction et ressources forestières",Canada,,24.132
2013,Bâtiments,Canada,,85.092
2013,Déchets et autres,Canada,,21.848
2013,Agriculture,Canada,,65.542
2013,Inventaire provincial,Manitoba,46,21.032
2013,Exploitation pétrolière et gazière,Manitoba,46,0.906
2013,Transports,Manitoba,46,6.375
2013,Industrie lourde,Manitoba,46,1.372
2013,"Fabrication légère, construction et ressources forestières",Manitoba,46,0.982
2013,Bâtiments,Manitoba,46,2.864
2013,Déchets et autres,Manitoba,46,1.387
2013,Agriculture,Manitoba,46,7.024
2013,Inventaire provincial,Nouveau-Brunswick,13,14.303
2013,Exploitation pétrolière et gazière,Nouveau-Brunswick,13,3.361
2013,Transports,Nouveau-Brunswick,13,3.603
2013,Industrie lourde,Nouveau-Brunswick,13,0.915
2013,"Fabrication légère, construction et ressources forestières",Nouveau-Brunswick,13,0.551
2013,Bâtiments,Nouveau-Brunswick,13,1.102
2013,Déchets et autres,Nouveau-Brunswick,13,0.647
2013,Agriculture,Nouveau-Brunswick,13,0.526
2013,Inventaire provincial,Terre-Neuve-et-Labrador,10,10.184
2013,Exploitation pétrolière et gazière,Terre-Neuve-et-Labrador,10,2.421
2013,Transports,Terre-Neuve-et-Labrador,10,3.579
2013,Industrie lourde,Terre-Neuve-et-Labrador,10,1.304
2013,"Fabrication légère, construction et ressources forestières",Terre-Neuve-et-Labrador,10,0.335
2013,Bâtiments,Terre-Neuve-et-Labrador,10,0.971
2013,Déchets et autres,Terre-Neuve-et-Labrador,10,0.602
2013,Agriculture,Terre-Neuve-et-Labrador,10,0.104
2013,Inventaire territorial,Territoires du Nord-Ouest,61,1.576
2013,Exploitation pétrolière et gazière,Territoires du Nord-Ouest,61,0.035
2013,Transports,Territoires du Nord-Ouest,61,0.625
2013,Industrie lourde,Territoires du Nord-Ouest,61,0.516
2013,Bâtiments,Territoires du Nord-Ouest,61,0.289
2013,Déchets et autres,Territoires du Nord-Ouest,61,0.035
2013,Inventaire provincial,Nouvelle-Écosse,12,17.986
2013,Exploitation pétrolière et gazière,Nouvelle-Écosse,12,1.419
2013,Transports,Nouvelle-Écosse,12,4.433
2013,Industrie lourde,Nouvelle-Écosse,12,0.621
2013,"Fabrication légère, construction et ressources forestières",Nouvelle-Écosse,12,0.492
2013,Bâtiments,Nouvelle-Écosse,12,2.368
2013,Déchets et autres,Nouvelle-Écosse,12,0.508
2013,Agriculture,Nouvelle-Écosse,12,0.449
2013,Inventaire territorial,Nunavut,62,0.79
2013,Transports,Nunavut,62,0.351
2013,Industrie lourde,Nunavut,62,0.225
2013,Bâtiments,Nunavut,62,0.065
2013,Déchets et autres,Nunavut,62,0.03
2013,Inventaire provincial,Ontario,35,168.911
2013,Exploitation pétrolière et gazière,Ontario,35,10.27
2013,Transports,Ontario,35,56.281
2013,Industrie lourde,Ontario,35,29.427
2013,"Fabrication légère, construction et ressources forestières",Ontario,35,8.884
2013,Bâtiments,Ontario,35,35.996
2013,Déchets et autres,Ontario,35,7.321
2013,Agriculture,Ontario,35,11.552
2013,Inventaire provincial,Île-du-Prince-Édouard,11,1.623
2013,Exploitation pétrolière et gazière,Île-du-Prince-Édouard,11,0.0
2013,Transports,Île-du-Prince-Édouard,11,0.676
2013,Industrie lourde,Île-du-Prince-Édouard,11,0.006
2013,"Fabrication légère, construction et ressources forestières",Île-du-Prince-Édouard,11,0.143
2013,Bâtiments,Île-du-Prince-Édouard,11,0.433
2013,Déchets et autres,Île-du-Prince-Édouard,11,0.082
2013,Agriculture,Île-du-Prince-Édouard,11,0.279
2013,Inventaire provincial,Québec,24,78.701
2013,Exploitation pétrolière et gazière,Québec,24,2.694
2013,Transports,Québec,24,30.388
2013,Industrie lourde,Québec,24,18.373
2013,"Fabrication légère, construction et ressources forestières",Québec,24,5.754
2013,Bâtiments,Québec,24,9.185
2013,Déchets et autres,Québec,24,3.243
2013,Agriculture,Québec,24,8.627
2013,Inventaire provincial,Saskatchewan,47,84.618
2013,Exploitation pétrolière et gazière,Saskatchewan,47,37.616
2013,Transports,Saskatchewan,47,10.104
2013,Industrie lourde,Saskatchewan,47,3.1
2013,"Fabrication légère, construction et ressources forestières",Saskatchewan,47,0.813
2013,Bâtiments,Saskatchewan,47,3.395
2013,Déchets et autres,Saskatchewan,47,1.364
2013,Agriculture,Saskatchewan,47,14.543
2013,Inventaire territorial,Yukon,60,0.598
2013,Exploitation pétrolière et gazière,Yukon,60,0.0
2013,Transports,Yukon,60,0.325
2013,Industrie lourde,Yukon,60,0.11
2013,"Fabrication légère, construction et ressources forestières",Yukon,60,0.023
2013,Bâtiments,Yukon,60,0.088
2013,Déchets et autres,Yukon,60,0.03
2013,Agriculture,Yukon,60,0.005
2014,Inventaire provincial,Alberta,48,293.611
2014,Exploitation pétrolière et gazière,Alberta,48,153.324
2014,Transports,Alberta,48,30.096
2014,Industrie lourde,Alberta,48,20.575
2014,"Fabrication légère, construction et ressources forestières",Alberta,48,3.269
2014,Bâtiments,Alberta,48,18.977
2014,Déchets et autres,Alberta,48,4.178
2014,Agriculture,Alberta,48,19.671
2014,Inventaire provincial,Colombie-Britannique,59,58.928
2014,Exploitation pétrolière et gazière,Colombie-Britannique,59,14.632
2014,Transports,Colombie-Britannique,59,20.138
2014,Industrie lourde,Colombie-Britannique,59,6.097
2014,"Fabrication légère, construction et ressources forestières",Colombie-Britannique,59,2.575
2014,Bâtiments,Colombie-Britannique,59,7.863
2014,Déchets et autres,Colombie-Britannique,59,2.539
2014,Agriculture,Colombie-Britannique,59,2.66
2014,Exploitation pétrolière et gazière,Canada,,229.7
2014,Transports,Canada,,163.218
2014,Industrie lourde,Canada,,82.966
2014,"Fabrication légère, construction et ressources forestières",Canada,,22.395
2014,Bâtiments,Canada,,85.182
2014,Déchets et autres,Canada,,22.096
2014,Agriculture,Canada,,64.724
2014,Inventaire provincial,Manitoba,46,21.001
2014,Exploitation pétrolière et gazière,Manitoba,46,1.088
2014,Transports,Manitoba,46,6.441
2014,Industrie lourde,Manitoba,46,1.212
2014,"Fabrication légère, construction et ressources forestières",Manitoba,46,1.027
2014,Bâtiments,Manitoba,46,2.945
2014,Déchets et autres,Manitoba,46,1.352
2014,Agriculture,Manitoba,46,6.807
2014,Inventaire provincial,Nouveau-Brunswick,13,14.008
2014,Exploitation pétrolière et gazière,Nouveau-Brunswick,13,2.957
2014,Transports,Nouveau-Brunswick,13,3.336
2014,Industrie lourde,Nouveau-Brunswick,13,0.754
2014,"Fabrication légère, construction et ressources forestières",Nouveau-Brunswick,13,0.439
2014,Bâtiments,Nouveau-Brunswick,13,1.216
2014,Déchets et autres,Nouveau-Brunswick,13,0.672
2014,Agriculture,Nouveau-Brunswick,13,0.526
2014,Inventaire provincial,Terre-Neuve-et-Labrador,10,11.184
2014,Exploitation pétrolière et gazière,Terre-Neuve-et-Labrador,10,2.504
2014,Transports,Terre-Neuve-et-Labrador,10,3.873
2014,Industrie lourde,Terre-Neuve-et-Labrador,10,1.384
2014,"Fabrication légère, construction et ressources forestières",Terre-Neuve-et-Labrador,10,0.401
2014,Bâtiments,Terre-Neuve-et-Labrador,10,1.099
2014,Déchets et autres,Terre-Neuve-et-Labrador,10,0.612
2014,Agriculture,Terre-Neuve-et-Labrador,10,0.105
2014,Inventaire territorial,Territoires du Nord-Ouest,61,1.544
2014,Exploitation pétrolière et gazière,Territoires du Nord-Ouest,61,0.032
2014,Transports,Territoires du Nord-Ouest,61,0.633
2014,Industrie lourde,Territoires du Nord-Ouest,61,0.45
2014,Bâtiments,Territoires du Nord-Ouest,61,0.299
2014,Déchets et autres,Territoires du Nord-Ouest,61,0.036
2014,Inventaire provincial,Nouvelle-Écosse,12,15.968
2014,Exploitation pétrolière et gazière,Nouvelle-Écosse,12,0.826
2014,Transports,Nouvelle-Écosse,12,4.158
2014,Industrie lourde,Nouvelle-Écosse,12,0.508
2014,"Fabrication légère, construction et ressources forestières",Nouvelle-Écosse,12,0.459
2014,Bâtiments,Nouvelle-Écosse,12,2.064
2014,Déchets et autres,Nouvelle-Écosse,12,0.522
2014,Agriculture,Nouvelle-Écosse,12,0.43
2014,Inventaire territorial,Nunavut,62,0.74
2014,Transports,Nunavut,62,0.338
2014,Industrie lourde,Nunavut,62,0.181
2014,Bâtiments,Nunavut,62,0.067
2014,Déchets et autres,Nunavut,62,0.031
2014,Inventaire provincial,Ontario,35,165.068
2014,Exploitation pétrolière et gazière,Ontario,35,10.615
2014,Transports,Ontario,35,54.616
2014,Industrie lourde,Ontario,35,30.521
2014,"Fabrication légère, construction et ressources forestières",Ontario,35,8.284
2014,Bâtiments,Ontario,35,37.302
2014,Déchets et autres,Ontario,35,7.338
2014,Agriculture,Ontario,35,10.969
2014,Inventaire provincial,Île-du-Prince-Édouard,11,1.562
2014,Exploitation pétrolière et gazière,Île-du-Prince-Édouard,11,0.0
2014,Transports,Île-du-Prince-Édouard,11,0.681
2014,Industrie lourde,Île-du-Prince-Édouard,11,0.006
2014,"Fabrication légère, construction et ressources forestières",Île-du-Prince-Édouard,11,0.103
2014,Bâtiments,Île-du-Prince-Édouard,11,0.383
2014,Déchets et autres,Île-du-Prince-Édouard,11,0.081
2014,Agriculture,Île-du-Prince-Édouard,11,0.304
2014,Inventaire provincial,Québec,24,76.63
2014,Exploitation pétrolière et gazière,Québec,24,2.684
2014,Transports,Québec,24,29.078
2014,Industrie lourde,Québec,24,18.431
2014,"Fabrication légère, construction et ressources forestières",Québec,24,4.788
2014,Bâtiments,Québec,24,9.523
2014,Déchets et autres,Québec,24,3.339
2014,Agriculture,Québec,24,8.525
2014,Inventaire provincial,Saskatchewan,47,87.667
2014,Exploitation pétrolière et gazière,Saskatchewan,47,41.037
2014,Transports,Saskatchewan,47,9.519
2014,Industrie lourde,Saskatchewan,47,2.772
2014,"Fabrication légère, construction et ressources forestières",Saskatchewan,47,1.016
2014,Bâtiments,Saskatchewan,47,3.404
2014,Déchets et autres,Saskatchewan,47,1.365
2014,Agriculture,Saskatchewan,47,14.722
2014,Inventaire territorial,Yukon,60,0.498
2014,Exploitation pétrolière et gazière,Yukon,60,0.0
2014,Transports,Yukon,60,0.311
2014,Industrie lourde,Yukon,60,0.077
2014,"Fabrication légère, construction et ressources forestières",Yukon,60,0.02
2014,Bâtiments,Yukon,60,0.04
2014,Déchets et autres,Yukon,60,0.031
2014,Agriculture,Yukon,60,0.004
2015,Inventaire provincial,Alberta,48,288.552
2015,Exploitation pétrolière et gazière,Alberta,48,153.527
2015,Transports,Alberta,48,27.013
2015,Industrie lourde,Alberta,48,19.399
2015,"Fabrication légère, construction et ressources forestières",Alberta,48,3.065
2015,Bâtiments,Alberta,48,19.013
2015,Déchets et autres,Alberta,48,4.34
2015,Agriculture,Alberta,48,19.953
2015,Inventaire provincial,Colombie-Britannique,59,58.441
2015,Exploitation pétrolière et gazière,Colombie-Britannique,59,14.31
2015,Transports,Colombie-Britannique,59,20.122
2015,Industrie lourde,Colombie-Britannique,59,6.18
2015,"Fabrication légère, construction et ressources forestières",Colombie-Britannique,59,2.912
2015,Bâtiments,Colombie-Britannique,59,7.417
2015,Déchets et autres,Colombie-Britannique,59,2.527
2015,Agriculture,Colombie-Britannique,59,2.791
2015,Exploitation pétrolière et gazière,Canada,,227.947
2015,Transports,Canada,,161.535
2015,Industrie lourde,Canada,,80.24
2015,"Fabrication légère, construction et ressources forestières",Canada,,23.283
2015,Bâtiments,Canada,,84.5
2015,Déchets et autres,Canada,,22.222
2015,Agriculture,Canada,,66.264
2015,Inventaire provincial,Manitoba,46,20.694
2015,Exploitation pétrolière et gazière,Manitoba,46,1.086
2015,Transports,Manitoba,46,6.046
2015,Industrie lourde,Manitoba,46,1.255
2015,"Fabrication légère, construction et ressources forestières",Manitoba,46,1.228
2015,Bâtiments,Manitoba,46,2.639
2015,Déchets et autres,Manitoba,46,1.364
2015,Agriculture,Manitoba,46,6.951
2015,Inventaire provincial,Nouveau-Brunswick,13,14.062
2015,Exploitation pétrolière et gazière,Nouveau-Brunswick,13,2.774
2015,Transports,Nouveau-Brunswick,13,3.686
2015,Industrie lourde,Nouveau-Brunswick,13,0.774
2015,"Fabrication légère, construction et ressources forestières",Nouveau-Brunswick,13,0.443
2015,Bâtiments,Nouveau-Brunswick,13,1.379
2015,Déchets et autres,Nouveau-Brunswick,13,0.666
2015,Agriculture,Nouveau-Brunswick,13,0.441
2015,Inventaire provincial,Terre-Neuve-et-Labrador,10,11.397
2015,Exploitation pétrolière et gazière,Terre-Neuve-et-Labrador,10,2.454
2015,Transports,Terre-Neuve-et-Labrador,10,3.854
2015,Industrie lourde,Terre-Neuve-et-Labrador,10,1.4
2015,"Fabrication légère, construction et ressources forestières",Terre-Neuve-et-Labrador,10,0.629
2015,Bâtiments,Terre-Neuve-et-Labrador,10,1.003
2015,Déchets et autres,Terre-Neuve-et-Labrador,10,0.617
2015,Agriculture,Terre-Neuve-et-Labrador,10,0.098
2015,Inventaire territorial,Territoires du Nord-Ouest,61,1.577
2015,Exploitation pétrolière et gazière,Territoires du Nord-Ouest,61,0.023
2015,Transports,Territoires du Nord-Ouest,61,0.667
2015,Industrie lourde,Territoires du Nord-Ouest,61,0.415
2015,Bâtiments,Territoires du Nord-Ouest,61,0.306
2015,Déchets et autres,Territoires du Nord-Ouest,61,0.036
2015,Inventaire provincial,Nouvelle-Écosse,12,16.149
2015,Exploitation pétrolière et gazière,Nouvelle-Écosse,12,0.633
2015,Transports,Nouvelle-Écosse,12,4.704
2015,Industrie lourde,Nouvelle-Écosse,12,0.548
2015,"Fabrication légère, construction et ressources forestières",Nouvelle-Écosse,12,0.392
2015,Bâtiments,Nouvelle-Écosse,12,2.221
2015,Déchets et autres,Nouvelle-Écosse,12,0.482
2015,Agriculture,Nouvelle-Écosse,12,0.41
2015,Inventaire territorial,Nunavut,62,0.689
2015,Transports,Nunavut,62,0.33
2015,Industrie lourde,Nunavut,62,0.141
2015,Bâtiments,Nunavut,62,0.069
2015,Déchets et autres,Nunavut,62,0.032
2015,Inventaire provincial,Ontario,35,164.305
2015,Exploitation pétrolière et gazière,Ontario,35,9.836
2015,Transports,Ontario,35,54.451
2015,Industrie lourde,Ontario,35,29.788
2015,"Fabrication légère, construction et ressources forestières",Ontario,35,9.087
2015,Bâtiments,Ontario,35,37.093
2015,Déchets et autres,Ontario,35,7.28
2015,Agriculture,Ontario,35,11.289
2015,Inventaire provincial,Île-du-Prince-Édouard,11,1.528
2015,Exploitation pétrolière et gazière,Île-du-Prince-Édouard,11,0.0
2015,Transports,Île-du-Prince-Édouard,11,0.692
2015,Industrie lourde,Île-du-Prince-Édouard,11,0.008
2015,"Fabrication légère, construction et ressources forestières",Île-du-Prince-Édouard,11,0.1
2015,Bâtiments,Île-du-Prince-Édouard,11,0.338
2015,Déchets et autres,Île-du-Prince-Édouard,11,0.08
2015,Agriculture,Île-du-Prince-Édouard,11,0.296
2015,Inventaire provincial,Québec,24,76.819
2015,Exploitation pétrolière et gazière,Québec,24,2.789
2015,Transports,Québec,24,29.779
2015,Industrie lourde,Québec,24,17.47
2015,"Fabrication légère, construction et ressources forestières",Québec,24,4.443
2015,Bâtiments,Québec,24,9.745
2015,Déchets et autres,Québec,24,3.394
2015,Agriculture,Québec,24,8.918
2015,Inventaire provincial,Saskatchewan,47,88.63
2015,Exploitation pétrolière et gazière,Saskatchewan,47,40.514
2015,Transports,Saskatchewan,47,9.855
2015,Industrie lourde,Saskatchewan,47,2.784
2015,"Fabrication légère, construction et ressources forestières",Saskatchewan,47,0.949
2015,Bâtiments,Saskatchewan,47,3.237
2015,Déchets et autres,Saskatchewan,47,1.372
2015,Agriculture,Saskatchewan,47,15.114
2015,Inventaire territorial,Yukon,60,0.528
2015,Exploitation pétrolière et gazière,Yukon,60,0.0
2015,Transports,Yukon,60,0.334
2015,Industrie lourde,Yukon,60,0.079
2015,"Fabrication légère, construction et ressources forestières",Yukon,60,0.02
2015,Bâtiments,Yukon,60,0.04
2015,Déchets et autres,Yukon,60,0.031
2015,Agriculture,Yukon,60,0.004
2016,Inventaire provincial,Alberta,48,274.78
2016,Exploitation pétrolière et gazière,Alberta,48,141.689
2016,Transports,Alberta,48,25.896
2016,Industrie lourde,Alberta,48,16.912
2016,"Fabrication légère, construction et ressources forestières",Alberta,48,3.331
2016,Bâtiments,Alberta,48,19.384
2016,Déchets et autres,Alberta,48,4.503
2016,Agriculture,Alberta,48,19.688
2016,Inventaire provincial,Colombie-Britannique,59,60.486
2016,Exploitation pétrolière et gazière,Colombie-Britannique,59,13.983
2016,Transports,Colombie-Britannique,59,21.106
2016,Industrie lourde,Colombie-Britannique,59,6.628
2016,"Fabrication légère, construction et ressources forestières",Colombie-Britannique,59,3.084
2016,Bâtiments,Colombie-Britannique,59,8.003
2016,Déchets et autres,Colombie-Britannique,59,2.384
2016,Agriculture,Colombie-Britannique,59,3.041
2016,Exploitation pétrolière et gazière,Canada,,209.991
2016,Transports,Canada,,161.335
2016,Industrie lourde,Canada,,77.455
2016,"Fabrication légère, construction et ressources forestières",Canada,,23.64
2016,Bâtiments,Canada,,85.859
2016,Déchets et autres,Canada,,23.054
2016,Agriculture,Canada,,67.205
2016,Inventaire provincial,Manitoba,46,21.05
2016,Exploitation pétrolière et gazière,Manitoba,46,0.963
2016,Transports,Manitoba,46,6.128
2016,Industrie lourde,Manitoba,46,1.335
2016,"Fabrication légère, construction et ressources forestières",Manitoba,46,1.258
2016,Bâtiments,Manitoba,46,2.726
2016,Déchets et autres,Manitoba,46,1.378
2016,Agriculture,Manitoba,46,7.191
2016,Inventaire provincial,Nouveau-Brunswick,13,14.94
2016,Exploitation pétrolière et gazière,Nouveau-Brunswick,13,3.009
2016,Transports,Nouveau-Brunswick,13,4.097
2016,Industrie lourde,Nouveau-Brunswick,13,0.803
2016,"Fabrication légère, construction et ressources forestières",Nouveau-Brunswick,13,0.369
2016,Bâtiments,Nouveau-Brunswick,13,1.236
2016,Déchets et autres,Nouveau-Brunswick,13,0.646
2016,Agriculture,Nouveau-Brunswick,13,0.479
2016,Inventaire provincial,Terre-Neuve-et-Labrador,10,11.458
2016,Exploitation pétrolière et gazière,Terre-Neuve-et-Labrador,10,2.72
2016,Transports,Terre-Neuve-et-Labrador,10,3.843
2016,Industrie lourde,Terre-Neuve-et-Labrador,10,0.934
2016,"Fabrication légère, construction et ressources forestières",Terre-Neuve-et-Labrador,10,0.67
2016,Bâtiments,Terre-Neuve-et-Labrador,10,1.033
2016,Déchets et autres,Terre-Neuve-et-Labrador,10,0.632
2016,Agriculture,Terre-Neuve-et-Labrador,10,0.1
2016,Inventaire territorial,Territoires du Nord-Ouest,61,1.311
2016,Exploitation pétrolière et gazière,Territoires du Nord-Ouest,61,0.027
2016,Transports,Territoires du Nord-Ouest,61,0.678
2016,Industrie lourde,Territoires du Nord-Ouest,61,0.348
2016,Bâtiments,Territoires du Nord-Ouest,61,0.116
2016,Déchets et autres,Territoires du Nord-Ouest,61,0.037
2016,Inventaire provincial,Nouvelle-Écosse,12,15.419
2016,Exploitation pétrolière et gazière,Nouvelle-Écosse,12,0.461
2016,Transports,Nouvelle-Écosse,12,4.628
2016,Industrie lourde,Nouvelle-Écosse,12,0.49
2016,"Fabrication légère, construction et ressources forestières",Nouvelle-Écosse,12,0.406
2016,Bâtiments,Nouvelle-Écosse,12,1.882
2016,Déchets et autres,Nouvelle-Écosse,12,0.525
2016,Agriculture,Nouvelle-Écosse,12,0.405
2016,Inventaire territorial,Nunavut,62,0.783
2016,Transports,Nunavut,62,0.359
2016,Industrie lourde,Nunavut,62,0.184
2016,Bâtiments,Nunavut,62,0.067
2016,Déchets et autres,Nunavut,62,0.033
2016,Inventaire provincial,Ontario,35,164.599
2016,Exploitation pétrolière et gazière,Ontario,35,9.569
2016,Transports,Ontario,35,53.615
2016,Industrie lourde,Ontario,35,30.967
2016,"Fabrication légère, construction et ressources forestières",Ontario,35,9.042
2016,Bâtiments,Ontario,35,37.569
2016,Déchets et autres,Ontario,35,7.24
2016,Agriculture,Ontario,35,11.738
2016,Inventaire provincial,Île-du-Prince-Édouard,11,1.566
2016,Exploitation pétrolière et gazière,Île-du-Prince-Édouard,11,0.0
2016,Transports,Île-du-Prince-Édouard,11,0.712
2016,Industrie lourde,Île-du-Prince-Édouard,11,0.008
2016,"Fabrication légère, construction et ressources forestières",Île-du-Prince-Édouard,11,0.111
2016,Bâtiments,Île-du-Prince-Édouard,11,0.317
2016,Déchets et autres,Île-du-Prince-Édouard,11,0.079
2016,Agriculture,Île-du-Prince-Édouard,11,0.334
2016,Inventaire provincial,Québec,24,76.641
2016,Exploitation pétrolière et gazière,Québec,24,2.358
2016,Transports,Québec,24,30.436
2016,Industrie lourde,Québec,24,16.025
2016,"Fabrication légère, construction et ressources forestières",Québec,24,4.41
2016,Bâtiments,Québec,24,10.035
2016,Déchets et autres,Québec,24,4.205
2016,Agriculture,Québec,24,8.856
2016,Inventaire provincial,Saskatchewan,47,83.254
2016,Exploitation pétrolière et gazière,Saskatchewan,47,35.212
2016,Transports,Saskatchewan,47,9.497
2016,Industrie lourde,Saskatchewan,47,2.752
2016,"Fabrication légère, construction et ressources forestières",Saskatchewan,47,0.898
2016,Bâtiments,Saskatchewan,47,3.453
2016,Déchets et autres,Saskatchewan,47,1.36
2016,Agriculture,Saskatchewan,47,15.37
2016,Inventaire territorial,Yukon,60,0.521
2016,Exploitation pétrolière et gazière,Yukon,60,0.0
2016,Transports,Yukon,60,0.338
2016,Industrie lourde,Yukon,60,0.069
2016,"Fabrication légère, construction et ressources forestières",Yukon,60,0.022
2016,Bâtiments,Yukon,60,0.037
2016,Déchets et autres,Yukon,60,0.031
2016,Agriculture,Yukon,60,0.004
2017,Inventaire provincial,Alberta,48,284.487
2017,Exploitation pétrolière et gazière,Alberta,48,149.551
2017,Transports,Alberta,48,26.493
2017,Industrie lourde,Alberta,48,17.445
2017,"Fabrication légère, construction et ressources forestières",Alberta,48,3.11
2017,Bâtiments,Alberta,48,20.351
2017,Déchets et autres,Alberta,48,4.501
2017,Agriculture,Alberta,48,19.703
2017,Inventaire provincial,Colombie-Britannique,59,61.362
2017,Exploitation pétrolière et gazière,Colombie-Britannique,59,13.995
2017,Transports,Colombie-Britannique,59,21.419
2017,Industrie lourde,Colombie-Britannique,59,6.781
2017,"Fabrication légère, construction et ressources forestières",Colombie-Britannique,59,3.247
2017,Bâtiments,Colombie-Britannique,59,8.498
2017,Déchets et autres,Colombie-Britannique,59,2.314
2017,Agriculture,Colombie-Britannique,59,3.065
2017,Exploitation pétrolière et gazière,Canada,,218.03
2017,Transports,Canada,,164.331
2017,Industrie lourde,Canada,,78.104
2017,"Fabrication légère, construction et ressources forestières",Canada,,24.442
2017,Bâtiments,Canada,,88.02
2017,Déchets et autres,Canada,,22.985
2017,Agriculture,Canada,,67.48
2017,Inventaire provincial,Manitoba,46,21.444
2017,Exploitation pétrolière et gazière,Manitoba,46,0.847
2017,Transports,Manitoba,46,6.201
2017,Industrie lourde,Manitoba,46,1.257
2017,"Fabrication légère, construction et ressources forestières",Manitoba,46,1.39
2017,Bâtiments,Manitoba,46,2.864
2017,Déchets et autres,Manitoba,46,1.398
2017,Agriculture,Manitoba,46,7.416
2017,Inventaire provincial,Nouveau-Brunswick,13,13.844
2017,Exploitation pétrolière et gazière,Nouveau-Brunswick,13,3.177
2017,Transports,Nouveau-Brunswick,13,3.66
2017,Industrie lourde,Nouveau-Brunswick,13,0.794
2017,"Fabrication légère, construction et ressources forestières",Nouveau-Brunswick,13,0.403
2017,Bâtiments,Nouveau-Brunswick,13,1.076
2017,Déchets et autres,Nouveau-Brunswick,13,0.665
2017,Agriculture,Nouveau-Brunswick,13,0.457
2017,Inventaire provincial,Terre-Neuve-et-Labrador,10,11.37
2017,Exploitation pétrolière et gazière,Terre-Neuve-et-Labrador,10,2.611
2017,Transports,Terre-Neuve-et-Labrador,10,3.879
2017,Industrie lourde,Terre-Neuve-et-Labrador,10,1.025
2017,"Fabrication légère, construction et ressources forestières",Terre-Neuve-et-Labrador,10,0.552
2017,Bâtiments,Terre-Neuve-et-Labrador,10,1.048
2017,Déchets et autres,Terre-Neuve-et-Labrador,10,0.632
2017,Agriculture,Terre-Neuve-et-Labrador,10,0.093
2017,Inventaire territorial,Territoires du Nord-Ouest,61,1.408
2017,Exploitation pétrolière et gazière,Territoires du Nord-Ouest,61,0.021
2017,Transports,Territoires du Nord-Ouest,61,0.786
2017,Industrie lourde,Territoires du Nord-Ouest,61,0.351
2017,Bâtiments,Territoires du Nord-Ouest,61,0.117
2017,Déchets et autres,Territoires du Nord-Ouest,61,0.037
2017,Inventaire provincial,Nouvelle-Écosse,12,15.746
2017,Exploitation pétrolière et gazière,Nouvelle-Écosse,12,0.317
2017,Transports,Nouvelle-Écosse,12,4.809
2017,Industrie lourde,Nouvelle-Écosse,12,0.464
2017,"Fabrication légère, construction et ressources forestières",Nouvelle-Écosse,12,0.443
2017,Bâtiments,Nouvelle-Écosse,12,1.968
2017,Déchets et autres,Nouvelle-Écosse,12,0.531
2017,Agriculture,Nouvelle-Écosse,12,0.416
2017,Inventaire territorial,Nunavut,62,0.789
2017,Transports,Nunavut,62,0.373
2017,Industrie lourde,Nunavut,62,0.174
2017,Bâtiments,Nunavut,62,0.066
2017,Déchets et autres,Nunavut,62,0.034
2017,Inventaire provincial,Ontario,35,158.994
2017,Exploitation pétrolière et gazière,Ontario,35,7.188
2017,Transports,Ontario,35,53.91
2017,Industrie lourde,Ontario,35,29.382
2017,"Fabrication légère, construction et ressources forestières",Ontario,35,9.582
2017,Bâtiments,Ontario,35,37.914
2017,Déchets et autres,Ontario,35,7.197
2017,Agriculture,Ontario,35,11.602
2017,Inventaire provincial,Île-du-Prince-Édouard,11,1.586
2017,Exploitation pétrolière et gazière,Île-du-Prince-Édouard,11,0.0
2017,Transports,Île-du-Prince-Édouard,11,0.726
2017,Industrie lourde,Île-du-Prince-Édouard,11,0.01
2017,"Fabrication légère, construction et ressources forestières",Île-du-Prince-Édouard,11,0.117
2017,Bâtiments,Île-du-Prince-Édouard,11,0.317
2017,Déchets et autres,Île-du-Prince-Édouard,11,0.078
2017,Agriculture,Île-du-Prince-Édouard,11,0.329
2017,Inventaire provincial,Québec,24,79.078
2017,Exploitation pétrolière et gazière,Québec,24,2.285
2017,Transports,Québec,24,32.004
2017,Industrie lourde,Québec,24,17.217
2017,"Fabrication légère, construction et ressources forestières",Québec,24,4.626
2017,Bâtiments,Québec,24,10.048
2017,Déchets et autres,Québec,24,4.181
2017,Agriculture,Québec,24,8.455
2017,Inventaire provincial,Saskatchewan,47,88.145
2017,Exploitation pétrolière et gazière,Saskatchewan,47,38.038
2017,Transports,Saskatchewan,47,9.72
2017,Industrie lourde,Saskatchewan,47,3.114
2017,"Fabrication légère, construction et ressources forestières",Saskatchewan,47,0.907
2017,Bâtiments,Saskatchewan,47,3.719
2017,Déchets et autres,Saskatchewan,47,1.385
2017,Agriculture,Saskatchewan,47,15.937
2017,Inventaire territorial,Yukon,60,0.563
2017,Exploitation pétrolière et gazière,Yukon,60,0.0
2017,Transports,Yukon,60,0.35
2017,Industrie lourde,Yukon,60,0.092
2017,"Fabrication légère, construction et ressources forestières",Yukon,60,0.025
2017,Bâtiments,Yukon,60,0.034
2017,Déchets et autres,Yukon,60,0.032
2017,Agriculture,Yukon,60,0.005
2018,Inventaire provincial,Alberta,48,283.402
2018,Exploitation pétrolière et gazière,Alberta,48,155.997
2018,Transports,Alberta,48,27.815
2018,Industrie lourde,Alberta,48,18.17
2018,"Fabrication légère, construction et ressources forestières",Alberta,48,2.965
2018,Bâtiments,Alberta,48,21.673
2018,Déchets et autres,Alberta,48,4.607
2018,Agriculture,Alberta,48,20.02
2018,Inventaire provincial,Colombie-Britannique,59,63.369
2018,Exploitation pétrolière et gazière,Colombie-Britannique,59,13.804
2018,Transports,Colombie-Britannique,59,22.277
2018,Industrie lourde,Colombie-Britannique,59,7.115
2018,"Fabrication légère, construction et ressources forestières",Colombie-Britannique,59,3.771
2018,Bâtiments,Colombie-Britannique,59,8.368
2018,Déchets et autres,Colombie-Britannique,59,2.379
2018,Agriculture,Colombie-Britannique,59,3.224
2018,Exploitation pétrolière et gazière,Canada,,224.519
2018,Transports,Canada,,168.79
2018,Industrie lourde,Canada,,80.887
2018,"Fabrication légère, construction et ressources forestières",Canada,,25.106
2018,Bâtiments,Canada,,92.016
2018,Déchets et autres,Canada,,23.016
2018,Agriculture,Canada,,69.204
2018,Inventaire provincial,Manitoba,46,22.253
2018,Exploitation pétrolière et gazière,Manitoba,46,1.012
2018,Transports,Manitoba,46,6.624
2018,Industrie lourde,Manitoba,46,1.34
2018,"Fabrication légère, construction et ressources forestières",Manitoba,46,1.116
2018,Bâtiments,Manitoba,46,3.142
2018,Déchets et autres,Manitoba,46,1.41
2018,Agriculture,Manitoba,46,7.566
2018,Inventaire provincial,Nouveau-Brunswick,13,13.669
2018,Exploitation pétrolière et gazière,Nouveau-Brunswick,13,2.77
2018,Transports,Nouveau-Brunswick,13,3.608
2018,Industrie lourde,Nouveau-Brunswick,13,0.826
2018,"Fabrication légère, construction et ressources forestières",Nouveau-Brunswick,13,0.413
2018,Bâtiments,Nouveau-Brunswick,13,1.107
2018,Déchets et autres,Nouveau-Brunswick,13,0.667
2018,Agriculture,Nouveau-Brunswick,13,0.468
2018,Inventaire provincial,Terre-Neuve-et-Labrador,10,11.158
2018,Exploitation pétrolière et gazière,Terre-Neuve-et-Labrador,10,2.804
2018,Transports,Terre-Neuve-et-Labrador,10,3.794
2018,Industrie lourde,Terre-Neuve-et-Labrador,10,1.171
2018,"Fabrication légère, construction et ressources forestières",Terre-Neuve-et-Labrador,10,0.657
2018,Bâtiments,Terre-Neuve-et-Labrador,10,0.885
2018,Déchets et autres,Terre-Neuve-et-Labrador,10,0.626
2018,Agriculture,Terre-Neuve-et-Labrador,10,0.093
2018,Inventaire territorial,Territoires du Nord-Ouest,61,1.427
2018,Exploitation pétrolière et gazière,Territoires du Nord-Ouest,61,0.019
2018,Transports,Territoires du Nord-Ouest,61,0.753
2018,Industrie lourde,Territoires du Nord-Ouest,61,0.399
2018,Bâtiments,Territoires du Nord-Ouest,61,0.129
2018,Déchets et autres,Territoires du Nord-Ouest,61,0.038
2018,Inventaire provincial,Nouvelle-Écosse,12,16.402
2018,Exploitation pétrolière et gazière,Nouvelle-Écosse,12,0.204
2018,Transports,Nouvelle-Écosse,12,5.023
2018,Industrie lourde,Nouvelle-Écosse,12,0.471
2018,"Fabrication légère, construction et ressources forestières",Nouvelle-Écosse,12,0.461
2018,Bâtiments,Nouvelle-Écosse,12,2.09
2018,Déchets et autres,Nouvelle-Écosse,12,0.536
2018,Agriculture,Nouvelle-Écosse,12,0.419
2018,Inventaire territorial,Nunavut,62,0.878
2018,Transports,Nunavut,62,0.392
2018,Industrie lourde,Nunavut,62,0.214
2018,Bâtiments,Nunavut,62,0.068
2018,Déchets et autres,Nunavut,62,0.035
2018,Inventaire provincial,Ontario,35,164.727
2018,Exploitation pétrolière et gazière,Ontario,35,7.366
2018,Transports,Ontario,35,55.496
2018,Industrie lourde,Ontario,35,29.419
2018,"Fabrication légère, construction et ressources forestières",Ontario,35,10.034
2018,Bâtiments,Ontario,35,40.115
2018,Déchets et autres,Ontario,35,7.083
2018,Agriculture,Ontario,35,11.747
2018,Inventaire provincial,Île-du-Prince-Édouard,11,1.564
2018,Exploitation pétrolière et gazière,Île-du-Prince-Édouard,11,0.0
2018,Transports,Île-du-Prince-Édouard,11,0.711
2018,Industrie lourde,Île-du-Prince-Édouard,11,0.011
2018,"Fabrication légère, construction et ressources forestières",Île-du-Prince-Édouard,11,0.102
2018,Bâtiments,Île-du-Prince-Édouard,11,0.314
2018,Déchets et autres,Île-du-Prince-Édouard,11,0.077
2018,Agriculture,Île-du-Prince-Édouard,11,0.346
2018,Inventaire provincial,Québec,24,80.415
2018,Exploitation pétrolière et gazière,Québec,24,2.514
2018,Transports,Québec,24,32.039
2018,Industrie lourde,Québec,24,17.697
2018,"Fabrication légère, construction et ressources forestières",Québec,24,4.63
2018,Bâtiments,Québec,24,9.993
2018,Déchets et autres,Québec,24,4.154
2018,Agriculture,Québec,24,9.086
2018,Inventaire provincial,Saskatchewan,47,89.399
2018,Exploitation pétrolière et gazière,Saskatchewan,47,38.029
2018,Transports,Saskatchewan,47,9.877
2018,Industrie lourde,Saskatchewan,47,3.935
2018,"Fabrication légère, construction et ressources forestières",Saskatchewan,47,0.903
2018,Bâtiments,Saskatchewan,47,4.091
2018,Déchets et autres,Saskatchewan,47,1.371
2018,Agriculture,Saskatchewan,47,16.229
2018,Inventaire territorial,Yukon,60,0.642
2018,Exploitation pétrolière et gazière,Yukon,60,0.0
2018,Transports,Yukon,60,0.38
2018,Industrie lourde,Yukon,60,0.121
2018,"Fabrication légère, construction et ressources forestières",Yukon,60,0.025
2018,Bâtiments,Yukon,60,0.042
2018,Déchets et autres,Yukon,60,0.033
2018,Agriculture,Yukon,60,0.008
2019,Inventaire provincial,Alberta,48,285.143
2019,Exploitation pétrolière et gazière,Alberta,48,156.326
2019,Transports,Alberta,48,28.028
2019,Industrie lourde,Alberta,48,18.712
2019,"Fabrication légère, construction et ressources forestières",Alberta,48,3.239
2019,Bâtiments,Alberta,48,21.807
2019,Déchets et autres,Alberta,48,4.588
2019,Agriculture,Alberta,48,20.408
2019,Inventaire provincial,Colombie-Britannique,59,61.937
2019,Exploitation pétrolière et gazière,Colombie-Britannique,59,13.061
2019,Transports,Colombie-Britannique,59,22.033
2019,Industrie lourde,Colombie-Britannique,59,6.631
2019,"Fabrication légère, construction et ressources forestières",Colombie-Britannique,59,3.213
2019,Bâtiments,Colombie-Britannique,59,8.734
2019,Déchets et autres,Colombie-Britannique,59,2.393
2019,Agriculture,Colombie-Britannique,59,3.124
2019,Exploitation pétrolière et gazière,Canada,,222.752
2019,Transports,Canada,,168.799
2019,Industrie lourde,Canada,,80.282
2019,"Fabrication légère, construction et ressources forestières",Canada,,24.848
2019,Bâtiments,Canada,,93.887
2019,Déchets et autres,Canada,,22.993
2019,Agriculture,Canada,,69.419
2019,Inventaire provincial,Manitoba,46,22.021
2019,Exploitation pétrolière et gazière,Manitoba,46,1.025
2019,Transports,Manitoba,46,6.515
2019,Industrie lourde,Manitoba,46,1.221
2019,"Fabrication légère, construction et ressources forestières",Manitoba,46,1.156
2019,Bâtiments,Manitoba,46,3.143
2019,Déchets et autres,Manitoba,46,1.415
2019,Agriculture,Manitoba,46,7.504
2019,Inventaire provincial,Nouveau-Brunswick,13,13.366
2019,Exploitation pétrolière et gazière,Nouveau-Brunswick,13,3.187
2019,Transports,Nouveau-Brunswick,13,3.512
2019,Industrie lourde,Nouveau-Brunswick,13,0.677
2019,"Fabrication légère, construction et ressources forestières",Nouveau-Brunswick,13,0.395
2019,Bâtiments,Nouveau-Brunswick,13,1.049
2019,Déchets et autres,Nouveau-Brunswick,13,0.707
2019,Agriculture,Nouveau-Brunswick,13,0.461
2019,Inventaire provincial,Terre-Neuve-et-Labrador,10,11.338
2019,Exploitation pétrolière et gazière,Terre-Neuve-et-Labrador,10,2.834
2019,Transports,Terre-Neuve-et-Labrador,10,3.751
2019,Industrie lourde,Terre-Neuve-et-Labrador,10,1.431
2019,"Fabrication légère, construction et ressources forestières",Terre-Neuve-et-Labrador,10,0.572
2019,Bâtiments,Terre-Neuve-et-Labrador,10,0.901
2019,Déchets et autres,Terre-Neuve-et-Labrador,10,0.614
2019,Agriculture,Terre-Neuve-et-Labrador,10,0.095
2019,Inventaire territorial,Territoires du Nord-Ouest,61,1.42
2019,Exploitation pétrolière et gazière,Territoires du Nord-Ouest,61,0.074
2019,Transports,Territoires du Nord-Ouest,61,0.702
2019,Industrie lourde,Territoires du Nord-Ouest,61,0.389
2019,Bâtiments,Territoires du Nord-Ouest,61,0.132
2019,Déchets et autres,Territoires du Nord-Ouest,61,0.039
2019,Inventaire provincial,Nouvelle-Écosse,12,15.628
2019,Exploitation pétrolière et gazière,Nouvelle-Écosse,12,0.005
2019,Transports,Nouvelle-Écosse,12,4.873
2019,Industrie lourde,Nouvelle-Écosse,12,0.414
2019,"Fabrication légère, construction et ressources forestières",Nouvelle-Écosse,12,0.42
2019,Bâtiments,Nouvelle-Écosse,12,2.096
2019,Déchets et autres,Nouvelle-Écosse,12,0.542
2019,Agriculture,Nouvelle-Écosse,12,0.4
2019,Inventaire territorial,Nunavut,62,0.904
2019,Transports,Nunavut,62,0.404
2019,Industrie lourde,Nunavut,62,0.229
2019,Bâtiments,Nunavut,62,0.068
2019,Déchets et autres,Nunavut,62,0.037
2019,Inventaire provincial,Ontario,35,165.099
2019,Exploitation pétrolière et gazière,Ontario,35,7.306
2019,Transports,Ontario,35,55.936
2019,Industrie lourde,Ontario,35,28.608
2019,"Fabrication légère, construction et ressources forestières",Ontario,35,9.778
2019,Bâtiments,Ontario,35,41.109
2019,Déchets et autres,Ontario,35,6.92
2019,Agriculture,Ontario,35,12.064
2019,Inventaire provincial,Île-du-Prince-Édouard,11,1.611
2019,Exploitation pétrolière et gazière,Île-du-Prince-Édouard,11,0.0
2019,Transports,Île-du-Prince-Édouard,11,0.707
2019,Industrie lourde,Île-du-Prince-Édouard,11,0.011
2019,"Fabrication légère, construction et ressources forestières",Île-du-Prince-Édouard,11,0.126
2019,Bâtiments,Île-du-Prince-Édouard,11,0.319
2019,Déchets et autres,Île-du-Prince-Édouard,11,0.097
2019,Agriculture,Île-du-Prince-Édouard,11,0.351
2019,Inventaire provincial,Québec,24,82.189
2019,Exploitation pétrolière et gazière,Québec,24,2.84
2019,Transports,Québec,24,32.269
2019,Industrie lourde,Québec,24,18.459
2019,"Fabrication légère, construction et ressources forestières",Québec,24,4.999
2019,Bâtiments,Québec,24,10.199
2019,Déchets et autres,Québec,24,4.205
2019,Agriculture,Québec,24,8.941
2019,Inventaire provincial,Saskatchewan,47,86.661
2019,Exploitation pétrolière et gazière,Saskatchewan,47,36.093
2019,Transports,Saskatchewan,47,9.664
2019,Industrie lourde,Saskatchewan,47,3.375
2019,"Fabrication légère, construction et ressources forestières",Saskatchewan,47,0.894
2019,Bâtiments,Saskatchewan,47,4.291
2019,Déchets et autres,Saskatchewan,47,1.402
2019,Agriculture,Saskatchewan,47,16.064
2019,Inventaire territorial,Yukon,60,0.688
2019,Exploitation pétrolière et gazière,Yukon,60,0.0
2019,Transports,Yukon,60,0.405
2019,Industrie lourde,Yukon,60,0.126
2019,"Fabrication légère, construction et ressources forestières",Yukon,60,0.027
2019,Bâtiments,Yukon,60,0.04
2019,Déchets et autres,Yukon,60,0.034
2019,Agriculture,Yukon,60,0.007
2020,Inventaire provincial,Alberta,48,264.688
2020,Exploitation pétrolière et gazière,Alberta,48,146.72
2020,Transports,Alberta,48,22.53
2020,Industrie lourde,Alberta,48,18.965
2020,"Fabrication légère, construction et ressources forestières",Alberta,48,2.797
2020,Bâtiments,Alberta,48,20.924
2020,Déchets et autres,Alberta,48,4.655
2020,Agriculture,Alberta,48,20.395
2020,Inventaire provincial,Colombie-Britannique,59,57.714
2020,Exploitation pétrolière et gazière,Colombie-Britannique,59,13.017
2020,Transports,Colombie-Britannique,59,19.561
2020,Industrie lourde,Colombie-Britannique,59,5.712
2020,"Fabrication légère, construction et ressources forestières",Colombie-Britannique,59,3.008
2020,Bâtiments,Colombie-Britannique,59,8.825
2020,Déchets et autres,Colombie-Britannique,59,2.247
2020,Agriculture,Colombie-Britannique,59,3.1
2020,Exploitation pétrolière et gazière,Canada,,202.676
2020,Transports,Canada,,141.328
2020,Industrie lourde,Canada,,76.814
2020,"Fabrication légère, construction et ressources forestières",Canada,,22.136
2020,Bâtiments,Canada,,88.222
2020,Déchets et autres,Canada,,23.017
2020,Agriculture,Canada,,70.043
2020,Inventaire provincial,Manitoba,46,21.199
2020,Exploitation pétrolière et gazière,Manitoba,46,0.857
2020,Transports,Manitoba,46,5.686
2020,Industrie lourde,Manitoba,46,1.224
2020,"Fabrication légère, construction et ressources forestières",Manitoba,46,1.142
2020,Bâtiments,Manitoba,46,3.003
2020,Déchets et autres,Manitoba,46,1.427
2020,Agriculture,Manitoba,46,7.817
2020,Inventaire provincial,Nouveau-Brunswick,13,11.423
2020,Exploitation pétrolière et gazière,Nouveau-Brunswick,13,2.93
2020,Transports,Nouveau-Brunswick,13,3.147
2020,Industrie lourde,Nouveau-Brunswick,13,0.59
2020,"Fabrication légère, construction et ressources forestières",Nouveau-Brunswick,13,0.348
2020,Bâtiments,Nouveau-Brunswick,13,0.972
2020,Déchets et autres,Nouveau-Brunswick,13,0.735
2020,Agriculture,Nouveau-Brunswick,13,0.452
2020,Inventaire provincial,Terre-Neuve-et-Labrador,10,9.106
2020,Exploitation pétrolière et gazière,Terre-Neuve-et-Labrador,10,1.761
2020,Transports,Terre-Neuve-et-Labrador,10,3.285
2020,Industrie lourde,Terre-Neuve-et-Labrador,10,1.248
2020,"Fabrication légère, construction et ressources forestières",Terre-Neuve-et-Labrador,10,0.344
2020,Bâtiments,Terre-Neuve-et-Labrador,10,0.811
2020,Déchets et autres,Terre-Neuve-et-Labrador,10,0.611
2020,Agriculture,Terre-Neuve-et-Labrador,10,0.092
2020,Inventaire territorial,Territoires du Nord-Ouest,61,1.216
2020,Exploitation pétrolière et gazière,Territoires du Nord-Ouest,61,0.057
2020,Transports,Territoires du Nord-Ouest,61,0.532
2020,Industrie lourde,Territoires du Nord-Ouest,61,0.367
2020,Bâtiments,Territoires du Nord-Ouest,61,0.128
2020,Déchets et autres,Territoires du Nord-Ouest,61,0.04
2020,Inventaire provincial,Nouvelle-Écosse,12,14.263
2020,Exploitation pétrolière et gazière,Nouvelle-Écosse,12,0.006
2020,Transports,Nouvelle-Écosse,12,4.139
2020,Industrie lourde,Nouvelle-Écosse,12,0.376
2020,"Fabrication légère, construction et ressources forestières",Nouvelle-Écosse,12,0.354
2020,Bâtiments,Nouvelle-Écosse,12,1.995
2020,Déchets et autres,Nouvelle-Écosse,12,0.562
2020,Agriculture,Nouvelle-Écosse,12,0.403
2020,Inventaire territorial,Nunavut,62,0.784
2020,Transports,Nunavut,62,0.317
2020,Industrie lourde,Nunavut,62,0.209
2020,Bâtiments,Nunavut,62,0.066
2020,Déchets et autres,Nunavut,62,0.038
2020,Inventaire provincial,Ontario,35,148.622
2020,Exploitation pétrolière et gazière,Ontario,35,7.029
2020,Transports,Ontario,35,45.151
2020,Industrie lourde,Ontario,35,26.608
2020,"Fabrication légère, construction et ressources forestières",Ontario,35,8.597
2020,Bâtiments,Ontario,35,38.067
2020,Déchets et autres,Ontario,35,6.881
2020,Agriculture,Ontario,35,12.473
2020,Inventaire provincial,Île-du-Prince-Édouard,11,1.567
2020,Exploitation pétrolière et gazière,Île-du-Prince-Édouard,11,0.0
2020,Transports,Île-du-Prince-Édouard,11,0.6
2020,Industrie lourde,Île-du-Prince-Édouard,11,0.015
2020,"Fabrication légère, construction et ressources forestières",Île-du-Prince-Édouard,11,0.188
2020,Bâtiments,Île-du-Prince-Édouard,11,0.311
2020,Déchets et autres,Île-du-Prince-Édouard,11,0.094
2020,Agriculture,Île-du-Prince-Édouard,11,0.36
2020,Inventaire provincial,Québec,24,74.993
2020,Exploitation pétrolière et gazière,Québec,24,2.685
2020,Transports,Québec,24,27.235
2020,Industrie lourde,Québec,24,17.751
2020,"Fabrication légère, construction et ressources forestières",Québec,24,4.564
2020,Bâtiments,Québec,24,9.147
2020,Déchets et autres,Québec,24,4.295
2020,Agriculture,Québec,24,8.955
2020,Inventaire provincial,Saskatchewan,47,74.758
2020,Exploitation pétrolière et gazière,Saskatchewan,47,27.613
2020,Transports,Saskatchewan,47,8.817
2020,Industrie lourde,Saskatchewan,47,3.645
2020,"Fabrication légère, construction et ressources forestières",Saskatchewan,47,0.739
2020,Bâtiments,Saskatchewan,47,3.931
2020,Déchets et autres,Saskatchewan,47,1.399
2020,Agriculture,Saskatchewan,47,15.989
2020,Inventaire territorial,Yukon,60,0.592
2020,Exploitation pétrolière et gazière,Yukon,60,0.0
2020,Transports,Yukon,60,0.327
2020,Industrie lourde,Yukon,60,0.104
2020,"Fabrication légère, construction et ressources forestières",Yukon,60,0.024
2020,Bâtiments,Yukon,60,0.042
2020,Déchets et autres,Yukon,60,0.034
2020,Agriculture,Yukon,60,0.006
2021,Inventaire provincial,Alberta,48,266.933
2021,Exploitation pétrolière et gazière,Alberta,48,154.311
2021,Transports,Alberta,48,22.885
2021,Industrie lourde,Alberta,48,18.429
2021,"Fabrication légère, construction et ressources forestières",Alberta,48,2.816
2021,Bâtiments,Alberta,48,20.301
2021,Déchets et autres,Alberta,48,4.659
2021,Agriculture,Alberta,48,20.417
2021,Inventaire provincial,Colombie-Britannique,59,58.984
2021,Exploitation pétrolière et gazière,Colombie-Britannique,59,12.53
2021,Transports,Colombie-Britannique,59,20.631
2021,Industrie lourde,Colombie-Britannique,59,5.491
2021,"Fabrication légère, construction et ressources forestières",Colombie-Britannique,59,3.237
2021,Bâtiments,Colombie-Britannique,59,9.008
2021,Déchets et autres,Colombie-Britannique,59,2.126
2021,Agriculture,Colombie-Britannique,59,3.071
2021,Exploitation pétrolière et gazière,Canada,,209.354
2021,Transports,Canada,,146.764
2021,Industrie lourde,Canada,,79.145
2021,"Fabrication légère, construction et ressources forestières",Canada,,22.962
2021,Bâtiments,Canada,,84.817
2021,Déchets et autres,Canada,,23.236
2021,Agriculture,Canada,,69.548
2021,Inventaire provincial,Manitoba,46,20.653
2021,Exploitation pétrolière et gazière,Manitoba,46,0.962
2021,Transports,Manitoba,46,5.838
2021,Industrie lourde,Manitoba,46,1.129
2021,"Fabrication légère, construction et ressources forestières",Manitoba,46,1.049
2021,Bâtiments,Manitoba,46,2.845
2021,Déchets et autres,Manitoba,46,1.446
2021,Agriculture,Manitoba,46,7.325
2021,Inventaire provincial,Nouveau-Brunswick,13,12.028
2021,Exploitation pétrolière et gazière,Nouveau-Brunswick,13,2.9
2021,Transports,Nouveau-Brunswick,13,3.049
2021,Industrie lourde,Nouveau-Brunswick,13,0.636
2021,"Fabrication légère, construction et ressources forestières",Nouveau-Brunswick,13,0.416
2021,Bâtiments,Nouveau-Brunswick,13,0.878
2021,Déchets et autres,Nouveau-Brunswick,13,0.761
2021,Agriculture,Nouveau-Brunswick,13,0.472
2021,Inventaire provincial,Terre-Neuve-et-Labrador,10,8.209
2021,Exploitation pétrolière et gazière,Terre-Neuve-et-Labrador,10,1.357
2021,Transports,Terre-Neuve-et-Labrador,10,3.047
2021,Industrie lourde,Terre-Neuve-et-Labrador,10,1.459
2021,"Fabrication légère, construction et ressources forestières",Terre-Neuve-et-Labrador,10,0.339
2021,Bâtiments,Terre-Neuve-et-Labrador,10,0.686
2021,Déchets et autres,Terre-Neuve-et-Labrador,10,0.583
2021,Agriculture,Terre-Neuve-et-Labrador,10,0.089
2021,Inventaire territorial,Territoires du Nord-Ouest,61,1.282
2021,Exploitation pétrolière et gazière,Territoires du Nord-Ouest,61,0.064
2021,Transports,Territoires du Nord-Ouest,61,0.588
2021,Industrie lourde,Territoires du Nord-Ouest,61,0.373
2021,Bâtiments,Territoires du Nord-Ouest,61,0.13
2021,Déchets et autres,Territoires du Nord-Ouest,61,0.04
2021,Inventaire provincial,Nouvelle-Écosse,12,14.006
2021,Exploitation pétrolière et gazière,Nouvelle-Écosse,12,0.006
2021,Transports,Nouvelle-Écosse,12,4.25
2021,Industrie lourde,Nouvelle-Écosse,12,0.353
2021,"Fabrication légère, construction et ressources forestières",Nouvelle-Écosse,12,0.435
2021,Bâtiments,Nouvelle-Écosse,12,1.885
2021,Déchets et autres,Nouvelle-Écosse,12,0.574
2021,Agriculture,Nouvelle-Écosse,12,0.399
2021,Inventaire territorial,Nunavut,62,0.834
2021,Transports,Nunavut,62,0.359
2021,Industrie lourde,Nunavut,62,0.207
2021,Bâtiments,Nunavut,62,0.069
2021,Déchets et autres,Nunavut,62,0.04
2021,Inventaire provincial,Ontario,35,151.735
2021,Exploitation pétrolière et gazière,Ontario,35,7.437
2021,Transports,Ontario,35,47.142
2021,Industrie lourde,Ontario,35,28.84
2021,"Fabrication légère, construction et ressources forestières",Ontario,35,8.729
2021,Bâtiments,Ontario,35,35.441
2021,Déchets et autres,Ontario,35,7.144
2021,Agriculture,Ontario,35,12.511
2021,Inventaire provincial,Île-du-Prince-Édouard,11,1.602
2021,Exploitation pétrolière et gazière,Île-du-Prince-Édouard,11,0.0
2021,Transports,Île-du-Prince-Édouard,11,0.625
2021,Industrie lourde,Île-du-Prince-Édouard,11,0.013
2021,"Fabrication légère, construction et ressources forestières",Île-du-Prince-Édouard,11,0.182
2021,Bâtiments,Île-du-Prince-Édouard,11,0.29
2021,Déchets et autres,Île-du-Prince-Édouard,11,0.114
2021,Agriculture,Île-du-Prince-Édouard,11,0.376
2021,Inventaire provincial,Québec,24,77.63
2021,Exploitation pétrolière et gazière,Québec,24,2.713
2021,Transports,Québec,24,28.922
2021,Industrie lourde,Québec,24,18.071
2021,"Fabrication légère, construction et ressources forestières",Québec,24,4.984
2021,Bâtiments,Québec,24,9.394
2021,Déchets et autres,Québec,24,4.323
2021,Agriculture,Québec,24,8.9
2021,Inventaire provincial,Saskatchewan,47,76.782
2021,Exploitation pétrolière et gazière,Saskatchewan,47,27.074
2021,Transports,Saskatchewan,47,9.077
2021,Industrie lourde,Saskatchewan,47,4.007
2021,"Fabrication légère, construction et ressources forestières",Saskatchewan,47,0.71
2021,Bâtiments,Saskatchewan,47,3.849
2021,Déchets et autres,Saskatchewan,47,1.39
2021,Agriculture,Saskatchewan,47,15.979
2021,Inventaire territorial,Yukon,60,0.646
2021,Exploitation pétrolière et gazière,Yukon,60,0.0
2021,Transports,Yukon,60,0.35
2021,Industrie lourde,Yukon,60,0.137
2021,"Fabrication légère, construction et ressources forestières",Yukon,60,0.03
2021,Bâtiments,Yukon,60,0.04
2021,Déchets et autres,Yukon,60,0.035
2021,Agriculture,Yukon,60,0.009
2022,Inventaire provincial,Alberta,48,262.05
2022,Exploitation pétrolière et gazière,Alberta,48,151.082
2022,Transports,Alberta,48,23.053
2022,Industrie lourde,Alberta,48,18.115
2022,"Fabrication légère, construction et ressources forestières",Alberta,48,3.004
2022,Bâtiments,Alberta,48,21.256
2022,Déchets et autres,Alberta,48,4.708
2022,Agriculture,Alberta,48,20.859
2022,Inventaire provincial,Colombie-Britannique,59,60.144
2022,Exploitation pétrolière et gazière,Colombie-Britannique,59,12.953
2022,Transports,Colombie-Britannique,59,21.479
2022,Industrie lourde,Colombie-Britannique,59,5.259
2022,"Fabrication légère, construction et ressources forestières",Colombie-Britannique,59,3.197
2022,Bâtiments,Colombie-Britannique,59,9.383
2022,Déchets et autres,Colombie-Britannique,59,2.197
2022,Agriculture,Colombie-Britannique,59,3.058
2022,Exploitation pétrolière et gazière,Canada,,206.031
2022,Transports,Canada,,153.153
2022,Industrie lourde,Canada,,79.811
2022,"Fabrication légère, construction et ressources forestières",Canada,,23.536
2022,Bâtiments,Canada,,88.291
2022,Déchets et autres,Canada,,23.13
2022,Agriculture,Canada,,69.883
2022,Inventaire provincial,Manitoba,46,21.525
2022,Exploitation pétrolière et gazière,Manitoba,46,0.987
2022,Transports,Manitoba,46,6.107
2022,Industrie lourde,Manitoba,46,1.266
2022,"Fabrication légère, construction et ressources forestières",Manitoba,46,1.124
2022,Bâtiments,Manitoba,46,3.197
2022,Déchets et autres,Manitoba,46,1.451
2022,Agriculture,Manitoba,46,7.343
2022,Inventaire provincial,Nouveau-Brunswick,13,12.568
2022,Exploitation pétrolière et gazière,Nouveau-Brunswick,13,2.725
2022,Transports,Nouveau-Brunswick,13,3.038
2022,Industrie lourde,Nouveau-Brunswick,13,0.736
2022,"Fabrication légère, construction et ressources forestières",Nouveau-Brunswick,13,0.429
2022,Bâtiments,Nouveau-Brunswick,13,0.943
2022,Déchets et autres,Nouveau-Brunswick,13,0.739
2022,Agriculture,Nouveau-Brunswick,13,0.467
2022,Inventaire provincial,Terre-Neuve-et-Labrador,10,8.291
2022,Exploitation pétrolière et gazière,Terre-Neuve-et-Labrador,10,1.266
2022,Transports,Terre-Neuve-et-Labrador,10,3.191
2022,Industrie lourde,Terre-Neuve-et-Labrador,10,1.447
2022,"Fabrication légère, construction et ressources forestières",Terre-Neuve-et-Labrador,10,0.331
2022,Bâtiments,Terre-Neuve-et-Labrador,10,0.687
2022,Déchets et autres,Terre-Neuve-et-Labrador,10,0.589
2022,Agriculture,Terre-Neuve-et-Labrador,10,0.092
2022,Inventaire territorial,Territoires du Nord-Ouest,61,1.352
2022,Exploitation pétrolière et gazière,Territoires du Nord-Ouest,61,0.071
2022,Transports,Territoires du Nord-Ouest,61,0.613
2022,Industrie lourde,Territoires du Nord-Ouest,61,0.388
2022,Bâtiments,Territoires du Nord-Ouest,61,0.14
2022,Déchets et autres,Territoires du Nord-Ouest,61,0.041
2022,Inventaire provincial,Nouvelle-Écosse,12,14.132
2022,Exploitation pétrolière et gazière,Nouvelle-Écosse,12,0.005
2022,Transports,Nouvelle-Écosse,12,4.556
2022,Industrie lourde,Nouvelle-Écosse,12,0.362
2022,"Fabrication légère, construction et ressources forestières",Nouvelle-Écosse,12,0.411
2022,Bâtiments,Nouvelle-Écosse,12,1.968
2022,Déchets et autres,Nouvelle-Écosse,12,0.582
2022,Agriculture,Nouvelle-Écosse,12,0.399
2022,Inventaire territorial,Nunavut,62,0.841
2022,Transports,Nunavut,62,0.365
2022,Industrie lourde,Nunavut,62,0.208
2022,Bâtiments,Nunavut,62,0.072
2022,Déchets et autres,Nunavut,62,0.041
2022,Inventaire provincial,Ontario,35,158.146
2022,Exploitation pétrolière et gazière,Ontario,35,7.758
2022,Transports,Ontario,35,50.388
2022,Industrie lourde,Ontario,35,29.011
2022,"Fabrication légère, construction et ressources forestières",Ontario,35,9.414
2022,Bâtiments,Ontario,35,36.557
2022,Déchets et autres,Ontario,35,7.059
2022,Agriculture,Ontario,35,12.512
2022,Inventaire provincial,Île-du-Prince-Édouard,11,1.588
2022,Exploitation pétrolière et gazière,Île-du-Prince-Édouard,11,0.0
2022,Transports,Île-du-Prince-Édouard,11,0.661
2022,Industrie lourde,Île-du-Prince-Édouard,11,0.012
2022,"Fabrication légère, construction et ressources forestières",Île-du-Prince-Édouard,11,0.164
2022,Bâtiments,Île-du-Prince-Édouard,11,0.294
2022,Déchets et autres,Île-du-Prince-Édouard,11,0.076
2022,Agriculture,Île-du-Prince-Édouard,11,0.378
2022,Inventaire provincial,Québec,24,79.196
2022,Exploitation pétrolière et gazière,Québec,24,2.875
2022,Transports,Québec,24,30.492
2022,Industrie lourde,Québec,24,18.208
2022,"Fabrication légère, construction et ressources forestières",Québec,24,4.666
2022,Bâtiments,Québec,24,9.589
2022,Déchets et autres,Québec,24,4.238
2022,Agriculture,Québec,24,8.845
2022,Inventaire provincial,Saskatchewan,47,75.361
2022,Exploitation pétrolière et gazière,Saskatchewan,47,26.309
2022,Transports,Saskatchewan,47,8.836
2022,Industrie lourde,Saskatchewan,47,4.662
2022,"Fabrication légère, construction et ressources forestières",Saskatchewan,47,0.725
2022,Bâtiments,Saskatchewan,47,4.168
2022,Déchets et autres,Saskatchewan,47,1.373
2022,Agriculture,Saskatchewan,47,15.919
2022,Inventaire territorial,Yukon,60,0.66
2022,Exploitation pétrolière et gazière,Yukon,60,0.0
2022,Transports,Yukon,60,0.374
2022,Industrie lourde,Yukon,60,0.137
2022,"Fabrication légère, construction et ressources forestières",Yukon,60,0.028
2022,Bâtiments,Yukon,60,0.037
2022,Déchets et autres,Yukon,60,0.036
2022,Agriculture,Yukon,60,0.009
2023,Inventaire provincial,Alberta,48,260.081
2023,Exploitation pétrolière et gazière,Alberta,48,150.58
2023,Transports,Alberta,48,23.055
2023,Industrie lourde,Alberta,48,17.855
2023,"Fabrication légère, construction et ressources forestières",Alberta,48,2.854
2023,Bâtiments,Alberta,48,20.179
2023,Déchets et autres,Alberta,48,4.74
2023,Agriculture,Alberta,48,19.518
2023,Inventaire provincial,Colombie-Britannique,59,57.607
2023,Exploitation pétrolière et gazière,Colombie-Britannique,59,12.23
2023,Transports,Colombie-Britannique,59,20.491
2023,Industrie lourde,Colombie-Britannique,59,5.367
2023,"Fabrication légère, construction et ressources forestières",Colombie-Britannique,59,3.145
2023,Bâtiments,Colombie-Britannique,59,8.601
2023,Déchets et autres,Colombie-Britannique,59,2.234
2023,Agriculture,Colombie-Britannique,59,2.95
2023,Exploitation pétrolière et gazière,Canada,,203.942
2023,Transports,Canada,,152.368
2023,Industrie lourde,Canada,,79.182
2023,"Fabrication légère, construction et ressources forestières",Canada,,22.708
2023,Bâtiments,Canada,,82.745
2023,Déchets et autres,Canada,,22.997
2023,Agriculture,Canada,,69.078
2023,Inventaire provincial,Manitoba,46,20.924
2023,Exploitation pétrolière et gazière,Manitoba,46,0.862
2023,Transports,Manitoba,46,6.293
2023,Industrie lourde,Manitoba,46,1.184
2023,"Fabrication légère, construction et ressources forestières",Manitoba,46,1.107
2023,Bâtiments,Manitoba,46,2.824
2023,Déchets et autres,Manitoba,46,1.457
2023,Agriculture,Manitoba,46,7.12
2023,Inventaire provincial,Nouveau-Brunswick,13,11.453
2023,Exploitation pétrolière et gazière,Nouveau-Brunswick,13,2.808
2023,Transports,Nouveau-Brunswick,13,2.927
2023,Industrie lourde,Nouveau-Brunswick,13,0.593
2023,"Fabrication légère, construction et ressources forestières",Nouveau-Brunswick,13,0.356
2023,Bâtiments,Nouveau-Brunswick,13,0.931
2023,Déchets et autres,Nouveau-Brunswick,13,0.727
2023,Agriculture,Nouveau-Brunswick,13,0.448
2023,Inventaire provincial,Terre-Neuve-et-Labrador,10,8.093
2023,Exploitation pétrolière et gazière,Terre-Neuve-et-Labrador,10,1.257
2023,Transports,Terre-Neuve-et-Labrador,10,3.195
2023,Industrie lourde,Terre-Neuve-et-Labrador,10,1.332
2023,"Fabrication légère, construction et ressources forestières",Terre-Neuve-et-Labrador,10,0.33
2023,Bâtiments,Terre-Neuve-et-Labrador,10,0.664
2023,Déchets et autres,Terre-Neuve-et-Labrador,10,0.534
2023,Agriculture,Terre-Neuve-et-Labrador,10,0.1
2023,Inventaire territorial,Territoires du Nord-Ouest,61,1.358
2023,Exploitation pétrolière et gazière,Territoires du Nord-Ouest,61,0.068
2023,Transports,Territoires du Nord-Ouest,61,0.604
2023,Industrie lourde,Territoires du Nord-Ouest,61,0.345
2023,Bâtiments,Territoires du Nord-Ouest,61,0.124
2023,Déchets et autres,Territoires du Nord-Ouest,61,0.042
2023,Inventaire provincial,Nouvelle-Écosse,12,13.41
2023,Exploitation pétrolière et gazière,Nouvelle-Écosse,12,0.005
2023,Transports,Nouvelle-Écosse,12,4.54
2023,Industrie lourde,Nouvelle-Écosse,12,0.417
2023,"Fabrication légère, construction et ressources forestières",Nouvelle-Écosse,12,0.379
2023,Bâtiments,Nouvelle-Écosse,12,1.772
2023,Déchets et autres,Nouvelle-Écosse,12,0.584
2023,Agriculture,Nouvelle-Écosse,12,0.395
2023,Inventaire territorial,Nunavut,62,0.878
2023,Transports,Nunavut,62,0.39
2023,Industrie lourde,Nunavut,62,0.218
2023,Bâtiments,Nunavut,62,0.071
2023,Déchets et autres,Nunavut,62,0.043
2023,Inventaire provincial,Ontario,35,159.775
2023,Exploitation pétrolière et gazière,Ontario,35,8.018
2023,Transports,Ontario,35,51.082
2023,Industrie lourde,Ontario,35,29.785
2023,"Fabrication légère, construction et ressources forestières",Ontario,35,9.17
2023,Bâtiments,Ontario,35,34.901
2023,Déchets et autres,Ontario,35,6.82
2023,Agriculture,Ontario,35,13.205
2023,Inventaire provincial,Île-du-Prince-Édouard,11,1.54
2023,Exploitation pétrolière et gazière,Île-du-Prince-Édouard,11,0.0
2023,Transports,Île-du-Prince-Édouard,11,0.672
2023,Industrie lourde,Île-du-Prince-Édouard,11,0.012
2023,"Fabrication légère, construction et ressources forestières",Île-du-Prince-Édouard,11,0.161
2023,Bâtiments,Île-du-Prince-Édouard,11,0.274
2023,Déchets et autres,Île-du-Prince-Édouard,11,0.075
2023,Agriculture,Île-du-Prince-Édouard,11,0.342
2023,Inventaire provincial,Québec,24,77.677
2023,Exploitation pétrolière et gazière,Québec,24,2.792
2023,Transports,Québec,24,30.052
2023,Industrie lourde,Québec,24,18.236
2023,"Fabrication légère, construction et ressources forestières",Québec,24,4.34
2023,Bâtiments,Québec,24,8.693
2023,Déchets et autres,Québec,24,4.325
2023,Agriculture,Québec,24,8.935
2023,Inventaire provincial,Saskatchewan,47,73.412
2023,Exploitation pétrolière et gazière,Saskatchewan,47,25.323
2023,Transports,Saskatchewan,47,8.678
2023,Industrie lourde,Saskatchewan,47,3.701
2023,"Fabrication légère, construction et ressources forestières",Saskatchewan,47,0.782
2023,Bâtiments,Saskatchewan,47,3.675
2023,Déchets et autres,Saskatchewan,47,1.379
2023,Agriculture,Saskatchewan,47,16.057
2023,Inventaire territorial,Yukon,60,0.673
2023,Exploitation pétrolière et gazière,Yukon,60,0.0
2023,Transports,Yukon,60,0.388
2023,Industrie lourde,Yukon,60,0.137
2023,"Fabrication légère, construction et ressources forestières",Yukon,60,0.028
2023,Bâtiments,Yukon,60,0.036
2023,Déchets et autres,Yukon,60,0.037
2023,Agriculture,Yukon,60,0.009
2024,Inventaire provincial,Alberta,48,260.144
2024,Exploitation pétrolière et gazière,Alberta,48,153.638
2024,Transports,Alberta,48,23.357
2024,Industrie lourde,Alberta,48,17.059
2024,"Fabrication légère, construction et ressources forestières",Alberta,48,2.947
2024,Bâtiments,Alberta,48,20.272
2024,Déchets et autres,Alberta,48,4.888
2024,Agriculture,Alberta,48,20.249
2024,Inventaire provincial,Colombie-Britannique,59,56.604
2024,Exploitation pétrolière et gazière,Colombie-Britannique,59,12.465
2024,Transports,Colombie-Britannique,59,19.574
2024,Industrie lourde,Colombie-Britannique,59,5.032
2024,"Fabrication légère, construction et ressources forestières",Colombie-Britannique,59,2.81
2024,Bâtiments,Colombie-Britannique,59,8.789
2024,Déchets et autres,Colombie-Britannique,59,2.282
2024,Agriculture,Colombie-Britannique,59,2.982
2024,Exploitation pétrolière et gazière,Canada,,207.61
2024,Transports,Canada,,151.371
2024,Industrie lourde,Canada,,77.496
2024,"Fabrication légère, construction et ressources forestières",Canada,,22.058
2024,Bâtiments,Canada,,81.424
2024,Déchets et autres,Canada,,22.573
2024,Agriculture,Canada,,69.75
2024,Inventaire provincial,Manitoba,46,21.401
2024,Exploitation pétrolière et gazière,Manitoba,46,0.987
2024,Transports,Manitoba,46,6.37
2024,Industrie lourde,Manitoba,46,1.191
2024,"Fabrication légère, construction et ressources forestières",Manitoba,46,1.081
2024,Bâtiments,Manitoba,46,2.732
2024,Déchets et autres,Manitoba,46,1.469
2024,Agriculture,Manitoba,46,7.486
2024,Inventaire provincial,Nouveau-Brunswick,13,12.758
2024,Exploitation pétrolière et gazière,Nouveau-Brunswick,13,3.138
2024,Transports,Nouveau-Brunswick,13,2.937
2024,Industrie lourde,Nouveau-Brunswick,13,0.542
2024,"Fabrication légère, construction et ressources forestières",Nouveau-Brunswick,13,0.329
2024,Bâtiments,Nouveau-Brunswick,13,0.942
2024,Déchets et autres,Nouveau-Brunswick,13,0.776
2024,Agriculture,Nouveau-Brunswick,13,0.424
2024,Inventaire provincial,Terre-Neuve-et-Labrador,10,8.62
2024,Exploitation pétrolière et gazière,Terre-Neuve-et-Labrador,10,1.573
2024,Transports,Terre-Neuve-et-Labrador,10,3.198
2024,Industrie lourde,Terre-Neuve-et-Labrador,10,1.478
2024,"Fabrication légère, construction et ressources forestières",Terre-Neuve-et-Labrador,10,0.34
2024,Bâtiments,Terre-Neuve-et-Labrador,10,0.724
2024,Déchets et autres,Terre-Neuve-et-Labrador,10,0.536
2024,Agriculture,Terre-Neuve-et-Labrador,10,0.101
2024,Inventaire territorial,Territoires du Nord-Ouest,61,1.347
2024,Exploitation pétrolière et gazière,Territoires du Nord-Ouest,61,0.063
2024,Transports,Territoires du Nord-Ouest,61,0.586
2024,Industrie lourde,Territoires du Nord-Ouest,61,0.35
2024,Bâtiments,Territoires du Nord-Ouest,61,0.123
2024,Déchets et autres,Territoires du Nord-Ouest,61,0.043
2024,Inventaire provincial,Nouvelle-Écosse,12,13.688
2024,Exploitation pétrolière et gazière,Nouvelle-Écosse,12,0.004
2024,Transports,Nouvelle-Écosse,12,4.534
2024,Industrie lourde,Nouvelle-Écosse,12,0.436
2024,"Fabrication légère, construction et ressources forestières",Nouvelle-Écosse,12,0.414
2024,Bâtiments,Nouvelle-Écosse,12,1.698
2024,Déchets et autres,Nouvelle-Écosse,12,0.607
2024,Agriculture,Nouvelle-Écosse,12,0.402
2024,Inventaire territorial,Nunavut,62,0.925
2024,Transports,Nunavut,62,0.396
2024,Industrie lourde,Nunavut,62,0.261
2024,Bâtiments,Nunavut,62,0.071
2024,Déchets et autres,Nunavut,62,0.044
2024,Inventaire provincial,Ontario,35,157.808
2024,Exploitation pétrolière et gazière,Ontario,35,8.132
2024,Transports,Ontario,35,49.822
2024,Industrie lourde,Ontario,35,29.355
2024,"Fabrication légère, construction et ressources forestières",Ontario,35,9.052
2024,Bâtiments,Ontario,35,33.094
2024,Déchets et autres,Ontario,35,6.592
2024,Agriculture,Ontario,35,12.979
2024,Inventaire provincial,Île-du-Prince-Édouard,11,1.493
2024,Exploitation pétrolière et gazière,Île-du-Prince-Édouard,11,0.0
2024,Transports,Île-du-Prince-Édouard,11,0.683
2024,Industrie lourde,Île-du-Prince-Édouard,11,0.011
2024,"Fabrication légère, construction et ressources forestières",Île-du-Prince-Édouard,11,0.155
2024,Bâtiments,Île-du-Prince-Édouard,11,0.245
2024,Déchets et autres,Île-du-Prince-Édouard,11,0.072
2024,Agriculture,Île-du-Prince-Édouard,11,0.324
2024,Inventaire provincial,Québec,24,77.533
2024,Exploitation pétrolière et gazière,Québec,24,2.873
2024,Transports,Québec,24,30.685
2024,Industrie lourde,Québec,24,17.908
2024,"Fabrication légère, construction et ressources forestières",Québec,24,4.074
2024,Bâtiments,Québec,24,8.877
2024,Déchets et autres,Québec,24,3.88
2024,Agriculture,Québec,24,8.842
2024,Inventaire provincial,Saskatchewan,47,71.661
2024,Exploitation pétrolière et gazière,Saskatchewan,47,24.739
2024,Transports,Saskatchewan,47,8.833
2024,Industrie lourde,Saskatchewan,47,3.735
2024,"Fabrication légère, construction et ressources forestières",Saskatchewan,47,0.782
2024,Bâtiments,Saskatchewan,47,3.816
2024,Déchets et autres,Saskatchewan,47,1.346
2024,Agriculture,Saskatchewan,47,15.952
2024,Inventaire territorial,Yukon,60,0.723
2024,Exploitation pétrolière et gazière,Yukon,60,0.0
2024,Transports,Yukon,60,0.397
2024,Industrie lourde,Yukon,60,0.139
2024,"Fabrication légère, construction et ressources forestières",Yukon,60,0.028
2024,Bâtiments,Yukon,60,0.043
2024,Déchets et autres,Yukon,60,0.038
2024,Agriculture,Yukon,60,0.009
