{"data":{"Year":[2010,2011,2012,2013,2014,2015,2016,2017,2018,2019,2020,2021,2022],"Value":[0.074143671,0.068439567,0.068618655,0.072378451,0.074833437,0.081866248,0.08438019,0.076893949,0.075092376,0.075228745,0.049880629,0.041544252,0.040275638]},"edges":[]}