{"data":{"Year":[2015,2016,2017,2018,2019,2020,2021,2022,2023],"Value":[5.63975382,5.45734426,5.43664024,5.42246828,5.33540517,5.09594871,4.9337228,4.8676288,4.74989313]},"edges":[]}