{"data":{"Year":[2015,2015,2016,2016,2017,2017,2018,2018,2019,2019,2020,2020,2021,2021,2022,2022],"Flow type":["Commitments","Disbursements","Commitments","Disbursements","Commitments","Disbursements","Commitments","Disbursements","Commitments","Disbursements","Commitments","Disbursements","Commitments","Disbursements","Commitments","Disbursements"],"Value":[871.391441,418.732901,668.962271,474.170973,223.79897,556.448246,681.942372,684.573792,547.949707,437.344613,503.674191,688.27523,623.432753,825.036913,1194.635813,701.483505]},"edges":[]}