"Year","Value"
2015,7.606877
2016,4.978778
2017,6.891287
2018,9.379156
2019,6.559179
2020,3.087176
2021,5.477154
2022,2.896426
2023,3.251522
