Year,Value
2015,0.924253297
2016,0.972008293
2017,1.015184673
2018,0.957580015
2019,1.451413726
2020,1.454167252
2021,1.451364994
2022,1.533287990
2023,1.422032077