"Year","Value"
"2015",5.66497784
"2016",5.5043526
"2017",5.46364056
"2018",5.45533651
"2019",5.35644891
"2020",5.12279037
"2021",4.94962039
"2022",4.90134644
