"Year","Value"
"2015",5.68299117
"2016",5.49269257
"2017",5.43992103
"2018",5.44079272
"2019",5.32628425
"2020",5.09259926
"2021",4.95257607
