Year,Value
2010,0.0741436713060295
2011,0.0684395668583124
2012,0.0686186551035798
2013,0.0723784507605154
2014,0.0748334365365903
2015,0.0818662480322062
2016,0.0843801895863589
2017,0.0768939488154854
2018,0.0750910157999639
2019,0.0752287448471604
2020,0.049637012939377
2021,0.0414203845184042
2022,0.0399650068402035
2023,0.0395428107285361