"Year","Value"
2015,9.115909
2016,16.413703
2017,13.518561
2018,14.917754
2019,18.594028
2020,9.182511
2021,8.137728
2022,11.186682
2023,5.944217
