"Year","Value"
"2015",0.586007
"2016",2.26896
"2017",141.586469
"2018",183.366903
"2019",89.72143
"2020",219.83146
"2021",291.63965
"2022",292.85976
"2023",292.408526
