"Year","Value"
2015,0.571472
2016,1.837368
2017,0.031489
2018,0.652555
2019,1.969301
2020,4.048177
2021,5.914369
2022,6.113084
2023,35.680816
