Year,Value
2015,0.081866248
2016,0.08438019
2017,0.076893949
2018,0.075091016
2019,0.075302597
2020,0.049946563
2021,0.041819016
