{"Year":[2015,2015,2015,2015,2015,2015,2015,2015,2015,2015,2015,2015,2015,2015,2015,2016,2016,2016,2016,2016,2016,2016,2016,2016,2016,2016,2016,2016,2016,2016,2017,2017,2017,2017,2017,2017,2017,2017,2017,2017,2017,2017,2017,2017,2018,2018,2018,2018,2018,2018,2018,2018,2018,2018,2018,2018,2018,2018,2019,2019,2019,2019,2019,2019,2019,2019,2019,2019,2019,2019,2019,2019],"Geography":["Canada","Newfoundland and Labrador","Prince Edward Island","Nova Scotia","New Brunswick","Quebec","Ontario","Manitoba","Saskatchewan","Alberta","British Columbia","Yukon","Northwest Territories","Nunavut","Unknown province or territory of residence","Canada","Newfoundland and Labrador","Prince Edward Island","Nova Scotia","New Brunswick","Quebec","Ontario","Manitoba","Saskatchewan","Alberta","British Columbia","Yukon","Northwest Territories","Nunavut","Unknown province or territory of residence","Canada","Newfoundland and Labrador","Prince Edward Island","Nova Scotia","New Brunswick","Quebec","Ontario","Manitoba","Saskatchewan","Alberta","British Columbia","Northwest Territories","Nunavut","Unknown province or territory of residence","Canada","Newfoundland and Labrador","Prince Edward Island","Nova Scotia","New Brunswick","Quebec","Ontario","Manitoba","Saskatchewan","Alberta","British Columbia","Northwest Territories","Nunavut","Unknown province or territory of residence","Canada","Newfoundland and Labrador","Prince Edward Island","Nova Scotia","New Brunswick","Quebec","Ontario","Manitoba","Saskatchewan","Alberta","British Columbia","Northwest Territories","Nunavut","Unknown province or territory of residence"],"Value":[5.2950016335,4.9085229808,3.0326004549,4.4610561852,4.8200030125,5.6240333693,5.0287916026,7.4709624701,6.5831934943,5.5513455404,3.9656609811,9.6153846154,5.3191489362,27.4599542334,null,5.28930793,4.7011417058,7.2780203785,5.6959772161,5.6877712917,5.0032450292,5.319711115,6.6099551673,7.1260418655,5.2596621609,4.0972772932,7.1942446043,7.0821529745,39.5604395604,null,5.1576826437,4.8768593026,3.0511060259,4.4263667903,3.2095369097,4.4408313819,5.3032325134,8.1714285714,7.3689606562,5.7131121525,3.7522614075,4.2075736325,22.7790432802,null,5.3577771902,5.7185479861,5.4559625877,4.2304342416,3.7558685446,4.5621655726,5.2078201754,7.5256556442,6.7501784903,6.3431410011,4.61883203,8.1632653061,63.4146341463,null,5.0661798266,5.0438014335,3.8402457757,5.9960841899,4.5907867659,4.6627367607,5.0943117042,6.6375545852,7.1608811294,5.1852568443,3.9152833429,1.5948963317,44.7368421053,null]}