{"Year":[2015,2016,2017,2018,2019,2020,2021,2022,2023,2015,2015,2016,2016,2017,2017,2018,2018,2019,2019,2020,2020,2021,2021,2022,2022,2023,2023],"Assistance type":[null,null,null,null,null,null,null,null,null,"Medical research","Basic health","Medical research","Basic health","Medical research","Basic health","Medical research","Basic health","Medical research","Basic health","Medical research","Basic health","Medical research","Basic health","Basic health","Medical research","Medical research","Basic health"],"Value":[386.196408,416.350733,392.869885,354.693852,271.841027,357.764228,1227.49141,946.58531,446.655505,39.343608,346.8528,30.825096,385.525637,6.902483,385.967402,9.37229,345.321562,7.75346,264.087567,7.475785,350.288443,5.264689,1222.226721,942.605397,3.979913,4.044325,442.61118]}