Year,Value
2015,9.268409
2016,16.682143
2017,13.74045
2018,15.167648
2019,18.901755
2020,9.376699
2021,8.272352
2022,11.420495
2023,6.086057
