{"Year":[2015,2016,2017,2018,2019,2020,2021],"Value":[0.081866248,0.08438019,0.076893949,0.075091016,0.075302597,0.049946563,0.041819016]}