{"Year":[2010,2011,2012,2013,2014,2015,2016,2017,2018,2019,2020,2021,2022,2023],"Value":[0.0741436713,0.0684395669,0.0686186551,0.0723784508,0.0748334365,0.081866248,0.0843801896,0.0768939488,0.0750910158,0.0752287448,0.0496370129,0.0414203845,0.0399650068,0.0395428107]}