{"Year":[2015,2016,2017,2018,2019],"Value":[7.0608171719,6.2646501454,6.6258865436,8.5550288866,7.5261129239]}