{"Year":[2015,2016,2017,2018,2019,2020,2021,2022,2023],"Value":[9.115909,16.413703,13.518561,14.917754,18.594028,9.182511,8.137728,11.186682,5.944217]}