{"Year":[2015,2015,2016,2016,2017,2017,2018,2018,2019,2019,2020,2020,2021,2021,2022,2022,2023,2023,2015,2016,2017,2018,2019,2020,2021,2022,2023],"Sector":["Agricultural water resources","Water supply and sanitation","Agricultural water resources","Water supply and sanitation","Agricultural water resources","Water supply and sanitation","Agricultural water resources","Water supply and sanitation","Agricultural water resources","Water supply and sanitation","Agricultural water resources","Water supply and sanitation","Agricultural water resources","Water supply and sanitation","Water supply and sanitation","Agricultural water resources","Agricultural water resources","Water supply and sanitation",null,null,null,null,null,null,null,null,null],"Value":[8.320422,77.245199,11.035468,39.94368,9.725483,47.926344,11.120941,48.217713,14.077792,32.721419,17.009341,28.545782,20.872512,48.158295,35.151583,6.862487,9.47455,23.263984,85.565621,50.979148,57.651827,59.338654,46.799211,45.555123,69.030807,42.01407,32.738534]}