Year,Value
2015,5.63975382
2016,5.45734426
2017,5.43664024
2018,5.42246828
2019,5.33540517
2020,5.09594871
2021,4.9337228
2022,4.8676288
2023,4.74989313
